wallet_id,member_id,country,onboarding_method,marketing_channel,status,created_at
w_000001,mem_000001,AT,card,organic,active,2025-06-03 16:48:46
w_000002,mem_000002,CH,sdd,search,active,2025-09-03 22:04:54
w_000003,mem_000003,AT,sdd,organic,active,2025-11-15 01:09:15
w_000004,mem_000004,AT,card,paid_social,active,2025-03-01 08:50:58
w_000005,mem_000005,DE,card,referral,active,2025-10-20 23:56:41
w_000006,mem_000006,AT,sdd,paid_social,churned,2025-08-31 12:57:53
w_000007,mem_000007,AT,sdd,organic,active,2025-09-03 04:56:09
w_000008,,AT,card,,active,2025-06-25 12:08:33
w_000009,mem_000009,DE,card,search,active,2025-02-05 01:37:27
w_000010,,DE,sdd,referral,churned,2025-12-14 22:10:36
w_000011,mem_000011,AT,card,paid_social,active,2025-07-14 17:04:55
w_000012,mem_000012,AT,card,,active,2025-10-05 09:54:12
w_000013,mem_000013,AT,sdd,paid_social,active,2025-07-23 12:40:22
w_000014,mem_000014,DE,sdd,organic,active,2025-05-12 09:48:37
w_000015,mem_000015,DE,card,partner,active,2025-08-05 16:35:38
w_000016,mem_000016,DE,card,organic,active,2025-12-06 03:33:23
w_000017,mem_000017,DE,card,organic,active,2025-09-12 18:52:23
w_000018,mem_000018,AT,card,partner,active,2025-05-27 06:54:20
w_000019,mem_000019,DE,sdd,organic,active,2025-09-24 04:31:32
w_000020,mem_000020,CH,sdd,organic,active,2025-04-30 22:50:25
w_000021,mem_000021,IT,sdd,paid_social,active,2025-02-23 10:12:07
w_000022,mem_000022,AT,card,organic,active,2025-10-14 20:39:39
w_000023,mem_000023,DE,card,partner,active,2025-05-27 07:17:01
w_000024,mem_000024,DE,sdd,paid_social,active,2025-10-08 01:54:45
w_000025,mem_000025,AT,sdd,,active,2025-04-21 15:43:14
w_000026,mem_000026,AT,card,,active,2025-11-01 14:51:37
w_000027,mem_000027,DE,sdd,organic,active,2025-06-29 07:10:09
w_000028,mem_000028,AT,card,search,active,2025-03-19 13:19:03
w_000029,mem_000029,DE,sdd,organic,active,2025-08-04 08:41:39
w_000030,mem_000030,AT,sdd,partner,churned,2025-03-04 06:13:09
w_000031,mem_000031,CH,sdd,paid_social,blocked,2025-03-28 05:32:39
w_000032,mem_000032,AT,sdd,partner,churned,2025-05-26 05:34:25
w_000033,mem_000033,AT,sdd,partner,active,2025-11-22 21:41:23
w_000034,mem_000034,DE,sdd,organic,active,2025-07-03 11:35:56
w_000035,,AT,card,referral,active,2025-01-31 18:26:15
w_000036,mem_000036,AT,sdd,paid_social,active,2025-06-14 09:01:13
w_000037,mem_000037,IT,sdd,paid_social,active,2025-11-05 07:40:33
w_000038,mem_000038,AT,sdd,referral,active,2025-09-03 10:14:49
w_000039,mem_000039,DE,sdd,paid_social,active,2025-04-04 10:13:16
w_000040,mem_000040,DE,sdd,search,active,2025-07-24 07:13:45
w_000041,mem_000041,AT,sdd,search,churned,2025-01-17 21:46:12
w_000042,mem_000042,AT,card,search,active,2025-05-14 21:47:31
w_000043,,IT,sdd,search,active,2025-02-21 19:28:03
w_000044,mem_000044,AT,sdd,referral,active,2025-06-30 10:35:57
w_000045,,IT,card,organic,active,2025-06-27 17:52:58
w_000046,mem_000046,DE,sdd,search,churned,2025-05-01 10:07:00
w_000047,mem_000047,AT,card,organic,blocked,2025-03-16 05:12:47
w_000048,mem_000048,DE,card,paid_social,blocked,2025-11-07 10:24:40
w_000049,mem_000049,CH,sdd,search,active,2025-03-14 13:15:45
w_000050,mem_000050,SI,sdd,organic,active,2025-10-10 08:53:20
w_000051,mem_000051,AT,card,paid_social,active,2025-02-09 20:16:54
w_000052,mem_000052,DE,card,referral,active,2025-09-25 21:04:26
w_000053,mem_000053,CH,sdd,referral,churned,2025-06-18 21:56:21
w_000054,mem_000054,AT,sdd,search,active,2025-05-22 02:18:18
w_000055,mem_000055,AT,card,paid_social,active,2025-09-21 08:14:46
w_000056,mem_000056,AT,sdd,paid_social,active,2025-05-29 16:27:41
w_000057,mem_000057,DE,sdd,referral,active,2025-06-22 09:48:50
w_000058,mem_000058,AT,sdd,partner,active,2025-04-07 22:32:57
w_000059,mem_000059,DE,card,organic,active,2025-02-15 17:36:43
w_000060,mem_000060,AT,sdd,organic,active,2025-12-22 22:12:09
w_000061,mem_000061,DE,card,organic,active,2025-10-05 01:05:21
w_000062,mem_000062,AT,sdd,organic,active,2025-05-15 22:14:18
w_000063,mem_000063,IT,sdd,organic,active,2025-10-03 13:36:49
w_000064,mem_000064,DE,sdd,paid_social,active,2025-03-20 01:16:22
w_000065,mem_000065,DE,sdd,organic,active,2025-07-01 12:32:17
w_000066,mem_000066,DE,card,organic,active,2025-10-06 10:18:19
w_000067,mem_000067,DE,sdd,search,active,2025-05-04 02:54:43
w_000068,mem_000068,DE,sdd,paid_social,active,2025-10-31 00:34:39
w_000069,,AT,sdd,organic,active,2025-12-04 04:19:08
w_000070,mem_000070,DE,sdd,organic,churned,2025-10-03 11:27:16
w_000071,mem_000071,AT,sdd,paid_social,active,2025-03-18 05:39:59
w_000072,mem_000072,DE,sdd,referral,active,2025-07-15 04:19:16
w_000073,mem_000073,DE,card,organic,active,2025-12-17 07:15:27
w_000074,mem_000074,AT,sdd,paid_social,active,2025-01-18 15:44:04
w_000075,mem_000075,DE,sdd,partner,active,2025-08-29 01:11:17
w_000076,mem_000076,DE,sdd,referral,active,2025-07-07 13:22:19
w_000077,mem_000077,AT,card,organic,active,2025-03-03 09:24:59
w_000078,mem_000078,AT,sdd,search,churned,2025-10-06 23:37:38
w_000079,mem_000079,DE,sdd,organic,active,2025-07-19 23:57:45
w_000080,,IT,sdd,,churned,2025-02-07 14:21:00
w_000081,mem_000081,DE,sdd,search,active,2025-12-17 10:08:47
w_000082,mem_000082,IT,sdd,organic,active,2025-07-13 12:10:17
w_000083,mem_000083,AT,sdd,organic,churned,2025-06-02 17:16:58
w_000084,mem_000084,DE,sdd,organic,active,2025-07-12 04:44:53
w_000085,mem_000085,DE,card,paid_social,blocked,2025-02-11 17:56:43
w_000086,,AT,sdd,paid_social,active,2025-06-05 13:41:28
w_000087,mem_000087,SI,card,organic,active,2025-06-24 21:36:25
w_000088,mem_000088,AT,card,search,active,2025-02-07 13:08:12
w_000089,mem_000089,AT,sdd,referral,active,2025-03-19 07:21:14
w_000090,mem_000090,DE,sdd,organic,active,2025-11-09 05:30:17
w_000091,mem_000091,DE,card,referral,active,2025-08-27 02:12:32
w_000092,mem_000092,DE,sdd,search,active,2025-07-17 00:31:06
w_000093,mem_000093,DE,sdd,partner,active,2025-05-24 01:20:37
w_000094,mem_000094,DE,card,search,active,2025-12-05 16:33:10
w_000095,mem_000095,AT,sdd,paid_social,active,2025-10-29 10:21:15
w_000096,mem_000096,AT,card,organic,active,2025-10-08 01:54:40
w_000097,mem_000097,AT,sdd,referral,active,2025-09-30 01:19:41
w_000098,mem_000098,DE,card,search,active,2025-06-09 08:59:40
w_000099,mem_000099,AT,card,paid_social,active,2025-10-02 02:18:07
w_000100,mem_000100,DE,sdd,referral,active,2025-05-02 20:23:10
w_000101,mem_000101,DE,card,organic,active,2025-12-03 23:07:30
w_000102,mem_000102,CH,card,search,active,2025-04-06 17:43:29
w_000103,mem_000103,AT,sdd,partner,active,2025-10-01 18:09:10
w_000104,mem_000104,DE,sdd,partner,active,2025-11-05 21:42:54
w_000105,mem_000105,IT,sdd,organic,churned,2025-06-03 05:18:32
w_000106,,DE,card,organic,churned,2025-10-05 08:16:45
w_000107,mem_000107,DE,sdd,referral,churned,2025-11-18 13:04:09
w_000108,mem_000108,CH,sdd,organic,active,2025-08-16 21:39:24
w_000109,mem_000109,AT,card,organic,active,2025-02-08 21:54:45
w_000110,mem_000110,DE,card,paid_social,active,2025-08-02 17:39:27
w_000111,mem_000111,AT,card,partner,churned,2025-09-10 15:27:36
w_000112,mem_000112,DE,card,organic,active,2025-02-04 17:50:03
w_000113,mem_000113,AT,card,,blocked,2025-12-24 20:43:52
w_000114,mem_000114,DE,card,organic,active,2025-06-04 04:15:27
w_000115,,AT,card,organic,active,2025-01-15 13:12:36
w_000116,mem_000116,CH,card,paid_social,active,2025-09-07 01:27:53
w_000117,mem_000117,DE,card,referral,active,2025-03-16 21:07:56
w_000118,mem_000118,DE,card,organic,active,2025-01-06 11:16:27
w_000119,mem_000119,DE,sdd,paid_social,active,2025-11-29 11:51:49
w_000120,mem_000120,AT,sdd,organic,active,2025-02-07 01:03:13
w_000121,mem_000121,AT,card,paid_social,active,2025-04-02 11:13:01
w_000122,mem_000122,AT,sdd,organic,active,2025-04-12 13:51:07
w_000123,mem_000123,CH,card,referral,churned,2025-06-07 10:45:24
w_000124,mem_000124,DE,sdd,organic,active,2025-09-06 01:13:15
w_000125,mem_000125,AT,card,partner,churned,2025-03-01 11:47:34
w_000126,mem_000126,AT,sdd,search,active,2025-10-22 03:01:06
w_000127,mem_000127,DE,sdd,partner,active,2025-12-06 02:12:30
w_000128,,DE,card,organic,active,2025-02-13 13:51:42
w_000129,mem_000129,DE,card,paid_social,active,2025-05-08 10:16:40
w_000130,mem_000130,DE,sdd,paid_social,active,2025-12-16 02:15:21
w_000131,mem_000131,AT,sdd,organic,active,2025-01-23 10:08:44
w_000132,mem_000132,AT,sdd,organic,active,2025-01-02 04:06:22
w_000133,mem_000133,CH,sdd,paid_social,active,2025-01-24 09:37:23
w_000134,mem_000134,DE,card,paid_social,active,2025-10-26 15:20:20
w_000135,mem_000135,CH,sdd,referral,blocked,2025-12-13 03:49:52
w_000136,mem_000136,IT,sdd,,active,2025-09-15 00:21:12
w_000137,mem_000137,AT,sdd,organic,active,2025-06-02 15:34:19
w_000138,mem_000138,DE,sdd,organic,active,2025-04-26 20:56:40
w_000139,mem_000139,CH,card,organic,active,2025-06-28 21:20:19
w_000140,mem_000140,CH,card,organic,active,2025-11-11 08:53:00
w_000141,mem_000141,DE,card,organic,active,2025-01-27 03:11:48
w_000142,,DE,card,search,active,2025-10-15 14:20:35
w_000143,mem_000143,IT,card,organic,active,2025-02-24 10:09:29
w_000144,mem_000144,AT,card,,active,2025-08-21 04:59:47
w_000145,mem_000145,AT,card,search,active,2025-07-22 10:24:43
w_000146,mem_000146,DE,sdd,paid_social,active,2025-12-21 00:31:10
w_000147,mem_000147,AT,sdd,organic,active,2025-09-07 20:08:25
w_000148,mem_000148,AT,sdd,search,active,2025-05-27 04:51:47
w_000149,mem_000149,DE,card,paid_social,churned,2025-02-26 01:27:20
w_000150,mem_000150,AT,sdd,paid_social,active,2025-02-22 01:50:06
w_000151,mem_000151,AT,sdd,referral,active,2025-05-25 02:41:34
w_000152,,IT,card,referral,active,2025-08-23 03:38:26
w_000153,mem_000153,AT,card,organic,blocked,2025-03-26 06:44:26
w_000154,mem_000154,SI,sdd,organic,active,2025-03-15 19:08:57
w_000155,mem_000155,AT,sdd,organic,active,2025-08-23 17:25:50
w_000156,mem_000156,AT,sdd,paid_social,active,2025-07-01 01:46:09
w_000157,mem_000157,DE,sdd,organic,active,2025-02-08 07:05:43
w_000158,mem_000158,AT,sdd,organic,active,2025-05-02 12:38:40
w_000159,mem_000159,AT,sdd,paid_social,active,2025-08-15 19:34:18
w_000160,mem_000160,CH,sdd,search,active,2025-11-20 15:30:12
w_000161,mem_000161,DE,sdd,search,active,2025-07-09 18:16:43
w_000162,mem_000162,AT,card,,active,2025-03-07 17:40:14
w_000163,mem_000163,AT,card,organic,active,2025-01-23 19:25:20
w_000164,mem_000164,AT,card,organic,active,2025-01-03 11:30:05
w_000165,mem_000165,DE,card,partner,active,2025-07-16 09:46:20
w_000166,mem_000166,DE,sdd,paid_social,active,2025-09-14 00:58:31
w_000167,mem_000167,DE,card,paid_social,active,2025-04-17 16:46:09
w_000168,mem_000168,DE,sdd,referral,churned,2025-12-20 07:42:08
w_000169,mem_000169,AT,sdd,paid_social,active,2025-04-09 00:42:29
w_000170,mem_000170,AT,card,organic,active,2025-08-08 10:12:07
w_000171,mem_000171,DE,sdd,paid_social,active,2025-11-30 07:10:56
w_000172,,DE,sdd,search,active,2025-09-05 06:55:20
w_000173,mem_000173,CH,card,organic,churned,2025-08-08 18:09:57
w_000174,mem_000174,DE,sdd,organic,blocked,2025-12-17 00:28:22
w_000175,mem_000175,DE,sdd,search,active,2025-12-26 11:04:32
w_000176,mem_000176,DE,card,paid_social,active,2025-01-07 01:56:38
w_000177,mem_000177,DE,card,referral,active,2025-01-30 21:06:33
w_000178,mem_000178,AT,card,search,active,2025-07-29 22:24:25
w_000179,mem_000179,AT,sdd,organic,active,2025-07-14 11:43:39
w_000180,mem_000180,AT,card,organic,churned,2025-08-24 00:34:53
w_000181,mem_000181,AT,card,paid_social,active,2025-04-17 03:35:33
w_000182,mem_000182,AT,card,search,active,2025-03-14 03:12:07
w_000183,,AT,card,organic,active,2025-10-04 22:39:11
w_000184,mem_000184,AT,sdd,paid_social,active,2025-06-01 07:32:24
w_000185,mem_000185,DE,card,paid_social,active,2025-04-15 18:24:19
w_000186,,AT,card,organic,active,2025-02-10 02:45:35
w_000187,,DE,card,paid_social,active,2025-05-30 14:40:39
w_000188,mem_000188,AT,sdd,organic,active,2025-04-05 06:31:27
w_000189,mem_000189,AT,sdd,search,active,2025-07-11 12:14:53
w_000190,mem_000190,DE,card,organic,active,2025-05-21 05:55:41
w_000191,mem_000191,AT,card,paid_social,active,2025-02-11 13:03:17
w_000192,mem_000192,IT,card,,active,2025-12-01 20:16:14
w_000193,mem_000193,DE,sdd,organic,active,2025-02-22 20:46:19
w_000194,mem_000194,DE,sdd,paid_social,active,2025-06-04 15:51:42
w_000195,mem_000195,IT,sdd,partner,active,2025-04-05 03:33:29
w_000196,mem_000196,DE,card,partner,active,2025-03-19 14:16:17
w_000197,mem_000197,IT,card,organic,active,2025-06-29 06:37:51
w_000198,mem_000198,DE,card,organic,active,2025-11-26 05:57:22
w_000199,mem_000199,AT,sdd,referral,active,2025-09-13 19:11:01
w_000200,mem_000200,CH,card,paid_social,active,2025-08-15 02:54:27
w_000201,mem_000201,IT,card,partner,active,2025-11-04 02:03:11
w_000202,mem_000202,AT,card,organic,active,2025-02-12 11:23:48
w_000203,mem_000203,DE,card,paid_social,active,2025-09-08 12:07:35
w_000204,mem_000204,DE,card,referral,active,2025-01-05 02:18:44
w_000205,mem_000205,DE,card,paid_social,active,2025-03-27 20:09:54
w_000206,mem_000206,AT,card,organic,active,2025-05-14 23:19:44
w_000207,mem_000207,AT,sdd,organic,active,2025-11-19 20:26:34
w_000208,mem_000208,DE,sdd,organic,active,2025-07-07 13:11:47
w_000209,mem_000209,IT,card,referral,active,2025-01-18 08:28:34
w_000210,mem_000210,DE,card,organic,active,2025-03-05 19:53:28
w_000211,mem_000211,DE,sdd,referral,active,2025-06-15 14:03:02
w_000212,mem_000212,CH,sdd,paid_social,active,2025-06-17 19:47:06
w_000213,mem_000213,DE,card,organic,active,2025-01-02 17:28:38
w_000214,mem_000214,AT,sdd,organic,active,2025-02-09 12:23:52
w_000215,mem_000215,DE,card,referral,active,2025-09-18 11:23:25
w_000216,mem_000216,DE,sdd,referral,active,2025-08-16 23:16:49
w_000217,mem_000217,AT,sdd,organic,active,2025-11-07 22:15:27
w_000218,mem_000218,AT,sdd,referral,active,2025-04-29 14:20:52
w_000219,mem_000219,DE,card,referral,active,2025-08-12 05:34:50
w_000220,mem_000220,AT,sdd,paid_social,active,2025-03-09 06:39:55
w_000221,mem_000221,DE,sdd,paid_social,churned,2025-01-21 19:41:35
w_000222,mem_000222,DE,sdd,search,active,2025-08-07 02:19:27
w_000223,mem_000223,IT,sdd,organic,active,2025-07-09 19:00:34
w_000224,mem_000224,DE,card,search,active,2025-03-29 07:41:33
w_000225,mem_000225,AT,sdd,,active,2025-08-02 11:49:09
w_000226,mem_000226,DE,sdd,,active,2025-07-30 12:12:37
w_000227,mem_000227,AT,card,organic,active,2025-02-09 18:35:25
w_000228,mem_000228,DE,card,search,active,2025-04-13 01:36:55
w_000229,mem_000229,DE,card,referral,active,2025-04-03 00:29:50
w_000230,mem_000230,AT,sdd,organic,active,2025-06-16 06:48:22
w_000231,mem_000231,AT,card,organic,active,2025-05-17 05:50:14
w_000232,mem_000232,SI,card,organic,active,2025-08-11 10:16:57
w_000233,mem_000233,SI,card,organic,churned,2025-10-19 07:23:02
w_000234,mem_000234,AT,sdd,search,active,2025-12-03 08:26:22
w_000235,mem_000235,AT,sdd,paid_social,active,2025-06-02 12:14:10
w_000236,mem_000236,DE,card,referral,active,2025-09-04 01:50:19
w_000237,mem_000237,AT,sdd,search,churned,2025-12-07 17:11:25
w_000238,mem_000238,DE,card,search,churned,2025-10-12 13:28:58
w_000239,mem_000239,DE,sdd,organic,active,2025-11-06 00:15:20
w_000240,mem_000240,AT,card,search,active,2025-11-18 16:43:19
w_000241,mem_000241,AT,card,paid_social,active,2025-12-14 06:07:31
w_000242,mem_000242,DE,card,paid_social,active,2025-02-18 05:58:27
w_000243,mem_000243,AT,card,search,blocked,2025-09-25 10:08:29
w_000244,mem_000244,AT,card,organic,active,2025-02-06 05:59:30
w_000245,mem_000245,DE,sdd,organic,active,2025-06-03 22:10:16
w_000246,,AT,sdd,referral,active,2025-02-06 23:10:34
w_000247,,AT,card,referral,active,2025-01-04 14:33:38
w_000248,,DE,sdd,organic,active,2025-07-05 12:29:20
w_000249,mem_000249,IT,card,referral,active,2025-12-09 03:24:45
w_000250,mem_000250,AT,card,paid_social,active,2025-09-20 23:22:30
w_000251,mem_000251,CH,card,paid_social,active,2025-10-08 13:33:16
w_000252,mem_000252,DE,card,paid_social,active,2025-03-26 08:52:01
w_000253,mem_000253,AT,sdd,paid_social,active,2025-06-16 18:11:35
w_000254,mem_000254,CH,sdd,search,active,2025-08-22 00:28:43
w_000255,mem_000255,DE,card,organic,active,2025-12-07 03:18:03
w_000256,mem_000256,AT,sdd,organic,active,2025-01-22 04:37:16
w_000257,mem_000257,SI,card,partner,active,2025-09-05 19:21:30
w_000258,mem_000258,DE,sdd,organic,active,2025-02-21 06:10:10
w_000259,mem_000259,AT,sdd,organic,active,2025-07-02 22:10:28
w_000260,mem_000260,AT,sdd,referral,churned,2025-01-16 11:12:47
w_000261,mem_000261,AT,sdd,referral,active,2025-10-25 21:59:00
w_000262,mem_000262,CH,card,organic,active,2025-04-18 18:11:12
w_000263,mem_000263,IT,card,organic,active,2025-05-07 21:32:00
w_000264,mem_000264,AT,sdd,partner,churned,2025-09-29 08:07:52
w_000265,mem_000265,AT,card,search,active,2025-02-15 01:04:23
w_000266,,AT,sdd,paid_social,active,2025-02-16 09:17:22
w_000267,mem_000267,AT,sdd,search,active,2025-07-20 20:51:58
w_000268,mem_000268,CH,sdd,paid_social,active,2025-04-15 09:03:59
w_000269,,DE,sdd,paid_social,active,2025-07-23 10:40:30
w_000270,,AT,sdd,search,active,2025-05-20 20:35:52
w_000271,mem_000271,AT,sdd,organic,active,2025-12-14 07:11:08
w_000272,,AT,card,organic,active,2025-12-02 03:04:35
w_000273,,DE,card,organic,active,2025-11-30 00:20:28
w_000274,mem_000274,AT,sdd,paid_social,active,2025-04-07 09:58:50
w_000275,mem_000275,AT,sdd,organic,active,2025-07-14 23:21:38
w_000276,,AT,card,organic,active,2025-06-05 16:53:25
w_000277,mem_000277,AT,card,search,active,2025-08-03 19:11:07
w_000278,mem_000278,DE,card,organic,active,2025-04-05 05:02:48
w_000279,mem_000279,AT,card,organic,active,2025-12-16 16:44:23
w_000280,mem_000280,IT,card,organic,active,2025-07-30 07:34:01
w_000281,mem_000281,AT,sdd,,active,2025-09-13 06:30:57
w_000282,mem_000282,SI,card,organic,active,2025-06-13 00:58:02
w_000283,mem_000283,DE,card,paid_social,active,2025-12-24 18:53:59
w_000284,mem_000284,AT,card,organic,active,2025-10-18 10:55:39
w_000285,,AT,sdd,search,active,2025-08-09 12:28:22
w_000286,mem_000286,DE,sdd,organic,active,2025-12-26 15:20:11
w_000287,mem_000287,DE,sdd,organic,active,2025-01-30 00:08:14
w_000288,mem_000288,DE,card,organic,active,2025-06-24 14:15:56
w_000289,mem_000289,AT,card,organic,active,2025-04-30 17:38:10
w_000290,mem_000290,IT,sdd,organic,active,2025-10-01 16:19:29
w_000291,mem_000291,AT,sdd,search,active,2025-04-07 09:34:00
w_000292,,DE,card,organic,active,2025-03-09 12:33:53
w_000293,mem_000293,AT,sdd,search,active,2025-06-29 10:33:18
w_000294,mem_000294,AT,card,referral,active,2025-03-28 07:52:32
w_000295,mem_000295,AT,card,organic,churned,2025-08-15 03:39:04
w_000296,mem_000296,CH,card,organic,active,2025-09-08 21:02:03
w_000297,mem_000297,CH,sdd,search,active,2025-01-17 13:57:30
w_000298,,AT,sdd,organic,active,2025-07-12 16:13:59
w_000299,mem_000299,DE,card,referral,active,2025-04-19 16:26:00
w_000300,mem_000300,AT,sdd,organic,active,2025-07-13 18:00:24
w_000301,mem_000301,AT,card,paid_social,active,2025-03-19 11:04:53
w_000302,mem_000302,AT,sdd,paid_social,active,2025-01-08 14:01:57
w_000303,mem_000303,AT,sdd,referral,active,2025-12-21 10:45:58
w_000304,mem_000304,AT,card,paid_social,active,2025-01-12 09:07:40
w_000305,mem_000305,AT,sdd,organic,active,2025-10-25 19:29:13
w_000306,mem_000306,AT,card,organic,churned,2025-07-27 06:20:50
w_000307,mem_000307,CH,card,organic,active,2025-11-25 17:59:57
w_000308,mem_000308,DE,card,organic,active,2025-04-02 20:48:58
w_000309,mem_000309,AT,card,search,active,2025-09-30 01:41:59
w_000310,mem_000310,AT,sdd,organic,active,2025-11-11 17:29:10
w_000311,mem_000311,DE,sdd,referral,active,2025-04-01 08:12:24
w_000312,mem_000312,CH,card,organic,active,2025-11-10 04:36:57
w_000313,mem_000313,AT,sdd,paid_social,active,2025-01-09 12:14:34
w_000314,mem_000314,CH,sdd,organic,active,2025-05-22 17:01:11
w_000315,mem_000315,DE,sdd,referral,churned,2025-04-28 04:39:18
w_000316,mem_000316,SI,card,partner,active,2025-07-09 05:01:59
w_000317,mem_000317,IT,sdd,search,active,2025-11-02 15:17:42
w_000318,mem_000318,CH,card,paid_social,active,2025-04-25 09:05:59
w_000319,mem_000319,DE,card,,active,2025-10-27 08:39:35
w_000320,mem_000320,DE,sdd,organic,active,2025-03-27 18:53:34
w_000321,mem_000321,CH,sdd,referral,active,2025-05-15 16:30:16
w_000322,mem_000322,AT,sdd,referral,active,2025-09-06 04:52:07
w_000323,mem_000323,AT,sdd,search,active,2025-05-17 02:43:16
w_000324,mem_000324,AT,sdd,organic,active,2025-03-06 14:23:11
w_000325,mem_000325,DE,sdd,paid_social,active,2025-07-06 05:09:49
w_000326,mem_000326,AT,card,organic,active,2025-11-07 09:01:59
w_000327,mem_000327,AT,card,,active,2025-03-08 01:29:43
w_000328,mem_000328,DE,sdd,partner,active,2025-05-12 05:55:39
w_000329,mem_000329,AT,sdd,,active,2025-03-06 01:53:07
w_000330,mem_000330,DE,sdd,organic,active,2025-06-08 22:45:53
w_000331,mem_000331,DE,sdd,organic,active,2025-04-03 06:06:37
w_000332,mem_000332,DE,card,organic,active,2025-01-02 11:33:49
w_000333,mem_000333,SI,sdd,organic,active,2025-01-10 23:52:26
w_000334,mem_000334,DE,sdd,paid_social,active,2025-11-01 19:34:47
w_000335,mem_000335,AT,sdd,paid_social,active,2025-03-13 19:13:04
w_000336,mem_000336,AT,card,referral,active,2025-04-13 07:04:24
w_000337,mem_000337,DE,card,organic,active,2025-02-03 06:51:00
w_000338,mem_000338,DE,sdd,search,active,2025-01-24 16:24:34
w_000339,mem_000339,AT,sdd,search,active,2025-07-04 09:41:02
w_000340,mem_000340,IT,card,referral,churned,2025-01-14 11:41:34
w_000341,mem_000341,CH,sdd,organic,active,2025-02-16 17:06:29
w_000342,mem_000342,SI,sdd,,active,2025-03-16 20:20:14
w_000343,mem_000343,AT,card,search,active,2025-09-01 14:10:19
w_000344,mem_000344,AT,sdd,paid_social,active,2025-02-03 19:09:16
w_000345,,DE,card,organic,active,2025-12-06 05:17:44
w_000346,mem_000346,DE,card,partner,active,2025-02-28 02:46:03
w_000347,mem_000347,IT,card,search,active,2025-08-07 12:35:33
w_000348,mem_000348,DE,sdd,organic,active,2025-04-13 13:55:54
w_000349,mem_000349,DE,sdd,search,active,2025-02-25 20:48:14
w_000350,mem_000350,CH,card,organic,active,2025-09-26 04:03:16
w_000351,mem_000351,IT,card,referral,active,2025-11-14 10:35:20
w_000352,mem_000352,DE,card,organic,active,2025-12-04 10:44:06
w_000353,mem_000353,AT,sdd,search,active,2025-10-11 00:54:10
w_000354,mem_000354,AT,sdd,search,active,2025-10-15 18:06:21
w_000355,mem_000355,AT,card,search,active,2025-01-26 11:35:40
w_000356,mem_000356,AT,sdd,organic,blocked,2025-01-12 05:48:59
w_000357,mem_000357,AT,card,paid_social,active,2025-01-20 15:14:47
w_000358,mem_000358,AT,sdd,paid_social,active,2025-09-04 18:26:55
w_000359,mem_000359,AT,card,organic,active,2025-12-05 01:28:07
w_000360,mem_000360,AT,sdd,paid_social,active,2025-11-19 16:16:17
w_000361,mem_000361,DE,sdd,paid_social,active,2025-03-25 05:35:38
w_000362,mem_000362,DE,sdd,organic,churned,2025-01-08 18:54:05
w_000363,mem_000363,AT,card,organic,active,2025-03-09 06:20:49
w_000364,mem_000364,AT,sdd,organic,active,2025-10-03 11:47:26
w_000365,mem_000365,DE,card,organic,active,2025-07-01 05:56:26
w_000366,mem_000366,DE,card,organic,active,2025-09-15 05:36:00
w_000367,mem_000367,SI,card,search,active,2025-09-23 19:11:34
w_000368,mem_000368,DE,sdd,paid_social,churned,2025-04-12 10:03:56
w_000369,mem_000369,IT,card,referral,active,2025-04-04 07:46:39
w_000370,mem_000370,DE,sdd,partner,active,2025-09-22 09:06:12
w_000371,mem_000371,DE,card,organic,active,2025-06-07 03:08:06
w_000372,mem_000372,DE,sdd,partner,active,2025-10-10 03:56:08
w_000373,mem_000373,IT,card,organic,active,2025-05-20 05:26:07
w_000374,mem_000374,DE,card,partner,active,2025-02-07 21:43:35
w_000375,mem_000375,AT,sdd,search,active,2025-09-21 23:22:42
w_000376,mem_000376,AT,sdd,search,active,2025-06-13 07:05:18
w_000377,,DE,card,paid_social,active,2025-07-02 17:43:07
w_000378,mem_000378,AT,sdd,organic,blocked,2025-03-17 13:16:46
w_000379,mem_000379,AT,card,partner,churned,2025-11-28 18:05:30
w_000380,mem_000380,AT,sdd,organic,blocked,2025-06-27 16:52:29
w_000381,mem_000381,DE,sdd,search,active,2025-03-10 16:07:17
w_000382,mem_000382,DE,sdd,referral,active,2025-08-12 19:18:31
w_000383,mem_000383,DE,sdd,paid_social,active,2025-09-04 00:31:54
w_000384,mem_000384,AT,card,organic,active,2025-10-11 18:14:10
w_000385,,AT,card,organic,active,2025-09-20 19:44:59
w_000386,mem_000386,AT,card,organic,active,2025-02-09 21:18:36
w_000387,mem_000387,DE,sdd,referral,active,2025-04-23 22:42:41
w_000388,mem_000388,AT,sdd,partner,churned,2025-02-21 23:00:28
w_000389,mem_000389,AT,card,organic,active,2025-12-23 14:17:40
w_000390,mem_000390,AT,card,organic,active,2025-01-09 12:14:47
w_000391,mem_000391,DE,card,organic,active,2025-12-07 09:59:00
w_000392,mem_000392,DE,sdd,paid_social,active,2025-02-11 23:41:25
w_000393,mem_000393,AT,card,organic,active,2025-08-01 13:02:29
w_000394,mem_000394,AT,card,organic,active,2025-06-13 10:48:22
w_000395,mem_000395,DE,sdd,search,active,2025-11-19 14:14:40
w_000396,mem_000396,AT,sdd,organic,active,2025-07-13 07:15:51
w_000397,mem_000397,DE,card,referral,active,2025-10-01 04:30:20
w_000398,mem_000398,DE,card,search,active,2025-07-06 16:06:45
w_000399,mem_000399,DE,sdd,search,churned,2025-09-17 19:44:10
w_000400,mem_000400,SI,sdd,paid_social,active,2025-12-18 09:09:18
w_000401,mem_000401,IT,sdd,referral,blocked,2025-02-08 18:17:11
w_000402,mem_000402,DE,sdd,search,active,2025-06-15 10:33:47
w_000403,mem_000403,CH,card,organic,active,2025-09-15 14:55:01
w_000404,mem_000404,AT,sdd,,active,2025-10-12 16:41:18
w_000405,mem_000405,DE,sdd,partner,active,2025-04-16 13:40:04
w_000406,mem_000406,AT,card,organic,active,2025-03-06 18:29:25
w_000407,mem_000407,DE,sdd,referral,active,2025-06-11 13:39:33
w_000408,mem_000408,DE,card,,active,2025-10-30 14:20:15
w_000409,mem_000409,CH,sdd,organic,active,2025-02-20 17:47:45
w_000410,mem_000410,DE,card,paid_social,active,2025-09-12 08:47:46
w_000411,mem_000411,IT,sdd,referral,churned,2025-08-08 10:17:44
w_000412,mem_000412,AT,sdd,referral,active,2025-08-29 02:24:19
w_000413,mem_000413,CH,card,organic,active,2025-05-30 11:18:36
w_000414,mem_000414,DE,sdd,search,active,2025-03-02 22:40:08
w_000415,mem_000415,AT,sdd,referral,churned,2025-05-05 12:31:25
w_000416,mem_000416,DE,card,organic,active,2025-06-06 14:48:50
w_000417,mem_000417,DE,card,organic,active,2025-07-13 13:56:52
w_000418,,IT,card,,active,2025-06-10 03:16:25
w_000419,mem_000419,AT,card,partner,active,2025-09-05 14:17:09
w_000420,mem_000420,IT,sdd,search,active,2025-05-22 02:35:50
w_000421,mem_000421,DE,sdd,search,active,2025-08-21 23:57:00
w_000422,,DE,card,paid_social,active,2025-03-28 02:49:58
w_000423,mem_000423,AT,sdd,referral,active,2025-05-26 04:54:38
w_000424,mem_000424,AT,sdd,search,active,2025-10-08 05:25:05
w_000425,mem_000425,DE,sdd,paid_social,active,2025-03-25 17:26:23
w_000426,mem_000426,AT,card,paid_social,active,2025-12-26 20:47:06
w_000427,mem_000427,DE,sdd,organic,active,2025-08-17 20:49:29
w_000428,mem_000428,DE,card,organic,active,2025-06-18 02:05:06
w_000429,mem_000429,AT,card,referral,active,2025-08-13 16:31:03
w_000430,mem_000430,SI,card,search,active,2025-05-05 23:48:04
w_000431,mem_000431,AT,card,organic,active,2025-04-17 06:05:54
w_000432,mem_000432,AT,card,search,active,2025-08-22 23:56:05
w_000433,mem_000433,AT,sdd,referral,active,2025-10-04 11:08:59
w_000434,mem_000434,SI,card,partner,active,2025-09-24 15:40:52
w_000435,mem_000435,DE,card,paid_social,active,2025-07-15 16:37:38
w_000436,mem_000436,DE,card,search,active,2025-08-15 08:08:53
w_000437,mem_000437,AT,sdd,paid_social,active,2025-04-22 01:02:30
w_000438,mem_000438,DE,sdd,organic,active,2025-01-21 14:36:05
w_000439,mem_000439,IT,sdd,paid_social,active,2025-04-08 07:23:52
w_000440,mem_000440,IT,card,search,active,2025-05-20 07:09:45
w_000441,mem_000441,DE,card,referral,active,2025-10-16 07:47:17
w_000442,mem_000442,AT,card,,churned,2025-09-27 02:37:56
w_000443,mem_000443,DE,sdd,search,active,2025-05-02 10:08:46
w_000444,mem_000444,CH,card,referral,active,2025-12-01 03:55:34
w_000445,mem_000445,AT,card,organic,active,2025-10-21 06:06:50
w_000446,mem_000446,AT,sdd,paid_social,active,2025-06-24 07:15:29
w_000447,,AT,sdd,search,active,2025-05-27 11:44:32
w_000448,mem_000448,AT,sdd,organic,active,2025-01-03 04:36:59
w_000449,mem_000449,IT,sdd,search,active,2025-01-20 18:00:25
w_000450,mem_000450,AT,sdd,organic,active,2025-08-02 15:51:52
w_000451,mem_000451,DE,sdd,paid_social,active,2025-01-27 11:27:02
w_000452,mem_000452,AT,sdd,search,active,2025-12-10 01:51:15
w_000453,mem_000453,DE,card,organic,active,2025-07-26 00:36:29
w_000454,mem_000454,DE,card,partner,churned,2025-05-15 09:01:18
w_000455,mem_000455,IT,sdd,organic,active,2025-09-23 01:50:23
w_000456,mem_000456,IT,sdd,search,churned,2025-10-09 03:56:30
w_000457,mem_000457,DE,sdd,organic,active,2025-06-23 00:53:28
w_000458,mem_000458,DE,sdd,organic,churned,2025-02-07 06:22:43
w_000459,mem_000459,DE,card,organic,active,2025-09-18 07:58:34
w_000460,mem_000460,DE,card,partner,churned,2025-11-18 20:29:50
w_000461,mem_000461,DE,sdd,organic,active,2025-10-18 01:31:37
w_000462,mem_000462,DE,sdd,organic,active,2025-03-11 03:00:25
w_000463,mem_000463,AT,sdd,organic,active,2025-05-31 16:43:33
w_000464,mem_000464,DE,card,referral,active,2025-01-03 06:58:55
w_000465,mem_000465,AT,card,referral,active,2025-01-29 04:34:57
w_000466,mem_000466,AT,card,paid_social,active,2025-04-20 07:55:57
w_000467,mem_000467,IT,card,organic,active,2025-07-27 04:16:47
w_000468,mem_000468,CH,card,search,active,2025-09-04 05:44:02
w_000469,mem_000469,IT,sdd,organic,active,2025-05-25 21:49:42
w_000470,mem_000470,CH,sdd,search,active,2025-08-11 10:07:27
w_000471,mem_000471,CH,card,organic,active,2025-12-17 21:39:45
w_000472,mem_000472,AT,sdd,search,active,2025-03-13 10:56:11
w_000473,,SI,sdd,referral,active,2025-11-27 23:33:22
w_000474,mem_000474,AT,card,paid_social,active,2025-01-29 09:45:24
w_000475,mem_000475,AT,sdd,organic,active,2025-05-09 11:45:15
w_000476,mem_000476,DE,sdd,referral,active,2025-03-17 03:32:14
w_000477,mem_000477,SI,sdd,organic,active,2025-08-08 15:19:36
w_000478,mem_000478,DE,card,organic,active,2025-11-02 02:52:58
w_000479,mem_000479,DE,card,paid_social,active,2025-10-12 15:48:05
w_000480,mem_000480,IT,card,organic,active,2025-02-12 06:23:37
w_000481,mem_000481,DE,card,partner,active,2025-07-29 04:17:02
w_000482,mem_000482,DE,sdd,referral,active,2025-11-26 22:43:38
w_000483,,CH,sdd,referral,active,2025-12-18 23:21:41
w_000484,mem_000484,DE,card,organic,active,2025-02-27 17:21:35
w_000485,mem_000485,AT,sdd,organic,active,2025-06-30 11:19:42
w_000486,mem_000486,DE,sdd,organic,active,2025-11-10 05:29:53
w_000487,mem_000487,SI,card,paid_social,active,2025-08-08 22:49:55
w_000488,,AT,sdd,organic,active,2025-05-20 08:13:00
w_000489,mem_000489,AT,sdd,paid_social,churned,2025-09-17 15:40:10
w_000490,,AT,card,referral,active,2025-01-19 00:49:42
w_000491,mem_000491,DE,sdd,referral,active,2025-04-17 05:09:39
w_000492,mem_000492,AT,sdd,,blocked,2025-05-22 20:48:45
w_000493,mem_000493,IT,sdd,paid_social,active,2025-03-28 13:34:17
w_000494,,DE,sdd,paid_social,blocked,2025-08-23 15:39:16
w_000495,mem_000495,AT,card,organic,active,2025-04-20 01:20:03
w_000496,mem_000496,AT,card,paid_social,active,2025-03-31 10:59:00
w_000497,mem_000497,AT,sdd,paid_social,active,2025-08-18 10:34:13
w_000498,mem_000498,CH,sdd,organic,active,2025-03-04 13:49:56
w_000499,mem_000499,DE,card,organic,churned,2025-12-25 05:49:40
w_000500,mem_000500,CH,sdd,referral,active,2025-10-07 10:40:00
w_000501,mem_000501,IT,card,search,active,2025-07-03 01:53:30
w_000502,mem_000502,DE,sdd,referral,active,2025-11-15 15:10:40
w_000503,mem_000503,AT,sdd,organic,active,2025-12-25 04:56:35
w_000504,mem_000504,DE,card,referral,churned,2025-03-20 14:01:30
w_000505,mem_000505,AT,card,paid_social,active,2025-03-10 21:41:40
w_000506,mem_000506,CH,sdd,organic,active,2025-02-15 15:19:56
w_000507,mem_000507,DE,card,referral,active,2025-10-28 22:18:56
w_000508,mem_000508,IT,sdd,referral,active,2025-06-16 14:09:43
w_000509,mem_000509,DE,sdd,organic,active,2025-10-15 22:17:35
w_000510,mem_000510,AT,card,paid_social,active,2025-10-25 10:19:20
w_000511,,AT,sdd,paid_social,active,2025-03-15 09:48:12
w_000512,mem_000512,AT,sdd,organic,active,2025-05-26 15:31:54
w_000513,mem_000513,DE,card,referral,active,2025-09-11 01:07:40
w_000514,mem_000514,DE,card,organic,active,2025-09-22 07:42:17
w_000515,mem_000515,AT,sdd,referral,active,2025-08-06 03:07:55
w_000516,mem_000516,AT,sdd,search,blocked,2025-10-13 17:59:21
w_000517,mem_000517,IT,card,referral,active,2025-03-04 20:02:23
w_000518,mem_000518,SI,sdd,organic,active,2025-09-23 20:36:11
w_000519,mem_000519,AT,sdd,paid_social,active,2025-02-26 10:33:33
w_000520,,SI,card,paid_social,active,2025-08-25 12:33:37
w_000521,mem_000521,DE,sdd,paid_social,active,2025-10-04 08:38:49
w_000522,mem_000522,IT,sdd,organic,active,2025-01-05 03:49:41
w_000523,mem_000523,DE,card,paid_social,active,2025-08-21 19:53:02
w_000524,,SI,card,paid_social,active,2025-09-12 09:13:14
w_000525,mem_000525,AT,card,partner,active,2025-06-03 11:00:02
w_000526,mem_000526,CH,sdd,,active,2025-08-02 10:34:29
w_000527,mem_000527,DE,sdd,organic,churned,2025-04-18 09:14:23
w_000528,mem_000528,AT,sdd,partner,active,2025-03-09 23:26:32
w_000529,mem_000529,DE,card,organic,active,2025-11-08 19:57:50
w_000530,mem_000530,DE,card,,active,2025-06-21 22:54:10
w_000531,mem_000531,IT,sdd,organic,blocked,2025-06-28 04:46:38
w_000532,mem_000532,DE,sdd,organic,churned,2025-05-29 14:46:23
w_000533,mem_000533,IT,sdd,organic,active,2025-05-18 03:05:44
w_000534,mem_000534,DE,sdd,organic,active,2025-09-19 15:19:10
w_000535,mem_000535,CH,card,partner,active,2025-03-26 21:11:02
w_000536,mem_000536,AT,sdd,organic,active,2025-07-13 19:00:39
w_000537,mem_000537,AT,sdd,partner,active,2025-11-21 06:12:33
w_000538,mem_000538,AT,card,partner,active,2025-09-20 11:01:31
w_000539,mem_000539,DE,card,partner,active,2025-11-26 08:01:53
w_000540,mem_000540,DE,sdd,paid_social,active,2025-12-04 09:30:44
w_000541,mem_000541,IT,sdd,paid_social,active,2025-10-19 08:05:07
w_000542,mem_000542,DE,sdd,organic,blocked,2025-07-15 03:24:30
w_000543,mem_000543,AT,sdd,referral,active,2025-07-21 06:01:19
w_000544,mem_000544,AT,sdd,organic,blocked,2025-05-07 09:17:06
w_000545,mem_000545,DE,sdd,search,active,2025-08-27 02:21:26
w_000546,mem_000546,AT,sdd,paid_social,active,2025-05-22 18:46:24
w_000547,mem_000547,IT,card,search,active,2025-03-30 18:23:47
w_000548,mem_000548,AT,card,organic,churned,2025-03-18 03:26:29
w_000549,mem_000549,DE,sdd,organic,blocked,2025-07-14 00:35:21
w_000550,mem_000550,DE,sdd,referral,active,2025-07-08 23:37:44
w_000551,mem_000551,IT,sdd,search,active,2025-01-24 07:34:46
w_000552,mem_000552,CH,sdd,organic,active,2025-04-11 21:13:25
w_000553,mem_000553,DE,card,referral,active,2025-02-17 02:00:55
w_000554,mem_000554,AT,card,paid_social,active,2025-07-29 02:36:29
w_000555,mem_000555,DE,sdd,partner,active,2025-10-14 00:55:17
w_000556,mem_000556,AT,card,paid_social,active,2025-12-04 04:44:52
w_000557,mem_000557,AT,sdd,referral,active,2025-11-26 16:19:43
w_000558,mem_000558,AT,sdd,search,active,2025-10-03 21:43:12
w_000559,mem_000559,DE,sdd,search,active,2025-05-22 00:56:29
w_000560,mem_000560,CH,card,organic,active,2025-02-18 13:27:23
w_000561,mem_000561,CH,sdd,organic,active,2025-03-06 19:43:05
w_000562,mem_000562,AT,sdd,organic,active,2025-10-27 09:37:22
w_000563,mem_000563,AT,card,paid_social,active,2025-09-12 07:28:58
w_000564,mem_000564,AT,card,search,active,2025-02-19 02:14:33
w_000565,mem_000565,IT,card,paid_social,active,2025-05-07 07:05:45
w_000566,mem_000566,AT,card,referral,active,2025-02-22 11:21:43
w_000567,mem_000567,DE,sdd,partner,active,2025-09-04 22:33:43
w_000568,mem_000568,DE,sdd,organic,active,2025-07-07 01:19:08
w_000569,,DE,sdd,organic,active,2025-04-28 21:30:16
w_000570,,CH,sdd,organic,churned,2025-07-27 19:28:59
w_000571,mem_000571,IT,sdd,organic,active,2025-06-17 03:56:52
w_000572,mem_000572,AT,card,paid_social,active,2025-12-09 14:20:47
w_000573,mem_000573,DE,sdd,search,active,2025-05-27 22:33:09
w_000574,mem_000574,AT,card,search,active,2025-08-27 03:35:21
w_000575,mem_000575,AT,sdd,paid_social,active,2025-06-10 08:32:35
w_000576,mem_000576,AT,sdd,organic,active,2025-06-25 20:05:47
w_000577,,AT,sdd,paid_social,churned,2025-07-27 18:17:19
w_000578,mem_000578,DE,sdd,organic,active,2025-01-04 04:28:03
w_000579,mem_000579,DE,sdd,organic,active,2025-11-07 11:31:45
w_000580,mem_000580,DE,sdd,paid_social,active,2025-10-19 11:48:55
w_000581,mem_000581,AT,sdd,,active,2025-03-16 15:21:43
w_000582,mem_000582,DE,card,organic,active,2025-10-05 13:19:26
w_000583,mem_000583,DE,sdd,paid_social,active,2025-06-28 23:17:24
w_000584,mem_000584,DE,card,paid_social,active,2025-05-02 05:04:12
w_000585,mem_000585,AT,card,search,active,2025-02-17 10:26:29
w_000586,mem_000586,DE,sdd,search,active,2025-03-26 13:56:00
w_000587,mem_000587,AT,sdd,search,active,2025-08-16 01:46:11
w_000588,mem_000588,DE,sdd,paid_social,active,2025-07-04 13:50:37
w_000589,mem_000589,SI,card,organic,churned,2025-09-24 09:28:02
w_000590,mem_000590,AT,sdd,organic,active,2025-09-08 07:52:24
w_000591,mem_000591,IT,sdd,organic,active,2025-08-05 20:12:11
w_000592,mem_000592,AT,sdd,referral,active,2025-09-25 16:16:31
w_000593,mem_000593,AT,sdd,paid_social,active,2025-08-06 02:29:19
w_000594,mem_000594,DE,card,organic,blocked,2025-10-12 10:29:06
w_000595,mem_000595,AT,sdd,organic,active,2025-07-26 06:33:34
w_000596,mem_000596,CH,card,paid_social,active,2025-09-05 18:50:02
w_000597,mem_000597,DE,sdd,paid_social,active,2025-08-29 20:39:28
w_000598,mem_000598,AT,sdd,paid_social,active,2025-07-23 12:41:03
w_000599,mem_000599,AT,card,organic,active,2025-05-06 01:28:54
w_000600,,AT,sdd,referral,active,2025-12-06 05:32:34
w_000601,mem_000601,DE,sdd,paid_social,active,2025-05-31 22:00:12
w_000602,mem_000602,CH,card,partner,active,2025-08-24 07:53:49
w_000603,,AT,card,partner,active,2025-11-20 03:31:34
w_000604,mem_000604,AT,card,paid_social,active,2025-06-11 12:57:53
w_000605,,CH,card,organic,active,2025-10-13 04:10:30
w_000606,mem_000606,AT,card,paid_social,active,2025-10-09 15:05:32
w_000607,mem_000607,DE,card,paid_social,active,2025-03-11 11:26:57
w_000608,mem_000608,CH,sdd,organic,active,2025-09-19 22:43:34
w_000609,mem_000609,DE,card,partner,active,2025-06-05 22:47:02
w_000610,mem_000610,AT,sdd,search,churned,2025-12-17 11:46:10
w_000611,mem_000611,AT,sdd,paid_social,active,2025-06-17 05:22:18
w_000612,mem_000612,SI,sdd,paid_social,active,2025-08-02 16:35:47
w_000613,,AT,sdd,partner,active,2025-10-10 01:43:49
w_000614,mem_000614,IT,sdd,search,active,2025-01-03 13:13:33
w_000615,mem_000615,DE,card,paid_social,churned,2025-09-25 20:38:55
w_000616,,AT,sdd,referral,active,2025-02-06 14:49:11
w_000617,mem_000617,DE,card,organic,active,2025-04-01 11:39:46
w_000618,mem_000618,AT,card,referral,active,2025-01-30 23:34:14
w_000619,mem_000619,DE,sdd,search,active,2025-08-12 18:52:32
w_000620,,DE,sdd,search,active,2025-05-29 04:16:03
w_000621,mem_000621,DE,card,search,active,2025-06-11 18:15:49
w_000622,mem_000622,AT,sdd,organic,active,2025-01-05 10:34:34
w_000623,mem_000623,AT,sdd,search,active,2025-08-08 09:22:11
w_000624,mem_000624,DE,sdd,paid_social,active,2025-06-02 13:55:55
w_000625,mem_000625,AT,card,organic,active,2025-11-02 09:29:01
w_000626,mem_000626,DE,card,search,active,2025-06-05 00:43:57
w_000627,mem_000627,DE,sdd,referral,active,2025-07-06 18:31:21
w_000628,mem_000628,AT,sdd,referral,active,2025-10-13 16:55:13
w_000629,mem_000629,DE,sdd,organic,active,2025-08-12 16:52:44
w_000630,mem_000630,AT,sdd,search,active,2025-08-19 15:20:10
w_000631,mem_000631,AT,card,organic,active,2025-11-08 18:36:04
w_000632,mem_000632,AT,card,organic,active,2025-05-26 04:15:44
w_000633,mem_000633,IT,sdd,referral,blocked,2025-08-30 04:09:44
w_000634,mem_000634,AT,card,organic,active,2025-02-13 05:11:09
w_000635,mem_000635,DE,card,organic,active,2025-08-01 05:02:34
w_000636,mem_000636,CH,sdd,organic,active,2025-09-29 08:52:14
w_000637,mem_000637,DE,sdd,referral,active,2025-01-24 08:15:58
w_000638,,DE,card,paid_social,active,2025-01-04 05:40:48
w_000639,,DE,sdd,paid_social,blocked,2025-02-11 21:37:15
w_000640,mem_000640,IT,sdd,organic,active,2025-10-03 14:46:44
w_000641,mem_000641,DE,sdd,partner,active,2025-07-14 10:24:13
w_000642,mem_000642,AT,sdd,paid_social,active,2025-04-29 10:07:49
w_000643,mem_000643,SI,sdd,organic,churned,2025-08-31 19:34:30
w_000644,mem_000644,IT,sdd,paid_social,blocked,2025-04-11 01:44:44
w_000645,mem_000645,AT,sdd,search,active,2025-04-19 19:35:45
w_000646,mem_000646,DE,sdd,organic,active,2025-07-22 05:26:31
w_000647,mem_000647,DE,sdd,organic,active,2025-03-01 07:43:31
w_000648,mem_000648,IT,card,organic,active,2025-09-11 09:29:09
w_000649,mem_000649,DE,card,search,churned,2025-10-01 20:20:50
w_000650,mem_000650,AT,card,partner,churned,2025-09-12 20:31:23
w_000651,mem_000651,AT,sdd,organic,active,2025-02-15 23:26:58
w_000652,mem_000652,DE,card,referral,active,2025-06-10 19:08:02
w_000653,mem_000653,AT,sdd,search,active,2025-10-14 17:49:26
w_000654,mem_000654,DE,card,organic,active,2025-08-26 16:04:54
w_000655,mem_000655,DE,sdd,referral,active,2025-01-11 03:07:30
w_000656,mem_000656,AT,sdd,organic,active,2025-10-04 12:29:57
w_000657,,AT,sdd,paid_social,active,2025-03-29 21:01:04
w_000658,mem_000658,AT,sdd,partner,active,2025-10-16 07:21:31
w_000659,mem_000659,AT,sdd,organic,active,2025-06-20 14:26:05
w_000660,mem_000660,IT,card,paid_social,active,2025-06-07 05:37:54
w_000661,mem_000661,DE,card,organic,active,2025-10-16 08:18:07
w_000662,mem_000662,AT,card,paid_social,active,2025-02-12 10:54:06
w_000663,mem_000663,AT,card,,active,2025-06-03 15:21:48
w_000664,mem_000664,AT,card,paid_social,active,2025-03-15 17:32:00
w_000665,mem_000665,DE,card,paid_social,churned,2025-06-14 01:37:58
w_000666,mem_000666,AT,card,partner,active,2025-09-08 22:06:09
w_000667,mem_000667,AT,sdd,paid_social,active,2025-09-28 08:15:14
w_000668,mem_000668,DE,sdd,referral,active,2025-12-15 05:04:51
w_000669,mem_000669,DE,sdd,referral,active,2025-12-19 07:22:01
w_000670,mem_000670,AT,card,paid_social,active,2025-09-04 05:58:59
w_000671,mem_000671,DE,card,paid_social,active,2025-03-04 02:22:22
w_000672,mem_000672,AT,card,organic,active,2025-09-14 03:16:05
w_000673,mem_000673,DE,card,organic,active,2025-04-30 15:20:52
w_000674,mem_000674,DE,sdd,paid_social,active,2025-02-21 02:19:51
w_000675,mem_000675,CH,sdd,referral,active,2025-07-13 15:40:57
w_000676,mem_000676,DE,sdd,partner,active,2025-07-04 17:57:25
w_000677,mem_000677,IT,sdd,organic,active,2025-04-19 00:12:01
w_000678,mem_000678,AT,card,referral,active,2025-09-11 16:58:54
w_000679,mem_000679,DE,sdd,referral,active,2025-05-09 14:10:44
w_000680,mem_000680,DE,card,,active,2025-08-26 07:46:09
w_000681,mem_000681,AT,sdd,paid_social,churned,2025-10-19 00:18:23
w_000682,mem_000682,IT,sdd,paid_social,active,2025-05-28 03:58:14
w_000683,mem_000683,DE,sdd,referral,active,2025-02-17 09:20:20
w_000684,,SI,sdd,organic,active,2025-08-26 16:45:15
w_000685,mem_000685,SI,sdd,referral,churned,2025-10-09 04:51:36
w_000686,mem_000686,DE,card,referral,active,2025-05-03 21:53:13
w_000687,mem_000687,DE,sdd,referral,active,2025-07-12 18:45:16
w_000688,mem_000688,AT,sdd,search,active,2025-10-03 04:30:36
w_000689,mem_000689,SI,sdd,organic,active,2025-10-14 09:42:12
w_000690,mem_000690,DE,card,organic,active,2025-08-06 15:27:03
w_000691,mem_000691,AT,sdd,referral,active,2025-01-27 08:16:40
w_000692,mem_000692,SI,card,organic,active,2025-05-13 13:43:14
w_000693,mem_000693,CH,card,referral,active,2025-11-20 19:48:54
w_000694,mem_000694,IT,card,paid_social,active,2025-07-06 23:51:48
w_000695,mem_000695,IT,sdd,search,active,2025-11-13 04:34:58
w_000696,mem_000696,DE,sdd,partner,active,2025-05-03 12:41:58
w_000697,mem_000697,AT,sdd,,churned,2025-11-06 01:13:59
w_000698,mem_000698,DE,sdd,organic,active,2025-09-01 07:30:15
w_000699,mem_000699,AT,sdd,paid_social,active,2025-10-31 19:58:26
w_000700,mem_000700,IT,sdd,paid_social,active,2025-07-13 00:52:59
w_000701,mem_000701,DE,card,paid_social,active,2025-03-09 23:14:13
w_000702,mem_000702,AT,sdd,paid_social,churned,2025-01-10 16:24:32
w_000703,mem_000703,AT,card,search,active,2025-12-06 09:08:36
w_000704,mem_000704,DE,sdd,referral,active,2025-07-20 10:50:06
w_000705,mem_000705,AT,card,search,active,2025-07-22 20:36:25
w_000706,mem_000706,DE,card,organic,active,2025-05-10 10:29:08
w_000707,mem_000707,AT,sdd,organic,active,2025-08-13 07:14:52
w_000708,mem_000708,AT,sdd,organic,active,2025-07-26 17:10:12
w_000709,mem_000709,AT,sdd,paid_social,active,2025-01-06 22:12:10
w_000710,mem_000710,AT,sdd,organic,active,2025-04-16 06:23:19
w_000711,mem_000711,AT,sdd,partner,active,2025-08-27 04:01:27
w_000712,mem_000712,DE,sdd,referral,active,2025-01-20 14:17:02
w_000713,mem_000713,DE,sdd,organic,active,2025-08-19 04:53:18
w_000714,mem_000714,DE,card,search,active,2025-03-18 22:51:54
w_000715,mem_000715,IT,card,organic,active,2025-06-30 20:35:43
w_000716,mem_000716,DE,sdd,organic,active,2025-05-01 13:03:36
w_000717,mem_000717,AT,sdd,partner,active,2025-12-01 09:59:56
w_000718,mem_000718,DE,sdd,paid_social,blocked,2025-05-09 06:52:46
w_000719,mem_000719,AT,sdd,paid_social,active,2025-05-17 11:39:57
w_000720,mem_000720,IT,sdd,referral,active,2025-07-17 06:26:02
w_000721,mem_000721,DE,sdd,organic,active,2025-11-04 17:59:30
w_000722,mem_000722,AT,card,referral,active,2025-03-03 18:10:35
w_000723,mem_000723,AT,card,organic,active,2025-11-01 14:20:09
w_000724,,DE,sdd,referral,churned,2025-09-18 01:10:22
w_000725,mem_000725,DE,sdd,paid_social,active,2025-06-29 18:37:09
w_000726,mem_000726,DE,sdd,paid_social,active,2025-08-21 08:10:47
w_000727,,AT,card,search,active,2025-09-14 09:10:53
w_000728,,AT,sdd,paid_social,active,2025-11-11 12:15:00
w_000729,mem_000729,IT,sdd,search,active,2025-08-13 10:42:40
w_000730,mem_000730,DE,card,paid_social,churned,2025-09-21 21:56:53
w_000731,mem_000731,DE,card,search,active,2025-02-04 16:13:08
w_000732,mem_000732,AT,card,search,active,2025-01-25 05:42:30
w_000733,mem_000733,AT,sdd,referral,active,2025-05-20 12:24:09
w_000734,mem_000734,AT,sdd,referral,active,2025-08-31 19:25:10
w_000735,mem_000735,IT,sdd,paid_social,active,2025-07-04 10:07:20
w_000736,mem_000736,AT,sdd,organic,active,2025-04-23 00:44:36
w_000737,mem_000737,SI,sdd,organic,active,2025-10-08 03:22:08
w_000738,mem_000738,IT,card,paid_social,active,2025-11-09 23:55:13
w_000739,mem_000739,IT,sdd,organic,active,2025-03-11 19:49:58
w_000740,mem_000740,IT,sdd,paid_social,active,2025-06-14 23:09:38
w_000741,mem_000741,AT,sdd,paid_social,active,2025-06-09 13:17:09
w_000742,mem_000742,DE,sdd,search,active,2025-05-24 03:24:05
w_000743,mem_000743,DE,sdd,partner,active,2025-11-30 17:43:43
w_000744,mem_000744,DE,card,referral,active,2025-02-04 08:22:47
w_000745,mem_000745,AT,sdd,search,active,2025-07-29 09:40:56
w_000746,mem_000746,DE,sdd,paid_social,churned,2025-07-02 02:10:26
w_000747,mem_000747,DE,card,organic,active,2025-11-06 23:58:46
w_000748,mem_000748,DE,sdd,organic,active,2025-11-01 20:55:52
w_000749,mem_000749,AT,sdd,paid_social,active,2025-04-24 07:20:13
w_000750,mem_000750,DE,sdd,organic,active,2025-11-27 16:02:41
w_000751,mem_000751,DE,sdd,paid_social,active,2025-10-15 22:37:14
w_000752,mem_000752,AT,sdd,paid_social,active,2025-11-10 17:37:15
w_000753,mem_000753,AT,card,organic,active,2025-01-13 20:25:33
w_000754,mem_000754,AT,card,search,active,2025-07-12 14:34:22
w_000755,mem_000755,AT,card,search,active,2025-03-06 23:11:34
w_000756,,DE,sdd,partner,active,2025-02-15 01:08:45
w_000757,mem_000757,DE,sdd,organic,active,2025-12-25 05:56:36
w_000758,mem_000758,IT,sdd,organic,active,2025-12-04 23:34:35
w_000759,mem_000759,CH,card,partner,active,2025-07-25 22:19:12
w_000760,mem_000760,AT,sdd,search,active,2025-06-17 16:32:09
w_000761,mem_000761,DE,card,search,active,2025-04-10 03:58:40
w_000762,mem_000762,DE,card,organic,active,2025-08-17 15:18:29
w_000763,mem_000763,AT,sdd,organic,active,2025-01-05 02:35:38
w_000764,mem_000764,AT,sdd,referral,active,2025-06-23 04:28:57
w_000765,mem_000765,IT,card,referral,active,2025-01-23 02:10:40
w_000766,mem_000766,DE,sdd,search,active,2025-10-02 23:44:17
w_000767,mem_000767,CH,card,organic,churned,2025-09-09 14:55:12
w_000768,mem_000768,DE,card,search,active,2025-07-01 08:20:29
w_000769,mem_000769,AT,sdd,organic,active,2025-09-26 19:58:18
w_000770,,SI,sdd,search,active,2025-10-29 19:09:08
w_000771,mem_000771,CH,card,organic,active,2025-03-11 02:25:22
w_000772,mem_000772,DE,card,organic,active,2025-07-11 02:18:23
w_000773,mem_000773,AT,card,organic,active,2025-06-21 11:50:23
w_000774,,DE,sdd,organic,active,2025-06-23 03:55:19
w_000775,mem_000775,CH,card,paid_social,active,2025-06-01 15:34:22
w_000776,mem_000776,IT,card,search,active,2025-10-27 10:09:12
w_000777,mem_000777,DE,card,organic,active,2025-07-29 18:21:52
w_000778,mem_000778,DE,sdd,referral,active,2025-07-27 21:23:44
w_000779,mem_000779,SI,sdd,paid_social,active,2025-09-09 07:10:14
w_000780,mem_000780,DE,card,referral,active,2025-10-25 16:22:23
w_000781,mem_000781,DE,sdd,organic,blocked,2025-04-27 01:40:24
w_000782,mem_000782,AT,sdd,,active,2025-09-03 18:02:31
w_000783,mem_000783,DE,sdd,paid_social,active,2025-04-03 14:50:33
w_000784,mem_000784,AT,sdd,organic,churned,2025-11-20 23:46:34
w_000785,,IT,card,paid_social,active,2025-10-08 00:19:07
w_000786,mem_000786,DE,sdd,organic,active,2025-09-21 08:08:36
w_000787,mem_000787,DE,card,organic,active,2025-10-13 14:58:53
w_000788,mem_000788,DE,card,search,active,2025-09-30 08:33:36
w_000789,mem_000789,DE,card,organic,active,2025-02-07 18:49:45
w_000790,mem_000790,AT,sdd,organic,active,2025-07-13 01:42:47
w_000791,mem_000791,AT,card,paid_social,active,2025-11-21 15:06:53
w_000792,mem_000792,AT,sdd,organic,churned,2025-02-23 08:00:10
w_000793,mem_000793,DE,card,paid_social,active,2025-01-25 13:16:14
w_000794,mem_000794,AT,card,referral,active,2025-06-20 08:37:07
w_000795,mem_000795,DE,sdd,organic,active,2025-05-27 01:47:43
w_000796,mem_000796,AT,card,search,active,2025-02-04 14:51:23
w_000797,mem_000797,DE,sdd,paid_social,active,2025-07-04 20:45:28
w_000798,mem_000798,AT,sdd,partner,active,2025-03-09 18:54:50
w_000799,mem_000799,DE,card,organic,active,2025-09-01 13:50:59
w_000800,mem_000800,IT,card,paid_social,active,2025-07-25 21:48:46
w_000801,mem_000801,AT,sdd,search,active,2025-06-30 06:48:24
w_000802,mem_000802,DE,sdd,partner,churned,2025-09-24 02:56:04
w_000803,mem_000803,DE,sdd,search,active,2025-01-21 23:34:25
w_000804,mem_000804,AT,sdd,organic,active,2025-10-22 12:52:30
w_000805,mem_000805,CH,card,referral,active,2025-01-12 06:54:27
w_000806,mem_000806,CH,sdd,organic,active,2025-05-07 14:16:55
w_000807,mem_000807,IT,sdd,organic,active,2025-03-30 11:04:57
w_000808,mem_000808,DE,sdd,referral,active,2025-07-02 21:56:50
w_000809,mem_000809,DE,card,,active,2025-03-11 03:38:47
w_000810,mem_000810,DE,sdd,organic,active,2025-03-20 12:44:31
w_000811,mem_000811,AT,card,referral,active,2025-06-30 19:05:38
w_000812,mem_000812,CH,card,paid_social,churned,2025-11-03 15:06:39
w_000813,mem_000813,DE,card,referral,active,2025-03-31 04:58:50
w_000814,mem_000814,DE,card,organic,active,2025-11-22 01:18:11
w_000815,mem_000815,DE,sdd,paid_social,blocked,2025-06-18 15:29:29
w_000816,mem_000816,SI,card,paid_social,active,2025-01-02 23:19:35
w_000817,mem_000817,IT,card,paid_social,active,2025-06-15 07:47:22
w_000818,mem_000818,DE,sdd,organic,active,2025-04-04 09:43:46
w_000819,mem_000819,AT,sdd,organic,active,2025-05-20 04:34:59
w_000820,mem_000820,DE,card,paid_social,active,2025-10-01 03:16:22
w_000821,mem_000821,IT,sdd,paid_social,active,2025-02-23 20:04:06
w_000822,,AT,card,paid_social,active,2025-09-03 23:44:14
w_000823,mem_000823,CH,sdd,search,active,2025-04-26 04:25:08
w_000824,mem_000824,AT,card,paid_social,active,2025-11-02 21:49:12
w_000825,mem_000825,AT,sdd,referral,blocked,2025-12-20 09:51:11
w_000826,mem_000826,DE,card,search,active,2025-05-22 23:22:12
w_000827,mem_000827,AT,sdd,partner,active,2025-02-23 18:02:08
w_000828,mem_000828,DE,card,organic,active,2025-08-14 07:06:16
w_000829,mem_000829,AT,sdd,paid_social,active,2025-12-15 17:20:33
w_000830,mem_000830,DE,sdd,search,active,2025-07-08 19:57:47
w_000831,mem_000831,IT,card,search,active,2025-12-16 07:29:34
w_000832,,DE,sdd,partner,blocked,2025-12-09 23:22:16
w_000833,mem_000833,AT,sdd,organic,active,2025-04-22 23:49:41
w_000834,mem_000834,DE,sdd,,active,2025-02-28 10:44:37
w_000835,mem_000835,DE,card,organic,active,2025-07-30 06:32:22
w_000836,,AT,card,referral,blocked,2025-03-15 10:10:23
w_000837,mem_000837,IT,sdd,referral,active,2025-06-09 21:14:42
w_000838,mem_000838,AT,sdd,search,active,2025-07-25 21:30:26
w_000839,mem_000839,AT,sdd,search,active,2025-03-08 16:42:21
w_000840,mem_000840,AT,card,referral,active,2025-02-27 14:36:48
w_000841,mem_000841,DE,card,search,active,2025-04-21 18:41:27
w_000842,mem_000842,AT,sdd,organic,active,2025-03-04 15:00:10
w_000843,mem_000843,DE,card,organic,active,2025-03-13 15:37:58
w_000844,mem_000844,AT,card,paid_social,active,2025-06-24 03:39:43
w_000845,mem_000845,CH,sdd,,churned,2025-07-13 22:54:10
w_000846,mem_000846,DE,sdd,organic,active,2025-08-01 02:26:44
w_000847,mem_000847,AT,card,partner,active,2025-10-20 21:17:45
w_000848,mem_000848,DE,sdd,referral,active,2025-06-21 16:43:20
w_000849,mem_000849,IT,sdd,organic,active,2025-02-15 09:21:51
w_000850,mem_000850,DE,card,search,active,2025-01-22 08:57:02
w_000851,,DE,card,organic,active,2025-03-18 00:12:08
w_000852,mem_000852,DE,sdd,organic,active,2025-07-18 18:12:19
w_000853,mem_000853,IT,sdd,paid_social,active,2025-09-16 22:42:47
w_000854,mem_000854,DE,card,organic,active,2025-04-21 13:08:01
w_000855,mem_000855,IT,sdd,search,churned,2025-12-11 18:56:28
w_000856,mem_000856,AT,card,organic,blocked,2025-12-15 15:23:25
w_000857,mem_000857,DE,sdd,partner,churned,2025-03-22 16:41:07
w_000858,mem_000858,DE,card,paid_social,active,2025-08-18 09:31:34
w_000859,mem_000859,CH,sdd,search,active,2025-08-04 20:33:37
w_000860,mem_000860,IT,card,organic,active,2025-04-23 09:59:32
w_000861,mem_000861,IT,sdd,organic,active,2025-08-06 04:52:38
w_000862,mem_000862,DE,card,paid_social,active,2025-09-06 18:24:26
w_000863,mem_000863,AT,card,paid_social,active,2025-07-11 00:42:52
w_000864,mem_000864,DE,sdd,organic,active,2025-01-26 21:55:13
w_000865,mem_000865,AT,sdd,paid_social,active,2025-09-24 09:10:15
w_000866,mem_000866,AT,sdd,referral,active,2025-11-25 06:34:52
w_000867,mem_000867,DE,card,paid_social,active,2025-05-19 19:04:26
w_000868,mem_000868,AT,sdd,referral,active,2025-04-23 13:39:20
w_000869,mem_000869,DE,card,search,active,2025-10-24 23:25:17
w_000870,mem_000870,DE,sdd,paid_social,active,2025-09-24 00:21:23
w_000871,mem_000871,DE,sdd,paid_social,active,2025-05-17 13:25:23
w_000872,mem_000872,AT,sdd,search,active,2025-05-13 03:56:52
w_000873,mem_000873,IT,sdd,paid_social,active,2025-11-05 18:55:54
w_000874,mem_000874,DE,card,organic,active,2025-08-03 00:44:37
w_000875,mem_000875,AT,sdd,search,active,2025-02-20 23:10:20
w_000876,mem_000876,SI,sdd,organic,active,2025-12-12 12:51:03
w_000877,mem_000877,IT,sdd,organic,active,2025-10-17 02:52:19
w_000878,mem_000878,DE,card,organic,churned,2025-02-18 16:17:32
w_000879,mem_000879,AT,sdd,search,active,2025-01-08 07:17:18
w_000880,mem_000880,CH,sdd,organic,active,2025-07-19 09:58:22
w_000881,mem_000881,CH,sdd,partner,active,2025-01-04 23:44:44
w_000882,mem_000882,AT,card,organic,active,2025-03-13 18:17:29
w_000883,mem_000883,DE,card,organic,active,2025-08-14 03:40:27
w_000884,,DE,sdd,referral,active,2025-08-10 10:58:43
w_000885,mem_000885,AT,card,partner,active,2025-04-20 11:05:44
w_000886,mem_000886,AT,card,paid_social,active,2025-12-24 11:28:08
w_000887,mem_000887,AT,sdd,organic,active,2025-02-11 16:20:12
w_000888,mem_000888,DE,sdd,paid_social,active,2025-02-13 19:47:45
w_000889,mem_000889,AT,sdd,organic,active,2025-05-21 07:05:53
w_000890,mem_000890,DE,card,organic,active,2025-04-21 03:27:00
w_000891,mem_000891,AT,sdd,search,active,2025-06-08 04:08:43
w_000892,mem_000892,AT,card,referral,active,2025-07-04 17:37:44
w_000893,mem_000893,AT,sdd,paid_social,active,2025-06-03 22:26:02
w_000894,mem_000894,CH,sdd,paid_social,active,2025-08-18 08:23:32
w_000895,mem_000895,SI,sdd,search,active,2025-03-19 07:37:10
w_000896,mem_000896,DE,card,search,active,2025-10-09 15:21:30
w_000897,mem_000897,DE,card,paid_social,active,2025-11-08 01:42:50
w_000898,mem_000898,DE,sdd,paid_social,active,2025-07-08 04:10:24
w_000899,mem_000899,AT,sdd,organic,active,2025-03-31 15:24:54
w_000900,,DE,sdd,organic,active,2025-09-21 08:25:10
w_000901,mem_000901,DE,card,search,active,2025-08-31 00:56:56
w_000902,mem_000902,DE,sdd,search,active,2025-03-20 10:08:25
w_000903,mem_000903,AT,sdd,partner,churned,2025-07-29 22:05:43
w_000904,mem_000904,DE,sdd,organic,active,2025-05-29 23:41:22
w_000905,mem_000905,DE,sdd,organic,active,2025-09-14 02:09:22
w_000906,mem_000906,DE,sdd,paid_social,active,2025-10-05 23:01:25
w_000907,mem_000907,IT,sdd,paid_social,active,2025-07-29 11:30:05
w_000908,mem_000908,DE,card,organic,active,2025-07-12 02:51:19
w_000909,,IT,sdd,search,active,2025-01-24 20:30:46
w_000910,mem_000910,AT,sdd,,active,2025-01-11 10:43:28
w_000911,mem_000911,AT,card,referral,active,2025-06-09 23:27:43
w_000912,mem_000912,AT,sdd,paid_social,blocked,2025-12-20 13:26:26
w_000913,mem_000913,DE,card,organic,blocked,2025-01-15 12:23:04
w_000914,mem_000914,AT,card,organic,active,2025-09-28 06:48:11
w_000915,mem_000915,DE,sdd,paid_social,active,2025-02-07 22:52:09
w_000916,mem_000916,AT,card,organic,active,2025-10-25 01:25:15
w_000917,mem_000917,IT,sdd,organic,active,2025-09-04 18:46:09
w_000918,mem_000918,IT,card,partner,active,2025-01-19 11:01:27
w_000919,mem_000919,AT,sdd,search,active,2025-10-06 17:30:45
w_000920,mem_000920,AT,card,paid_social,active,2025-07-04 13:49:20
w_000921,mem_000921,AT,sdd,referral,active,2025-04-27 11:21:16
w_000922,mem_000922,CH,card,paid_social,active,2025-06-26 00:23:48
w_000923,mem_000923,SI,card,paid_social,active,2025-03-14 10:40:08
w_000924,mem_000924,DE,sdd,paid_social,active,2025-09-05 17:54:16
w_000925,,DE,sdd,search,active,2025-09-01 09:48:44
w_000926,mem_000926,AT,card,organic,active,2025-10-25 07:15:27
w_000927,mem_000927,AT,sdd,referral,active,2025-03-21 01:17:54
w_000928,mem_000928,AT,sdd,search,active,2025-04-02 16:53:22
w_000929,mem_000929,DE,card,organic,churned,2025-06-30 06:16:55
w_000930,mem_000930,IT,card,organic,active,2025-04-16 21:51:35
w_000931,,IT,sdd,partner,active,2025-11-28 02:04:18
w_000932,mem_000932,CH,sdd,paid_social,blocked,2025-05-02 21:48:16
w_000933,mem_000933,IT,card,organic,active,2025-09-13 07:41:50
w_000934,mem_000934,DE,card,partner,churned,2025-08-10 17:51:27
w_000935,mem_000935,AT,sdd,search,blocked,2025-07-23 23:46:45
w_000936,mem_000936,IT,card,partner,active,2025-05-08 21:10:01
w_000937,mem_000937,SI,sdd,organic,active,2025-03-26 15:59:07
w_000938,,DE,sdd,paid_social,active,2025-08-17 22:21:38
w_000939,mem_000939,IT,card,paid_social,churned,2025-07-04 09:57:40
w_000940,mem_000940,DE,card,organic,active,2025-10-05 22:32:21
w_000941,mem_000941,DE,card,organic,churned,2025-10-15 04:10:15
w_000942,mem_000942,DE,card,referral,active,2025-08-03 15:47:50
w_000943,mem_000943,AT,card,paid_social,active,2025-07-27 17:43:44
w_000944,mem_000944,IT,sdd,organic,active,2025-12-23 11:41:48
w_000945,mem_000945,AT,card,referral,active,2025-12-12 17:42:03
w_000946,,IT,card,paid_social,blocked,2025-11-03 12:58:17
w_000947,mem_000947,DE,card,organic,active,2025-06-10 09:04:42
w_000948,mem_000948,AT,card,search,active,2025-03-04 06:30:29
w_000949,mem_000949,DE,card,organic,active,2025-10-14 12:39:34
w_000950,mem_000950,DE,card,organic,active,2025-06-22 04:50:01
w_000951,mem_000951,DE,card,referral,active,2025-02-01 22:27:29
w_000952,mem_000952,IT,sdd,paid_social,active,2025-02-20 12:33:15
w_000953,mem_000953,DE,sdd,organic,active,2025-10-13 12:18:02
w_000954,mem_000954,IT,card,partner,active,2025-02-02 18:39:18
w_000955,,DE,card,organic,active,2025-03-29 04:22:18
w_000956,mem_000956,DE,sdd,paid_social,active,2025-02-04 13:19:18
w_000957,mem_000957,SI,sdd,paid_social,active,2025-06-16 13:40:08
w_000958,mem_000958,CH,sdd,referral,active,2025-01-06 11:33:37
w_000959,mem_000959,CH,card,organic,active,2025-02-16 00:36:54
w_000960,mem_000960,IT,card,,active,2025-10-17 21:21:11
w_000961,mem_000961,AT,card,organic,active,2025-04-20 21:26:45
w_000962,mem_000962,AT,card,referral,active,2025-04-12 16:08:52
w_000963,,AT,card,referral,active,2025-02-03 07:08:32
w_000964,mem_000964,DE,sdd,paid_social,active,2025-10-05 00:46:22
w_000965,mem_000965,CH,card,partner,active,2025-01-21 05:43:29
w_000966,mem_000966,AT,sdd,referral,active,2025-11-08 13:29:52
w_000967,mem_000967,AT,card,organic,active,2025-04-28 11:34:22
w_000968,mem_000968,CH,card,organic,active,2025-03-11 15:52:13
w_000969,mem_000969,AT,sdd,,active,2025-05-04 05:36:44
w_000970,mem_000970,DE,card,organic,active,2025-07-13 20:58:48
w_000971,mem_000971,CH,sdd,paid_social,active,2025-12-07 13:38:22
w_000972,mem_000972,DE,sdd,search,churned,2025-03-06 01:45:38
w_000973,mem_000973,AT,sdd,organic,active,2025-09-13 07:35:37
w_000974,mem_000974,DE,card,partner,active,2025-07-02 15:01:28
w_000975,mem_000975,DE,sdd,organic,churned,2025-01-16 20:12:22
w_000976,mem_000976,AT,card,organic,active,2025-10-07 12:41:10
w_000977,mem_000977,DE,card,organic,active,2025-03-07 08:37:23
w_000978,mem_000978,DE,sdd,search,active,2025-01-02 14:27:16
w_000979,mem_000979,AT,card,organic,active,2025-09-20 21:14:40
w_000980,mem_000980,IT,sdd,organic,churned,2025-05-26 01:48:56
w_000981,mem_000981,DE,sdd,referral,active,2025-11-19 14:40:40
w_000982,mem_000982,SI,sdd,search,active,2025-05-08 22:28:53
w_000983,mem_000983,AT,card,search,active,2025-10-13 04:21:15
w_000984,mem_000984,AT,card,paid_social,active,2025-04-20 21:19:21
w_000985,mem_000985,DE,sdd,organic,active,2025-06-04 21:37:50
w_000986,mem_000986,AT,card,referral,active,2025-03-22 20:46:35
w_000987,mem_000987,DE,card,partner,active,2025-02-16 20:05:31
w_000988,mem_000988,IT,sdd,paid_social,active,2025-08-23 09:09:16
w_000989,mem_000989,DE,sdd,paid_social,active,2025-12-10 20:38:51
w_000990,mem_000990,DE,sdd,paid_social,active,2025-05-24 00:12:30
w_000991,mem_000991,DE,card,paid_social,active,2025-06-30 00:21:53
w_000992,mem_000992,DE,card,paid_social,active,2025-09-09 08:34:40
w_000993,mem_000993,AT,sdd,paid_social,active,2025-02-27 17:06:47
w_000994,,AT,sdd,paid_social,active,2025-08-09 19:08:12
w_000995,mem_000995,IT,sdd,referral,active,2025-02-06 16:39:29
w_000996,mem_000996,DE,sdd,organic,active,2025-10-26 12:18:25
w_000997,,DE,sdd,search,active,2025-06-02 14:37:40
w_000998,mem_000998,AT,card,search,active,2025-10-22 03:03:12
w_000999,mem_000999,SI,sdd,referral,active,2025-03-14 16:45:12
w_001000,mem_001000,AT,sdd,paid_social,active,2025-06-18 11:17:56
w_001001,mem_001001,DE,card,organic,active,2025-09-26 16:06:05
w_001002,mem_001002,DE,card,paid_social,active,2025-11-12 18:56:38
w_001003,mem_001003,AT,card,referral,active,2025-04-28 12:57:52
w_001004,mem_001004,DE,card,paid_social,active,2025-03-15 02:20:52
w_001005,mem_001005,AT,card,organic,active,2025-09-01 03:17:39
w_001006,,AT,card,,active,2025-06-13 20:11:57
w_001007,,AT,sdd,search,active,2025-07-03 02:35:52
w_001008,,DE,card,,active,2025-06-02 03:13:11
w_001009,mem_001009,DE,card,organic,active,2025-11-26 13:40:36
w_001010,mem_001010,DE,card,search,active,2025-06-05 05:17:27
w_001011,mem_001011,AT,card,paid_social,active,2025-07-09 11:34:17
w_001012,mem_001012,DE,sdd,partner,active,2025-04-15 00:31:56
w_001013,mem_001013,AT,card,paid_social,active,2025-05-15 16:04:32
w_001014,mem_001014,CH,sdd,referral,active,2025-06-20 03:29:15
w_001015,mem_001015,CH,card,paid_social,active,2025-11-24 04:21:46
w_001016,mem_001016,DE,card,search,active,2025-06-11 21:25:36
w_001017,mem_001017,DE,sdd,paid_social,active,2025-11-24 23:36:07
w_001018,mem_001018,AT,sdd,,active,2025-03-09 07:11:24
w_001019,mem_001019,SI,sdd,organic,active,2025-04-28 22:14:26
w_001020,mem_001020,CH,sdd,organic,active,2025-09-20 21:25:29
w_001021,mem_001021,DE,sdd,,active,2025-06-17 05:40:25
w_001022,mem_001022,IT,sdd,organic,active,2025-11-01 19:39:57
w_001023,mem_001023,AT,sdd,partner,active,2025-09-26 00:31:47
w_001024,mem_001024,AT,sdd,referral,active,2025-11-07 07:05:51
w_001025,mem_001025,DE,sdd,organic,active,2025-10-31 18:13:28
w_001026,mem_001026,AT,sdd,paid_social,churned,2025-02-15 20:23:34
w_001027,mem_001027,AT,sdd,search,blocked,2025-07-16 11:17:53
w_001028,mem_001028,DE,card,organic,active,2025-02-17 18:17:20
w_001029,mem_001029,AT,sdd,referral,active,2025-11-11 05:46:48
w_001030,mem_001030,AT,card,paid_social,active,2025-06-11 04:09:38
w_001031,mem_001031,CH,card,partner,active,2025-03-30 14:48:37
w_001032,mem_001032,AT,sdd,organic,active,2025-07-20 10:54:57
w_001033,mem_001033,AT,sdd,search,active,2025-11-10 02:45:55
w_001034,,DE,card,partner,active,2025-06-18 13:50:48
w_001035,mem_001035,IT,card,,churned,2025-01-23 10:49:35
w_001036,mem_001036,DE,sdd,search,active,2025-06-12 20:12:31
w_001037,mem_001037,CH,card,organic,active,2025-12-20 02:38:44
w_001038,mem_001038,DE,card,referral,active,2025-06-06 20:58:32
w_001039,mem_001039,DE,card,partner,active,2025-09-28 20:54:02
w_001040,,DE,card,organic,active,2025-02-02 17:33:18
w_001041,mem_001041,DE,sdd,search,active,2025-07-30 00:31:48
w_001042,,DE,sdd,search,blocked,2025-03-04 03:33:46
w_001043,mem_001043,AT,sdd,paid_social,churned,2025-04-29 00:56:44
w_001044,mem_001044,DE,card,paid_social,active,2025-09-01 11:57:57
w_001045,mem_001045,SI,card,,active,2025-08-11 07:29:00
w_001046,mem_001046,DE,card,organic,churned,2025-08-08 15:44:53
w_001047,mem_001047,DE,card,referral,active,2025-04-27 04:45:40
w_001048,mem_001048,DE,sdd,search,active,2025-07-21 19:38:39
w_001049,mem_001049,IT,sdd,organic,active,2025-06-26 10:28:20
w_001050,mem_001050,AT,card,paid_social,active,2025-12-12 01:30:24
w_001051,mem_001051,AT,sdd,paid_social,active,2025-08-06 01:57:48
w_001052,mem_001052,DE,sdd,organic,churned,2025-06-20 21:50:32
w_001053,mem_001053,AT,card,search,active,2025-07-16 10:15:58
w_001054,mem_001054,AT,sdd,paid_social,active,2025-02-15 20:22:54
w_001055,mem_001055,DE,sdd,paid_social,active,2025-12-24 22:50:31
w_001056,mem_001056,AT,sdd,organic,active,2025-01-16 15:27:24
w_001057,mem_001057,DE,sdd,partner,active,2025-01-11 20:46:18
w_001058,mem_001058,DE,sdd,paid_social,active,2025-12-12 06:36:49
w_001059,mem_001059,DE,card,partner,active,2025-01-27 05:44:49
w_001060,mem_001060,IT,sdd,organic,active,2025-10-31 10:42:13
w_001061,mem_001061,DE,card,organic,active,2025-09-05 04:14:22
w_001062,mem_001062,AT,card,organic,active,2025-11-07 14:47:04
w_001063,mem_001063,DE,card,search,blocked,2025-01-18 19:04:14
w_001064,,DE,sdd,referral,active,2025-10-02 15:39:43
w_001065,mem_001065,DE,card,organic,active,2025-09-08 01:42:54
w_001066,mem_001066,DE,sdd,referral,active,2025-08-10 11:03:46
w_001067,mem_001067,IT,sdd,referral,active,2025-07-26 13:17:21
w_001068,mem_001068,DE,sdd,referral,active,2025-12-11 17:33:07
w_001069,mem_001069,DE,sdd,search,active,2025-07-10 20:51:38
w_001070,mem_001070,SI,sdd,organic,active,2025-05-04 06:13:07
w_001071,mem_001071,AT,sdd,organic,active,2025-03-12 22:35:52
w_001072,mem_001072,DE,sdd,organic,active,2025-08-27 15:19:33
w_001073,mem_001073,AT,card,organic,active,2025-02-25 07:49:42
w_001074,mem_001074,AT,sdd,paid_social,active,2025-03-20 15:59:27
w_001075,mem_001075,DE,sdd,organic,active,2025-02-14 16:38:10
w_001076,mem_001076,AT,card,referral,blocked,2025-09-04 01:01:58
w_001077,mem_001077,AT,card,paid_social,active,2025-04-06 15:49:56
w_001078,mem_001078,SI,sdd,,active,2025-11-25 15:52:52
w_001079,mem_001079,SI,card,organic,churned,2025-10-31 16:59:19
w_001080,mem_001080,AT,card,organic,active,2025-11-12 14:23:18
w_001081,mem_001081,IT,sdd,paid_social,active,2025-12-24 23:53:54
w_001082,mem_001082,AT,sdd,paid_social,active,2025-09-03 12:35:44
w_001083,mem_001083,AT,sdd,paid_social,active,2025-01-28 03:50:36
w_001084,mem_001084,DE,card,partner,active,2025-04-19 12:44:24
w_001085,mem_001085,DE,sdd,referral,churned,2025-05-14 01:35:31
w_001086,mem_001086,DE,sdd,referral,active,2025-05-05 21:53:08
w_001087,mem_001087,AT,sdd,organic,active,2025-09-09 01:17:17
w_001088,mem_001088,DE,sdd,search,active,2025-08-04 20:20:39
w_001089,mem_001089,CH,card,paid_social,active,2025-09-10 02:01:30
w_001090,mem_001090,IT,sdd,organic,active,2025-02-17 22:19:00
w_001091,mem_001091,AT,sdd,organic,churned,2025-10-26 05:57:37
w_001092,mem_001092,AT,card,paid_social,active,2025-01-04 15:16:20
w_001093,mem_001093,IT,sdd,,active,2025-02-04 22:32:55
w_001094,,DE,card,organic,active,2025-05-21 23:23:51
w_001095,mem_001095,AT,sdd,organic,active,2025-11-15 21:25:31
w_001096,mem_001096,DE,card,organic,active,2025-03-17 06:04:10
w_001097,mem_001097,CH,card,partner,active,2025-02-19 19:20:34
w_001098,mem_001098,DE,card,referral,active,2025-10-11 01:49:47
w_001099,mem_001099,CH,sdd,paid_social,active,2025-07-26 23:22:29
w_001100,mem_001100,CH,sdd,,active,2025-09-19 09:44:40
w_001101,mem_001101,DE,sdd,organic,active,2025-04-17 10:11:48
w_001102,mem_001102,DE,sdd,organic,active,2025-10-08 02:15:36
w_001103,mem_001103,IT,card,organic,blocked,2025-03-17 13:52:45
w_001104,mem_001104,AT,sdd,organic,active,2025-09-25 19:03:43
w_001105,mem_001105,DE,sdd,search,active,2025-09-01 02:41:36
w_001106,mem_001106,DE,card,search,active,2025-05-10 19:55:31
w_001107,mem_001107,CH,card,referral,active,2025-11-16 02:10:55
w_001108,mem_001108,AT,card,partner,active,2025-10-24 17:54:53
w_001109,mem_001109,AT,sdd,partner,active,2025-05-27 13:34:39
w_001110,,DE,sdd,organic,active,2025-06-21 14:58:41
w_001111,mem_001111,AT,card,organic,active,2025-01-21 06:34:06
w_001112,mem_001112,DE,sdd,paid_social,active,2025-08-21 20:27:07
w_001113,mem_001113,CH,card,paid_social,active,2025-08-29 20:46:57
w_001114,mem_001114,AT,card,referral,active,2025-05-08 10:59:12
w_001115,mem_001115,DE,sdd,paid_social,active,2025-11-23 12:37:57
w_001116,mem_001116,AT,sdd,organic,active,2025-10-09 09:58:34
w_001117,mem_001117,DE,sdd,partner,churned,2025-08-16 00:08:33
w_001118,mem_001118,DE,sdd,,active,2025-10-29 04:08:36
w_001119,mem_001119,AT,sdd,search,active,2025-07-21 01:07:58
w_001120,,SI,card,organic,active,2025-11-30 11:41:04
w_001121,mem_001121,DE,card,referral,active,2025-01-27 13:34:09
w_001122,mem_001122,AT,sdd,organic,active,2025-05-09 14:29:56
w_001123,mem_001123,AT,sdd,organic,active,2025-02-10 17:15:11
w_001124,mem_001124,AT,sdd,search,active,2025-03-28 14:44:40
w_001125,mem_001125,AT,sdd,,active,2025-11-13 09:06:47
w_001126,,DE,sdd,paid_social,active,2025-05-21 21:42:03
w_001127,mem_001127,AT,sdd,organic,active,2025-09-03 04:27:53
w_001128,mem_001128,AT,card,organic,active,2025-03-09 15:09:50
w_001129,,CH,sdd,referral,active,2025-03-18 02:44:11
w_001130,mem_001130,AT,sdd,paid_social,blocked,2025-05-28 03:48:57
w_001131,mem_001131,CH,card,,active,2025-05-24 13:18:02
w_001132,mem_001132,AT,card,organic,active,2025-12-09 09:42:07
w_001133,mem_001133,AT,card,,active,2025-03-15 15:35:00
w_001134,mem_001134,DE,card,organic,active,2025-04-05 23:22:04
w_001135,mem_001135,IT,card,search,active,2025-02-27 16:44:38
w_001136,mem_001136,AT,sdd,referral,active,2025-08-15 20:02:27
w_001137,mem_001137,CH,card,paid_social,active,2025-01-26 04:39:38
w_001138,mem_001138,AT,card,referral,active,2025-07-21 12:25:38
w_001139,mem_001139,DE,card,referral,active,2025-07-12 03:47:45
w_001140,mem_001140,IT,sdd,organic,active,2025-03-22 11:14:24
w_001141,mem_001141,IT,sdd,organic,active,2025-12-12 03:22:03
w_001142,mem_001142,AT,card,paid_social,active,2025-10-19 21:37:54
w_001143,mem_001143,DE,sdd,paid_social,active,2025-08-30 05:18:44
w_001144,mem_001144,AT,card,paid_social,active,2025-04-17 00:43:33
w_001145,mem_001145,DE,sdd,organic,active,2025-02-02 00:11:46
w_001146,mem_001146,AT,sdd,organic,active,2025-03-30 10:42:19
w_001147,mem_001147,DE,card,organic,active,2025-05-08 20:45:04
w_001148,mem_001148,DE,card,partner,churned,2025-08-23 14:00:19
w_001149,mem_001149,AT,card,partner,active,2025-01-04 07:32:29
w_001150,mem_001150,DE,sdd,search,active,2025-11-16 04:18:09
w_001151,mem_001151,DE,sdd,organic,active,2025-02-27 23:24:03
w_001152,mem_001152,DE,sdd,search,active,2025-08-16 23:16:13
w_001153,mem_001153,CH,sdd,paid_social,active,2025-05-02 14:04:08
w_001154,mem_001154,DE,sdd,partner,active,2025-11-28 06:00:55
w_001155,mem_001155,AT,sdd,paid_social,active,2025-01-04 18:14:05
w_001156,mem_001156,DE,sdd,organic,active,2025-10-20 06:59:04
w_001157,,SI,card,paid_social,active,2025-11-02 00:03:55
w_001158,mem_001158,IT,card,organic,active,2025-11-07 08:34:42
w_001159,,DE,sdd,,active,2025-06-01 16:59:34
w_001160,mem_001160,AT,card,organic,active,2025-09-06 03:56:32
w_001161,mem_001161,AT,card,paid_social,active,2025-09-25 14:10:27
w_001162,mem_001162,AT,sdd,paid_social,active,2025-03-21 23:03:19
w_001163,mem_001163,AT,card,organic,churned,2025-03-08 17:31:54
w_001164,mem_001164,SI,card,organic,active,2025-06-12 11:53:37
w_001165,mem_001165,DE,sdd,paid_social,active,2025-03-21 21:02:55
w_001166,mem_001166,DE,sdd,organic,active,2025-05-01 12:20:01
w_001167,mem_001167,DE,sdd,organic,active,2025-02-25 09:59:08
w_001168,mem_001168,DE,card,organic,active,2025-08-10 01:35:58
w_001169,mem_001169,IT,card,paid_social,active,2025-12-09 03:27:35
w_001170,mem_001170,AT,card,search,active,2025-11-16 18:55:12
w_001171,mem_001171,DE,sdd,referral,active,2025-06-27 19:16:03
w_001172,mem_001172,AT,card,organic,blocked,2025-01-17 22:58:56
w_001173,,CH,card,paid_social,active,2025-12-22 20:30:03
w_001174,mem_001174,AT,sdd,search,churned,2025-10-23 21:03:26
w_001175,mem_001175,AT,sdd,organic,active,2025-05-07 14:39:45
w_001176,mem_001176,AT,card,search,active,2025-09-06 02:40:06
w_001177,,DE,sdd,referral,active,2025-06-04 01:16:21
w_001178,mem_001178,DE,sdd,partner,active,2025-06-30 07:04:55
w_001179,mem_001179,AT,card,referral,active,2025-02-24 11:16:42
w_001180,mem_001180,AT,sdd,search,active,2025-03-10 19:57:53
w_001181,mem_001181,AT,card,partner,active,2025-09-21 01:40:06
w_001182,mem_001182,IT,card,referral,active,2025-07-26 17:23:04
w_001183,mem_001183,DE,sdd,referral,active,2025-10-06 05:25:45
w_001184,mem_001184,CH,sdd,organic,active,2025-01-19 21:35:16
w_001185,,AT,card,referral,active,2025-02-05 11:46:59
w_001186,mem_001186,IT,card,organic,blocked,2025-01-25 12:48:03
w_001187,,IT,sdd,referral,active,2025-03-06 20:59:35
w_001188,mem_001188,CH,sdd,organic,active,2025-08-31 14:22:39
w_001189,mem_001189,DE,sdd,organic,active,2025-05-19 11:31:56
w_001190,,DE,sdd,organic,active,2025-03-27 11:26:42
w_001191,mem_001191,DE,card,referral,active,2025-03-26 21:08:05
w_001192,mem_001192,AT,card,referral,active,2025-11-04 07:04:32
w_001193,mem_001193,SI,card,organic,active,2025-09-03 00:10:16
w_001194,mem_001194,SI,card,organic,active,2025-09-04 17:55:24
w_001195,mem_001195,AT,card,organic,active,2025-01-07 20:29:55
w_001196,mem_001196,AT,card,organic,active,2025-08-17 03:36:13
w_001197,mem_001197,DE,sdd,paid_social,active,2025-04-02 19:22:24
w_001198,mem_001198,DE,sdd,search,active,2025-04-26 04:38:58
w_001199,mem_001199,AT,card,search,active,2025-06-22 07:49:40
w_001200,mem_001200,IT,card,organic,active,2025-07-22 06:53:12
w_001201,mem_001201,DE,card,referral,active,2025-10-12 14:52:21
w_001202,mem_001202,AT,card,paid_social,active,2025-04-07 10:40:42
w_001203,mem_001203,IT,sdd,organic,active,2025-03-13 06:46:04
w_001204,mem_001204,AT,sdd,paid_social,churned,2025-09-04 08:43:42
w_001205,mem_001205,AT,card,organic,active,2025-11-05 20:06:34
w_001206,mem_001206,DE,sdd,paid_social,active,2025-10-08 06:29:13
w_001207,mem_001207,DE,card,paid_social,blocked,2025-09-04 20:15:23
w_001208,mem_001208,DE,card,search,active,2025-05-27 16:34:55
w_001209,mem_001209,DE,sdd,organic,active,2025-11-15 07:15:40
w_001210,mem_001210,AT,card,organic,active,2025-12-19 00:47:30
w_001211,mem_001211,DE,sdd,organic,active,2025-06-30 01:32:33
w_001212,mem_001212,AT,sdd,paid_social,active,2025-10-05 15:00:34
w_001213,mem_001213,DE,sdd,search,active,2025-10-09 16:42:32
w_001214,mem_001214,DE,sdd,organic,active,2025-05-30 03:29:17
w_001215,mem_001215,AT,card,partner,churned,2025-12-24 21:57:53
w_001216,mem_001216,DE,sdd,referral,active,2025-10-27 12:45:39
w_001217,,DE,sdd,paid_social,active,2025-09-28 11:26:05
w_001218,mem_001218,DE,card,referral,active,2025-12-24 20:42:33
w_001219,mem_001219,AT,sdd,paid_social,churned,2025-04-12 11:46:43
w_001220,mem_001220,DE,card,partner,active,2025-09-15 07:55:23
w_001221,mem_001221,AT,card,search,churned,2025-06-04 10:31:27
w_001222,mem_001222,AT,card,referral,active,2025-03-06 09:35:16
w_001223,mem_001223,DE,card,search,active,2025-05-29 15:50:54
w_001224,mem_001224,AT,sdd,search,active,2025-02-12 10:30:29
w_001225,mem_001225,SI,card,organic,active,2025-10-18 14:34:14
w_001226,mem_001226,DE,sdd,paid_social,active,2025-01-28 02:58:11
w_001227,mem_001227,AT,sdd,partner,active,2025-03-10 12:10:45
w_001228,mem_001228,AT,card,search,active,2025-06-25 00:27:46
w_001229,mem_001229,DE,card,referral,churned,2025-03-16 12:29:46
w_001230,mem_001230,AT,sdd,organic,active,2025-12-04 05:43:13
w_001231,mem_001231,DE,sdd,organic,active,2025-01-12 12:30:47
w_001232,mem_001232,IT,sdd,organic,active,2025-10-19 23:16:18
w_001233,,SI,card,partner,active,2025-11-04 11:59:07
w_001234,mem_001234,AT,card,paid_social,active,2025-07-03 18:50:23
w_001235,mem_001235,DE,sdd,organic,churned,2025-05-03 10:05:55
w_001236,mem_001236,AT,card,paid_social,active,2025-05-19 06:25:58
w_001237,mem_001237,DE,card,organic,active,2025-11-21 10:41:22
w_001238,mem_001238,DE,card,search,active,2025-09-29 13:37:07
w_001239,mem_001239,SI,card,search,active,2025-07-19 23:20:46
w_001240,mem_001240,SI,card,referral,blocked,2025-01-07 11:00:20
w_001241,mem_001241,DE,sdd,paid_social,active,2025-04-01 16:55:27
w_001242,mem_001242,CH,card,organic,active,2025-07-04 21:46:40
w_001243,mem_001243,IT,card,referral,blocked,2025-03-17 18:14:56
w_001244,mem_001244,AT,card,paid_social,active,2025-01-13 07:53:30
w_001245,mem_001245,SI,sdd,paid_social,blocked,2025-12-06 17:35:39
w_001246,mem_001246,DE,sdd,paid_social,active,2025-04-05 12:14:32
w_001247,,AT,sdd,organic,churned,2025-10-05 23:24:53
w_001248,mem_001248,CH,sdd,organic,active,2025-10-07 07:11:48
w_001249,mem_001249,IT,sdd,organic,active,2025-07-27 14:18:16
w_001250,mem_001250,DE,sdd,referral,active,2025-08-12 16:26:56
w_001251,mem_001251,IT,card,paid_social,active,2025-10-13 20:02:25
w_001252,mem_001252,AT,sdd,search,active,2025-04-01 15:08:32
w_001253,mem_001253,AT,card,partner,active,2025-03-15 01:44:40
w_001254,mem_001254,DE,sdd,paid_social,active,2025-08-13 01:15:16
w_001255,mem_001255,DE,card,paid_social,active,2025-06-14 13:09:22
w_001256,mem_001256,AT,card,organic,active,2025-08-22 15:28:58
w_001257,mem_001257,DE,sdd,referral,active,2025-11-13 23:03:01
w_001258,mem_001258,IT,sdd,organic,active,2025-02-26 15:36:48
w_001259,mem_001259,SI,card,paid_social,active,2025-07-15 02:30:08
w_001260,mem_001260,SI,sdd,search,active,2025-11-18 19:55:31
w_001261,mem_001261,DE,card,referral,active,2025-03-01 07:17:16
w_001262,mem_001262,IT,card,organic,active,2025-01-21 09:57:12
w_001263,mem_001263,SI,sdd,organic,active,2025-11-13 12:27:50
w_001264,mem_001264,AT,sdd,search,active,2025-09-21 06:28:25
w_001265,mem_001265,IT,sdd,organic,active,2025-04-20 15:49:26
w_001266,mem_001266,AT,card,organic,blocked,2025-10-20 03:37:54
w_001267,mem_001267,DE,sdd,organic,active,2025-09-12 05:37:51
w_001268,mem_001268,DE,sdd,search,active,2025-03-26 17:10:45
w_001269,mem_001269,AT,card,paid_social,churned,2025-02-09 14:13:21
w_001270,mem_001270,AT,sdd,partner,active,2025-11-23 20:50:26
w_001271,mem_001271,DE,card,referral,active,2025-02-15 13:45:06
w_001272,mem_001272,AT,sdd,referral,active,2025-06-06 21:29:49
w_001273,mem_001273,DE,card,referral,active,2025-03-08 23:41:43
w_001274,mem_001274,AT,card,paid_social,active,2025-10-30 00:58:35
w_001275,mem_001275,DE,card,paid_social,active,2025-01-05 12:08:32
w_001276,mem_001276,DE,card,organic,churned,2025-01-09 22:37:29
w_001277,mem_001277,DE,sdd,paid_social,active,2025-08-19 06:01:58
w_001278,mem_001278,IT,sdd,paid_social,active,2025-02-08 14:51:34
w_001279,,DE,card,paid_social,active,2025-09-30 03:23:16
w_001280,mem_001280,IT,card,search,active,2025-07-21 12:30:32
w_001281,mem_001281,AT,card,organic,blocked,2025-03-22 13:42:08
w_001282,mem_001282,AT,card,referral,active,2025-08-04 10:22:53
w_001283,mem_001283,AT,card,paid_social,active,2025-02-04 02:33:01
w_001284,mem_001284,SI,card,organic,active,2025-05-22 04:37:17
w_001285,mem_001285,IT,card,paid_social,active,2025-01-18 22:18:02
w_001286,mem_001286,CH,card,referral,active,2025-08-13 02:41:45
w_001287,mem_001287,IT,sdd,organic,active,2025-07-18 07:02:49
w_001288,mem_001288,AT,card,referral,active,2025-04-27 09:29:32
w_001289,mem_001289,AT,sdd,paid_social,active,2025-04-18 17:30:55
w_001290,mem_001290,CH,card,partner,active,2025-12-17 22:43:15
w_001291,mem_001291,DE,card,referral,active,2025-02-25 15:07:49
w_001292,mem_001292,DE,sdd,organic,active,2025-03-16 19:25:03
w_001293,mem_001293,DE,sdd,referral,churned,2025-11-16 01:34:01
w_001294,mem_001294,DE,sdd,organic,active,2025-01-31 02:34:53
w_001295,mem_001295,AT,card,organic,active,2025-02-04 13:17:57
w_001296,mem_001296,AT,card,search,churned,2025-01-04 19:55:58
w_001297,mem_001297,AT,card,paid_social,active,2025-02-17 23:08:09
w_001298,mem_001298,AT,sdd,organic,active,2025-07-25 10:15:56
w_001299,mem_001299,AT,sdd,search,churned,2025-01-19 15:03:00
w_001300,mem_001300,IT,sdd,organic,active,2025-11-03 07:39:30
w_001301,mem_001301,DE,sdd,paid_social,active,2025-01-04 16:31:22
w_001302,,SI,card,organic,active,2025-04-14 20:04:05
w_001303,mem_001303,DE,sdd,paid_social,active,2025-08-25 09:31:23
w_001304,mem_001304,CH,card,search,active,2025-04-22 09:21:10
w_001305,mem_001305,AT,card,search,active,2025-04-29 12:33:10
w_001306,,CH,sdd,organic,active,2025-09-04 11:36:55
w_001307,mem_001307,IT,sdd,partner,churned,2025-10-16 17:04:42
w_001308,mem_001308,DE,sdd,,active,2025-09-20 22:24:19
w_001309,mem_001309,AT,sdd,search,active,2025-12-11 21:30:37
w_001310,mem_001310,DE,sdd,search,active,2025-01-03 19:57:00
w_001311,mem_001311,DE,card,referral,blocked,2025-12-24 11:17:57
w_001312,mem_001312,DE,sdd,organic,blocked,2025-03-07 10:50:06
w_001313,mem_001313,AT,sdd,organic,active,2025-11-22 23:51:30
w_001314,mem_001314,IT,card,search,active,2025-02-13 23:24:46
w_001315,mem_001315,AT,card,paid_social,active,2025-04-23 15:35:57
w_001316,mem_001316,SI,sdd,partner,churned,2025-03-26 10:54:13
w_001317,mem_001317,AT,sdd,paid_social,active,2025-06-29 20:00:13
w_001318,mem_001318,CH,sdd,paid_social,active,2025-04-26 20:49:46
w_001319,mem_001319,DE,card,paid_social,active,2025-02-09 08:32:11
w_001320,mem_001320,DE,sdd,paid_social,active,2025-12-21 14:47:37
w_001321,mem_001321,DE,sdd,,blocked,2025-04-27 05:32:16
w_001322,mem_001322,AT,sdd,paid_social,active,2025-09-12 20:58:10
w_001323,mem_001323,AT,sdd,paid_social,active,2025-12-05 01:46:45
w_001324,mem_001324,AT,sdd,referral,active,2025-05-09 15:08:01
w_001325,mem_001325,DE,card,organic,active,2025-04-14 05:25:55
w_001326,mem_001326,DE,card,search,blocked,2025-10-19 16:39:55
w_001327,mem_001327,IT,sdd,paid_social,churned,2025-06-01 00:19:50
w_001328,mem_001328,DE,sdd,,active,2025-01-06 07:13:02
w_001329,,AT,sdd,paid_social,active,2025-10-14 09:21:37
w_001330,mem_001330,AT,card,search,active,2025-08-28 20:34:18
w_001331,mem_001331,AT,card,search,active,2025-09-30 05:22:52
w_001332,mem_001332,AT,card,referral,active,2025-09-30 07:08:40
w_001333,mem_001333,AT,card,partner,active,2025-02-27 18:13:39
w_001334,,IT,sdd,paid_social,active,2025-06-15 13:25:54
w_001335,mem_001335,AT,sdd,paid_social,active,2025-09-29 21:57:12
w_001336,,AT,card,referral,active,2025-09-08 01:19:58
w_001337,mem_001337,AT,sdd,search,active,2025-04-06 21:54:52
w_001338,mem_001338,DE,sdd,organic,active,2025-03-24 07:46:26
w_001339,mem_001339,AT,sdd,paid_social,active,2025-07-10 19:07:14
w_001340,mem_001340,IT,card,referral,active,2025-12-01 18:10:57
w_001341,mem_001341,AT,sdd,partner,active,2025-08-23 20:20:28
w_001342,mem_001342,AT,card,partner,active,2025-02-20 16:12:43
w_001343,mem_001343,CH,sdd,paid_social,active,2025-11-14 10:48:19
w_001344,mem_001344,DE,sdd,organic,active,2025-05-14 04:02:26
w_001345,mem_001345,AT,card,search,active,2025-02-19 15:28:48
w_001346,mem_001346,AT,card,organic,active,2025-12-19 04:07:37
w_001347,,CH,sdd,organic,active,2025-06-19 08:59:12
w_001348,mem_001348,AT,card,organic,churned,2025-08-21 16:31:00
w_001349,mem_001349,DE,sdd,paid_social,active,2025-09-27 10:42:56
w_001350,mem_001350,AT,card,paid_social,active,2025-01-30 02:54:56
w_001351,mem_001351,DE,card,organic,active,2025-04-16 10:30:33
w_001352,mem_001352,DE,sdd,search,active,2025-11-04 01:21:46
w_001353,mem_001353,AT,sdd,organic,active,2025-04-26 02:18:35
w_001354,mem_001354,AT,sdd,search,churned,2025-01-16 04:21:05
w_001355,mem_001355,IT,sdd,organic,active,2025-01-21 00:12:03
w_001356,mem_001356,AT,card,partner,churned,2025-05-15 22:34:46
w_001357,mem_001357,DE,sdd,organic,active,2025-04-13 13:00:51
w_001358,,DE,sdd,organic,active,2025-11-13 20:56:44
w_001359,mem_001359,DE,card,organic,churned,2025-01-07 01:45:40
w_001360,mem_001360,AT,card,referral,churned,2025-10-17 15:04:41
w_001361,mem_001361,AT,card,search,active,2025-03-22 01:32:28
w_001362,mem_001362,DE,sdd,organic,active,2025-10-20 09:30:54
w_001363,mem_001363,AT,card,organic,active,2025-07-06 00:40:04
w_001364,mem_001364,AT,sdd,partner,active,2025-07-10 11:57:45
w_001365,mem_001365,AT,sdd,organic,active,2025-11-14 11:38:41
w_001366,mem_001366,DE,sdd,search,active,2025-12-20 01:42:56
w_001367,mem_001367,AT,card,search,active,2025-01-05 13:52:37
w_001368,mem_001368,DE,sdd,partner,active,2025-09-08 07:00:31
w_001369,,SI,sdd,search,churned,2025-08-21 21:01:25
w_001370,mem_001370,AT,card,partner,active,2025-05-12 10:01:21
w_001371,mem_001371,AT,sdd,referral,active,2025-11-13 16:41:02
w_001372,mem_001372,AT,sdd,organic,active,2025-09-01 16:35:31
w_001373,mem_001373,CH,sdd,paid_social,active,2025-12-11 06:22:36
w_001374,mem_001374,CH,card,referral,active,2025-02-27 05:38:55
w_001375,mem_001375,AT,sdd,organic,active,2025-10-05 14:53:45
w_001376,mem_001376,AT,card,partner,active,2025-04-20 10:41:57
w_001377,,DE,sdd,organic,active,2025-12-14 19:28:16
w_001378,mem_001378,AT,card,paid_social,active,2025-06-15 03:33:59
w_001379,mem_001379,AT,sdd,partner,active,2025-02-10 08:37:42
w_001380,,CH,sdd,referral,active,2025-11-07 04:16:12
w_001381,mem_001381,IT,card,search,active,2025-05-05 09:00:08
w_001382,mem_001382,AT,sdd,,churned,2025-02-13 22:45:54
w_001383,mem_001383,DE,sdd,,active,2025-03-12 15:10:22
w_001384,mem_001384,IT,card,organic,active,2025-08-22 16:39:08
w_001385,mem_001385,DE,sdd,organic,active,2025-06-12 14:11:26
w_001386,mem_001386,DE,card,search,active,2025-02-02 11:22:25
w_001387,mem_001387,AT,card,paid_social,active,2025-10-01 01:18:16
w_001388,mem_001388,AT,sdd,search,churned,2025-07-04 01:18:49
w_001389,mem_001389,DE,card,paid_social,active,2025-12-03 14:54:19
w_001390,mem_001390,AT,card,organic,active,2025-12-21 13:20:49
w_001391,mem_001391,AT,card,paid_social,active,2025-09-28 05:08:47
w_001392,mem_001392,DE,card,organic,active,2025-09-30 09:32:17
w_001393,mem_001393,AT,card,search,active,2025-02-27 01:04:58
w_001394,mem_001394,AT,sdd,partner,active,2025-02-28 03:27:56
w_001395,mem_001395,IT,card,organic,active,2025-07-02 14:26:13
w_001396,,DE,sdd,organic,active,2025-03-02 12:58:31
w_001397,mem_001397,IT,card,search,active,2025-06-03 22:37:44
w_001398,mem_001398,AT,card,organic,active,2025-12-23 23:06:03
w_001399,mem_001399,AT,sdd,referral,churned,2025-02-05 16:54:37
w_001400,mem_001400,SI,card,organic,active,2025-03-27 00:21:20
w_001401,mem_001401,DE,card,organic,active,2025-09-26 21:53:01
w_001402,mem_001402,AT,sdd,paid_social,active,2025-11-08 23:39:52
w_001403,mem_001403,AT,sdd,organic,active,2025-10-30 10:54:59
w_001404,,AT,sdd,partner,churned,2025-08-20 21:28:32
w_001405,mem_001405,DE,card,search,churned,2025-04-04 08:05:09
w_001406,,AT,card,search,active,2025-01-18 17:46:27
w_001407,mem_001407,AT,sdd,organic,active,2025-06-04 14:54:00
w_001408,mem_001408,DE,sdd,search,active,2025-09-20 00:31:59
w_001409,,DE,card,organic,active,2025-02-28 07:50:28
w_001410,mem_001410,CH,sdd,referral,active,2025-03-04 14:42:26
w_001411,mem_001411,AT,card,,active,2025-12-10 11:13:29
w_001412,mem_001412,DE,card,paid_social,active,2025-07-14 19:26:11
w_001413,mem_001413,DE,card,organic,active,2025-11-02 00:00:35
w_001414,mem_001414,AT,card,organic,active,2025-10-04 19:25:40
w_001415,mem_001415,AT,sdd,search,churned,2025-03-01 04:29:02
w_001416,mem_001416,IT,sdd,organic,churned,2025-05-01 05:08:36
w_001417,mem_001417,AT,card,paid_social,active,2025-05-02 20:04:12
w_001418,mem_001418,AT,sdd,organic,active,2025-01-28 15:00:58
w_001419,mem_001419,CH,card,paid_social,churned,2025-12-07 11:02:36
w_001420,mem_001420,IT,card,organic,active,2025-05-22 03:48:20
w_001421,mem_001421,AT,sdd,paid_social,active,2025-05-23 10:11:32
w_001422,mem_001422,DE,card,referral,blocked,2025-06-24 19:09:50
w_001423,mem_001423,DE,sdd,organic,active,2025-10-15 19:01:02
w_001424,mem_001424,AT,sdd,paid_social,active,2025-05-26 22:54:43
w_001425,mem_001425,DE,card,organic,active,2025-02-06 07:30:44
w_001426,mem_001426,CH,card,organic,churned,2025-03-12 00:16:10
w_001427,,DE,sdd,search,active,2025-05-08 15:53:54
w_001428,mem_001428,AT,sdd,referral,active,2025-02-14 09:35:58
w_001429,mem_001429,DE,sdd,search,churned,2025-05-05 08:21:20
w_001430,mem_001430,AT,card,partner,active,2025-11-03 15:13:28
w_001431,mem_001431,AT,sdd,organic,active,2025-09-23 12:16:46
w_001432,mem_001432,IT,sdd,referral,active,2025-02-01 17:35:02
w_001433,mem_001433,CH,sdd,,active,2025-04-11 18:13:24
w_001434,mem_001434,DE,sdd,referral,active,2025-04-26 07:21:18
w_001435,mem_001435,CH,card,search,active,2025-03-04 09:43:53
w_001436,mem_001436,AT,card,referral,active,2025-08-06 20:02:44
w_001437,mem_001437,DE,card,search,active,2025-05-06 17:24:22
w_001438,mem_001438,AT,card,organic,active,2025-01-06 12:13:49
w_001439,mem_001439,AT,sdd,search,active,2025-09-19 17:37:32
w_001440,mem_001440,DE,sdd,search,active,2025-02-18 19:46:09
w_001441,mem_001441,AT,sdd,paid_social,active,2025-03-14 21:05:22
w_001442,mem_001442,AT,card,organic,active,2025-03-16 05:43:51
w_001443,mem_001443,AT,sdd,,active,2025-12-15 05:25:46
w_001444,mem_001444,DE,sdd,search,active,2025-06-10 19:15:37
w_001445,mem_001445,AT,card,organic,active,2025-02-14 00:46:41
w_001446,mem_001446,DE,sdd,organic,active,2025-06-19 06:39:37
w_001447,mem_001447,AT,sdd,search,churned,2025-08-29 22:19:40
w_001448,mem_001448,DE,sdd,search,active,2025-02-04 19:29:10
w_001449,mem_001449,DE,sdd,organic,active,2025-07-31 13:17:11
w_001450,mem_001450,DE,sdd,search,active,2025-06-13 08:39:25
w_001451,mem_001451,DE,card,referral,active,2025-02-18 07:52:12
w_001452,mem_001452,AT,sdd,organic,active,2025-11-01 17:19:47
w_001453,mem_001453,CH,card,referral,active,2025-12-08 14:31:58
w_001454,mem_001454,AT,sdd,paid_social,active,2025-01-02 14:45:04
w_001455,mem_001455,AT,sdd,paid_social,active,2025-11-14 04:15:39
w_001456,mem_001456,AT,card,search,churned,2025-06-17 00:04:26
w_001457,mem_001457,CH,sdd,search,active,2025-11-08 04:57:08
w_001458,mem_001458,DE,sdd,search,active,2025-06-06 13:20:29
w_001459,mem_001459,AT,card,partner,active,2025-07-15 20:00:58
w_001460,mem_001460,AT,sdd,paid_social,churned,2025-11-22 04:33:16
w_001461,mem_001461,DE,sdd,,active,2025-09-02 05:43:05
w_001462,mem_001462,AT,sdd,referral,active,2025-08-11 01:30:17
w_001463,mem_001463,AT,sdd,search,active,2025-05-20 01:55:58
w_001464,mem_001464,DE,card,organic,active,2025-10-10 01:43:27
w_001465,mem_001465,DE,sdd,paid_social,active,2025-02-25 20:01:44
w_001466,mem_001466,AT,sdd,organic,active,2025-08-20 10:08:19
w_001467,mem_001467,AT,sdd,organic,active,2025-11-25 00:27:45
w_001468,mem_001468,AT,sdd,partner,active,2025-01-29 13:46:39
w_001469,mem_001469,AT,sdd,organic,active,2025-09-04 01:07:50
w_001470,mem_001470,AT,sdd,paid_social,active,2025-08-09 07:33:42
w_001471,mem_001471,DE,sdd,organic,active,2025-08-27 10:56:28
w_001472,,DE,sdd,search,active,2025-08-24 09:21:42
w_001473,mem_001473,AT,sdd,referral,active,2025-02-14 13:54:21
w_001474,mem_001474,SI,sdd,paid_social,active,2025-02-19 03:48:48
w_001475,mem_001475,DE,card,partner,active,2025-04-25 07:16:09
w_001476,mem_001476,CH,sdd,paid_social,active,2025-04-08 03:02:13
w_001477,mem_001477,AT,sdd,search,active,2025-08-15 15:59:45
w_001478,mem_001478,DE,card,referral,active,2025-06-18 08:14:55
w_001479,mem_001479,AT,card,search,active,2025-08-24 20:24:20
w_001480,mem_001480,DE,card,organic,active,2025-06-24 12:44:35
w_001481,mem_001481,DE,sdd,organic,churned,2025-11-18 01:16:33
w_001482,mem_001482,AT,sdd,referral,active,2025-11-11 04:48:13
w_001483,mem_001483,AT,card,referral,active,2025-05-25 10:57:30
w_001484,mem_001484,CH,card,paid_social,active,2025-03-25 00:30:12
w_001485,mem_001485,DE,card,partner,active,2025-08-22 17:12:01
w_001486,mem_001486,CH,sdd,search,active,2025-11-10 13:45:37
w_001487,mem_001487,AT,sdd,organic,active,2025-05-04 09:57:17
w_001488,mem_001488,AT,sdd,paid_social,active,2025-04-17 13:44:14
w_001489,,IT,card,organic,active,2025-08-12 20:33:58
w_001490,mem_001490,DE,card,partner,active,2025-06-29 08:01:32
w_001491,mem_001491,DE,card,paid_social,active,2025-01-16 04:37:37
w_001492,mem_001492,DE,card,organic,active,2025-04-27 21:30:26
w_001493,,SI,sdd,referral,active,2025-08-26 19:14:31
w_001494,mem_001494,DE,sdd,organic,active,2025-12-20 14:12:44
w_001495,mem_001495,IT,card,organic,churned,2025-01-05 00:53:52
w_001496,mem_001496,AT,card,,churned,2025-02-04 04:22:31
w_001497,mem_001497,IT,sdd,partner,active,2025-09-25 06:52:24
w_001498,mem_001498,IT,sdd,referral,active,2025-01-30 03:26:37
w_001499,mem_001499,AT,card,search,active,2025-12-26 04:18:18
w_001500,mem_001500,DE,card,paid_social,blocked,2025-12-11 18:52:51
w_001501,mem_001501,SI,sdd,search,active,2025-04-04 09:50:27
w_001502,mem_001502,DE,sdd,search,active,2025-03-29 16:53:34
w_001503,mem_001503,AT,sdd,,active,2025-04-05 03:06:37
w_001504,mem_001504,DE,sdd,paid_social,active,2025-01-24 09:43:42
w_001505,mem_001505,DE,card,search,active,2025-05-13 05:13:31
w_001506,mem_001506,IT,sdd,organic,active,2025-05-02 02:25:25
w_001507,mem_001507,IT,sdd,search,churned,2025-12-23 00:14:15
w_001508,,DE,card,paid_social,active,2025-03-14 23:51:12
w_001509,mem_001509,DE,sdd,partner,blocked,2025-02-09 15:18:31
w_001510,mem_001510,DE,sdd,organic,active,2025-03-14 15:14:37
w_001511,mem_001511,AT,sdd,paid_social,active,2025-08-02 17:12:27
w_001512,mem_001512,AT,sdd,partner,active,2025-01-21 15:27:35
w_001513,mem_001513,DE,sdd,paid_social,active,2025-03-17 07:34:25
w_001514,mem_001514,AT,sdd,organic,active,2025-06-18 09:07:18
w_001515,,AT,sdd,organic,active,2025-12-14 14:32:58
w_001516,mem_001516,AT,sdd,search,active,2025-08-29 20:52:34
w_001517,mem_001517,IT,sdd,organic,active,2025-09-26 14:57:36
w_001518,mem_001518,AT,card,referral,active,2025-08-20 14:02:37
w_001519,mem_001519,AT,sdd,organic,churned,2025-10-15 00:49:30
w_001520,mem_001520,SI,card,paid_social,active,2025-03-14 18:10:35
w_001521,mem_001521,AT,card,search,active,2025-01-09 02:07:13
w_001522,mem_001522,AT,card,paid_social,active,2025-08-19 16:31:45
w_001523,mem_001523,SI,card,paid_social,active,2025-01-18 13:04:32
w_001524,mem_001524,AT,card,organic,active,2025-03-06 23:23:35
w_001525,mem_001525,AT,sdd,paid_social,churned,2025-07-10 13:17:59
w_001526,mem_001526,AT,sdd,referral,active,2025-01-06 06:23:53
w_001527,mem_001527,AT,card,search,active,2025-12-02 23:34:29
w_001528,mem_001528,AT,card,paid_social,active,2025-01-09 01:11:32
w_001529,mem_001529,SI,sdd,search,active,2025-01-13 00:03:08
w_001530,mem_001530,AT,sdd,referral,active,2025-03-17 06:44:21
w_001531,mem_001531,SI,sdd,organic,active,2025-07-31 14:59:20
w_001532,mem_001532,DE,card,organic,active,2025-09-21 17:21:26
w_001533,,AT,card,paid_social,active,2025-03-16 00:15:57
w_001534,mem_001534,AT,sdd,organic,active,2025-06-26 17:09:55
w_001535,mem_001535,DE,sdd,paid_social,active,2025-09-24 05:34:19
w_001536,mem_001536,IT,sdd,organic,active,2025-03-05 03:36:19
w_001537,mem_001537,DE,sdd,paid_social,active,2025-04-20 21:54:44
w_001538,,AT,sdd,search,active,2025-11-20 22:28:09
w_001539,mem_001539,SI,card,organic,active,2025-09-16 09:17:15
w_001540,mem_001540,AT,sdd,paid_social,active,2025-10-12 16:33:01
w_001541,mem_001541,AT,sdd,partner,active,2025-05-18 17:24:43
w_001542,mem_001542,AT,card,referral,active,2025-12-13 19:40:36
w_001543,mem_001543,DE,sdd,paid_social,active,2025-05-06 05:43:49
w_001544,mem_001544,DE,card,paid_social,active,2025-03-19 11:41:26
w_001545,mem_001545,AT,sdd,referral,active,2025-05-27 00:15:23
w_001546,mem_001546,DE,sdd,paid_social,active,2025-07-15 15:53:51
w_001547,mem_001547,AT,card,organic,churned,2025-06-09 07:53:15
w_001548,mem_001548,AT,sdd,organic,active,2025-02-24 14:21:09
w_001549,mem_001549,AT,card,organic,blocked,2025-07-30 23:38:21
w_001550,,IT,sdd,organic,active,2025-09-18 05:35:28
w_001551,mem_001551,AT,card,search,churned,2025-01-22 05:46:24
w_001552,mem_001552,AT,card,referral,active,2025-08-08 14:18:52
w_001553,mem_001553,DE,card,,active,2025-10-15 03:21:59
w_001554,mem_001554,IT,sdd,organic,active,2025-02-22 23:21:56
w_001555,mem_001555,AT,sdd,organic,active,2025-01-03 12:07:32
w_001556,mem_001556,AT,sdd,search,active,2025-12-08 17:15:13
w_001557,mem_001557,AT,sdd,organic,churned,2025-06-22 08:39:49
w_001558,mem_001558,IT,card,search,active,2025-04-02 05:41:10
w_001559,mem_001559,AT,sdd,search,active,2025-08-28 16:20:03
w_001560,mem_001560,DE,sdd,organic,active,2025-04-04 11:19:04
w_001561,mem_001561,AT,sdd,paid_social,active,2025-09-17 05:52:55
w_001562,mem_001562,DE,sdd,paid_social,active,2025-11-07 15:11:26
w_001563,mem_001563,AT,card,referral,active,2025-08-08 02:48:35
w_001564,,SI,sdd,search,churned,2025-06-22 14:50:53
w_001565,,DE,card,organic,active,2025-04-18 12:55:57
w_001566,mem_001566,AT,card,paid_social,active,2025-12-17 12:22:50
w_001567,mem_001567,IT,sdd,search,active,2025-10-07 07:30:53
w_001568,mem_001568,CH,card,paid_social,active,2025-09-13 17:08:32
w_001569,mem_001569,DE,sdd,referral,active,2025-07-03 05:03:00
w_001570,mem_001570,SI,sdd,referral,active,2025-04-11 16:09:41
w_001571,,DE,sdd,referral,active,2025-06-06 19:26:42
w_001572,mem_001572,DE,card,search,active,2025-07-13 23:03:40
w_001573,mem_001573,CH,card,paid_social,active,2025-10-12 12:45:55
w_001574,mem_001574,AT,sdd,search,active,2025-06-13 03:12:25
w_001575,mem_001575,IT,card,organic,active,2025-06-21 11:20:36
w_001576,mem_001576,DE,card,organic,active,2025-09-29 08:35:44
w_001577,mem_001577,AT,sdd,search,active,2025-07-10 17:24:42
w_001578,mem_001578,AT,card,organic,active,2025-11-11 01:22:16
w_001579,mem_001579,AT,sdd,paid_social,blocked,2025-01-13 21:48:42
w_001580,mem_001580,SI,card,paid_social,active,2025-01-28 22:45:48
w_001581,mem_001581,DE,sdd,referral,active,2025-03-15 20:12:15
w_001582,mem_001582,DE,card,search,active,2025-08-05 23:26:10
w_001583,,AT,sdd,organic,active,2025-08-10 00:53:06
w_001584,mem_001584,IT,sdd,search,active,2025-08-22 14:17:21
w_001585,mem_001585,IT,card,organic,active,2025-06-01 15:02:16
w_001586,mem_001586,DE,sdd,referral,active,2025-08-12 10:42:19
w_001587,mem_001587,DE,card,organic,active,2025-08-01 00:32:40
w_001588,,AT,card,organic,active,2025-01-12 15:24:55
w_001589,mem_001589,CH,card,search,active,2025-03-21 07:35:32
w_001590,mem_001590,DE,card,search,active,2025-04-02 12:06:41
w_001591,,CH,card,referral,churned,2025-11-10 14:19:44
w_001592,mem_001592,AT,card,organic,active,2025-02-01 07:11:08
w_001593,mem_001593,DE,sdd,search,active,2025-07-12 20:37:00
w_001594,,DE,card,paid_social,active,2025-03-30 10:49:54
w_001595,mem_001595,AT,sdd,paid_social,active,2025-12-01 02:31:32
w_001596,mem_001596,DE,sdd,paid_social,active,2025-05-27 12:01:04
w_001597,mem_001597,AT,sdd,partner,churned,2025-12-15 10:00:48
w_001598,mem_001598,AT,card,partner,active,2025-04-03 11:54:26
w_001599,mem_001599,IT,card,organic,active,2025-11-05 00:58:52
w_001600,,AT,sdd,paid_social,active,2025-01-23 02:11:38
w_001601,mem_001601,AT,sdd,referral,churned,2025-09-12 10:59:24
w_001602,,DE,sdd,search,active,2025-09-12 23:51:54
w_001603,mem_001603,DE,sdd,paid_social,active,2025-05-19 15:05:33
w_001604,mem_001604,DE,sdd,referral,active,2025-08-03 03:28:29
w_001605,mem_001605,DE,card,paid_social,active,2025-07-15 12:27:04
w_001606,mem_001606,SI,sdd,search,active,2025-01-31 11:10:13
w_001607,mem_001607,IT,sdd,organic,active,2025-03-23 20:30:55
w_001608,mem_001608,AT,sdd,organic,active,2025-06-20 23:40:58
w_001609,mem_001609,SI,sdd,search,active,2025-04-18 22:50:35
w_001610,mem_001610,AT,sdd,organic,blocked,2025-05-30 02:32:43
w_001611,mem_001611,DE,sdd,search,active,2025-03-13 14:58:56
w_001612,mem_001612,AT,card,organic,active,2025-01-11 02:15:50
w_001613,mem_001613,AT,card,paid_social,active,2025-10-20 13:26:09
w_001614,mem_001614,DE,card,paid_social,churned,2025-06-16 01:02:50
w_001615,mem_001615,SI,sdd,paid_social,active,2025-10-08 02:58:31
w_001616,mem_001616,AT,sdd,search,active,2025-10-07 07:37:05
w_001617,mem_001617,AT,card,organic,churned,2025-12-26 02:27:59
w_001618,mem_001618,DE,sdd,organic,active,2025-04-08 01:32:26
w_001619,mem_001619,IT,card,organic,active,2025-04-15 08:54:24
w_001620,mem_001620,IT,sdd,organic,active,2025-08-09 18:15:17
w_001621,mem_001621,DE,card,organic,churned,2025-01-04 10:40:51
w_001622,mem_001622,CH,card,partner,active,2025-01-23 18:03:00
w_001623,mem_001623,AT,card,organic,active,2025-06-21 01:11:37
w_001624,mem_001624,DE,sdd,referral,blocked,2025-09-02 19:10:39
w_001625,mem_001625,DE,sdd,referral,blocked,2025-03-13 13:23:08
w_001626,mem_001626,SI,sdd,search,churned,2025-01-24 14:49:01
w_001627,mem_001627,DE,sdd,organic,active,2025-11-26 21:03:00
w_001628,mem_001628,AT,card,search,active,2025-06-22 08:38:02
w_001629,mem_001629,IT,sdd,organic,active,2025-09-22 11:31:53
w_001630,mem_001630,CH,sdd,partner,churned,2025-11-03 02:13:30
w_001631,mem_001631,AT,card,partner,active,2025-04-25 04:51:58
w_001632,mem_001632,AT,card,search,active,2025-01-10 22:00:22
w_001633,mem_001633,AT,card,organic,active,2025-11-01 06:26:35
w_001634,mem_001634,DE,card,partner,active,2025-10-10 01:13:53
w_001635,mem_001635,DE,card,paid_social,churned,2025-03-29 05:14:48
w_001636,mem_001636,AT,sdd,paid_social,active,2025-02-17 02:03:38
w_001637,mem_001637,DE,card,organic,active,2025-06-21 06:34:48
w_001638,mem_001638,DE,card,organic,active,2025-11-07 07:16:30
w_001639,mem_001639,DE,sdd,paid_social,churned,2025-04-04 14:42:57
w_001640,mem_001640,DE,sdd,paid_social,active,2025-01-30 16:30:27
w_001641,mem_001641,CH,sdd,partner,churned,2025-08-10 02:39:15
w_001642,mem_001642,AT,sdd,organic,active,2025-09-19 19:06:54
w_001643,mem_001643,AT,sdd,partner,active,2025-02-01 15:41:26
w_001644,mem_001644,AT,sdd,organic,blocked,2025-03-18 22:27:54
w_001645,mem_001645,AT,card,search,active,2025-08-04 09:02:55
w_001646,mem_001646,AT,card,partner,churned,2025-01-10 07:03:26
w_001647,mem_001647,DE,sdd,organic,active,2025-12-18 04:19:03
w_001648,mem_001648,DE,card,,blocked,2025-05-11 19:16:50
w_001649,,CH,card,referral,churned,2025-01-18 13:38:45
w_001650,mem_001650,DE,sdd,organic,active,2025-10-15 15:48:03
w_001651,mem_001651,DE,sdd,organic,active,2025-10-25 11:13:28
w_001652,mem_001652,AT,sdd,paid_social,active,2025-08-19 07:36:38
w_001653,mem_001653,AT,sdd,organic,active,2025-08-17 09:18:39
w_001654,mem_001654,IT,sdd,organic,active,2025-07-21 01:06:19
w_001655,mem_001655,AT,card,partner,churned,2025-05-04 17:21:53
w_001656,mem_001656,DE,card,organic,active,2025-10-11 21:16:22
w_001657,mem_001657,DE,sdd,organic,active,2025-04-21 14:26:38
w_001658,mem_001658,AT,sdd,organic,active,2025-12-23 09:31:09
w_001659,mem_001659,DE,sdd,partner,active,2025-02-07 06:33:40
w_001660,mem_001660,AT,card,organic,active,2025-12-12 21:24:28
w_001661,mem_001661,DE,sdd,organic,churned,2025-03-20 21:24:38
w_001662,mem_001662,DE,card,paid_social,active,2025-06-26 06:10:58
w_001663,mem_001663,AT,sdd,referral,active,2025-06-17 21:00:38
w_001664,mem_001664,AT,sdd,organic,active,2025-05-18 08:55:12
w_001665,mem_001665,DE,card,referral,active,2025-05-11 05:34:08
w_001666,mem_001666,AT,card,paid_social,active,2025-05-03 06:14:28
w_001667,mem_001667,IT,sdd,referral,active,2025-03-15 22:38:39
w_001668,mem_001668,IT,sdd,organic,active,2025-01-04 02:17:28
w_001669,mem_001669,DE,sdd,organic,active,2025-07-02 13:47:35
w_001670,mem_001670,DE,sdd,paid_social,active,2025-12-07 03:38:37
w_001671,mem_001671,AT,sdd,organic,active,2025-07-10 13:34:22
w_001672,mem_001672,AT,sdd,partner,active,2025-05-28 16:33:42
w_001673,mem_001673,AT,sdd,search,active,2025-12-07 22:31:28
w_001674,mem_001674,AT,sdd,,active,2025-06-02 07:39:45
w_001675,mem_001675,SI,sdd,referral,active,2025-12-15 06:57:11
w_001676,mem_001676,DE,sdd,paid_social,churned,2025-02-14 23:30:46
w_001677,mem_001677,IT,sdd,paid_social,active,2025-02-19 17:35:08
w_001678,,AT,card,paid_social,active,2025-04-02 05:03:15
w_001679,mem_001679,AT,sdd,paid_social,active,2025-08-07 08:37:04
w_001680,mem_001680,DE,sdd,referral,active,2025-06-04 19:57:44
w_001681,mem_001681,DE,sdd,organic,active,2025-01-18 17:17:19
w_001682,mem_001682,DE,sdd,paid_social,churned,2025-08-31 20:05:33
w_001683,,IT,sdd,paid_social,active,2025-10-08 11:39:34
w_001684,mem_001684,DE,sdd,organic,active,2025-10-25 11:45:29
w_001685,mem_001685,DE,sdd,organic,active,2025-03-02 23:16:47
w_001686,mem_001686,DE,card,organic,active,2025-05-26 04:48:49
w_001687,mem_001687,DE,card,organic,active,2025-01-08 18:40:40
w_001688,mem_001688,DE,sdd,organic,active,2025-04-20 22:35:14
w_001689,mem_001689,DE,card,search,active,2025-02-18 00:26:04
w_001690,mem_001690,DE,card,paid_social,active,2025-12-01 18:16:13
w_001691,mem_001691,CH,sdd,referral,active,2025-01-06 17:24:12
w_001692,mem_001692,AT,sdd,paid_social,active,2025-06-01 21:32:20
w_001693,mem_001693,AT,card,paid_social,active,2025-01-10 02:24:05
w_001694,mem_001694,SI,card,paid_social,active,2025-05-27 05:59:12
w_001695,mem_001695,AT,card,search,active,2025-12-19 12:03:28
w_001696,mem_001696,DE,card,organic,active,2025-05-25 18:10:00
w_001697,mem_001697,DE,card,organic,active,2025-10-27 12:09:32
w_001698,mem_001698,DE,sdd,partner,active,2025-11-11 10:46:18
w_001699,mem_001699,DE,sdd,search,active,2025-08-19 10:58:39
w_001700,mem_001700,DE,sdd,search,active,2025-08-09 01:27:36
w_001701,mem_001701,DE,sdd,organic,active,2025-11-21 00:27:28
w_001702,mem_001702,DE,sdd,partner,active,2025-09-26 02:58:10
w_001703,mem_001703,DE,card,,active,2025-04-02 13:14:59
w_001704,mem_001704,AT,sdd,organic,active,2025-02-01 15:01:21
w_001705,mem_001705,DE,card,organic,active,2025-07-21 22:10:58
w_001706,mem_001706,DE,sdd,search,active,2025-06-14 17:39:53
w_001707,mem_001707,DE,sdd,partner,active,2025-06-12 09:24:56
w_001708,mem_001708,CH,card,organic,active,2025-09-20 19:08:39
w_001709,mem_001709,DE,card,paid_social,active,2025-04-23 16:49:48
w_001710,mem_001710,AT,card,,active,2025-04-08 13:43:14
w_001711,mem_001711,DE,sdd,organic,active,2025-02-22 13:27:11
w_001712,,AT,sdd,referral,churned,2025-07-02 17:19:00
w_001713,mem_001713,DE,card,organic,active,2025-07-28 20:01:14
w_001714,mem_001714,DE,card,organic,active,2025-09-05 03:09:05
w_001715,mem_001715,DE,sdd,search,active,2025-11-15 17:59:08
w_001716,mem_001716,AT,card,organic,active,2025-04-09 22:26:10
w_001717,mem_001717,AT,card,referral,active,2025-03-26 01:22:50
w_001718,mem_001718,IT,card,,active,2025-10-25 12:08:38
w_001719,mem_001719,DE,sdd,search,active,2025-10-14 07:48:45
w_001720,mem_001720,AT,sdd,search,active,2025-03-26 01:23:57
w_001721,,AT,card,paid_social,churned,2025-05-06 13:43:38
w_001722,mem_001722,AT,card,paid_social,active,2025-07-03 04:27:39
w_001723,mem_001723,IT,sdd,organic,active,2025-05-30 17:23:55
w_001724,mem_001724,CH,card,referral,churned,2025-08-24 02:33:35
w_001725,mem_001725,DE,sdd,organic,active,2025-11-23 04:12:45
w_001726,mem_001726,AT,sdd,paid_social,active,2025-12-16 10:23:27
w_001727,mem_001727,DE,card,partner,active,2025-09-18 05:13:01
w_001728,mem_001728,DE,sdd,paid_social,active,2025-03-16 04:06:00
w_001729,mem_001729,AT,card,partner,active,2025-07-24 06:41:58
w_001730,mem_001730,AT,sdd,paid_social,active,2025-07-15 06:22:25
w_001731,mem_001731,AT,sdd,paid_social,active,2025-01-18 01:20:22
w_001732,mem_001732,SI,card,paid_social,churned,2025-01-12 19:35:43
w_001733,mem_001733,DE,sdd,paid_social,active,2025-07-03 20:51:32
w_001734,mem_001734,DE,card,organic,active,2025-08-27 00:49:58
w_001735,mem_001735,DE,card,organic,active,2025-06-12 22:41:59
w_001736,mem_001736,AT,card,organic,churned,2025-11-30 04:07:01
w_001737,mem_001737,CH,sdd,,blocked,2025-11-22 03:57:17
w_001738,mem_001738,CH,sdd,search,active,2025-10-08 10:47:27
w_001739,,DE,sdd,organic,active,2025-09-18 01:30:29
w_001740,mem_001740,AT,sdd,organic,active,2025-03-09 00:36:39
w_001741,mem_001741,AT,card,organic,churned,2025-10-18 00:56:43
w_001742,mem_001742,DE,sdd,organic,active,2025-07-01 01:47:10
w_001743,mem_001743,AT,card,organic,active,2025-02-05 04:05:47
w_001744,mem_001744,AT,sdd,search,active,2025-03-07 18:19:27
w_001745,mem_001745,CH,card,search,active,2025-04-06 19:42:36
w_001746,mem_001746,DE,sdd,organic,active,2025-10-14 15:41:17
w_001747,mem_001747,AT,sdd,,active,2025-05-03 13:03:18
w_001748,mem_001748,DE,card,paid_social,active,2025-04-11 17:21:19
w_001749,mem_001749,DE,sdd,partner,active,2025-09-07 06:15:03
w_001750,mem_001750,AT,card,paid_social,active,2025-08-16 06:40:24
w_001751,mem_001751,AT,card,paid_social,active,2025-11-11 22:12:48
w_001752,mem_001752,DE,sdd,paid_social,active,2025-10-16 14:29:24
w_001753,mem_001753,DE,sdd,paid_social,active,2025-01-13 05:07:01
w_001754,mem_001754,DE,sdd,referral,active,2025-05-06 10:29:38
w_001755,mem_001755,AT,sdd,organic,churned,2025-09-02 11:06:18
w_001756,mem_001756,AT,sdd,organic,churned,2025-12-17 16:22:56
w_001757,mem_001757,DE,card,search,active,2025-01-09 10:43:27
w_001758,mem_001758,AT,sdd,referral,active,2025-07-03 22:00:41
w_001759,,AT,card,partner,churned,2025-04-27 13:49:04
w_001760,mem_001760,SI,sdd,organic,active,2025-02-11 21:17:03
w_001761,mem_001761,DE,card,paid_social,active,2025-07-18 22:05:26
w_001762,mem_001762,AT,card,,active,2025-08-09 14:02:03
w_001763,mem_001763,AT,sdd,paid_social,active,2025-05-01 02:38:17
w_001764,mem_001764,AT,sdd,organic,blocked,2025-09-13 18:40:37
w_001765,mem_001765,AT,card,search,active,2025-03-20 23:05:53
w_001766,mem_001766,DE,card,referral,active,2025-01-02 22:05:19
w_001767,mem_001767,DE,sdd,partner,active,2025-12-21 12:13:14
w_001768,mem_001768,AT,card,partner,active,2025-05-31 12:27:02
w_001769,mem_001769,DE,sdd,paid_social,blocked,2025-11-15 09:00:23
w_001770,mem_001770,AT,card,search,active,2025-09-18 03:42:11
w_001771,mem_001771,AT,card,paid_social,active,2025-05-24 08:33:53
w_001772,mem_001772,AT,sdd,paid_social,active,2025-01-31 00:12:18
w_001773,mem_001773,AT,sdd,referral,active,2025-05-12 21:10:37
w_001774,,DE,sdd,referral,churned,2025-07-06 16:00:06
w_001775,mem_001775,AT,card,referral,active,2025-11-20 23:36:37
w_001776,mem_001776,AT,card,paid_social,active,2025-06-07 01:58:00
w_001777,,DE,sdd,organic,active,2025-06-26 14:02:14
w_001778,mem_001778,DE,card,paid_social,active,2025-06-15 01:06:42
w_001779,mem_001779,IT,card,organic,active,2025-05-25 18:59:01
w_001780,mem_001780,AT,card,organic,active,2025-03-11 10:54:19
w_001781,mem_001781,AT,sdd,referral,active,2025-05-11 22:08:45
w_001782,mem_001782,AT,sdd,paid_social,active,2025-12-05 17:32:29
w_001783,,AT,sdd,referral,active,2025-05-23 13:39:30
w_001784,mem_001784,AT,sdd,organic,active,2025-10-25 19:24:30
w_001785,mem_001785,AT,card,paid_social,active,2025-05-07 01:47:40
w_001786,mem_001786,AT,card,referral,active,2025-06-03 20:59:14
w_001787,mem_001787,DE,card,partner,active,2025-06-17 10:08:53
w_001788,mem_001788,DE,sdd,organic,active,2025-12-17 21:58:49
w_001789,,DE,card,organic,active,2025-05-25 18:42:15
w_001790,mem_001790,CH,card,paid_social,active,2025-07-19 02:04:44
w_001791,mem_001791,DE,card,organic,active,2025-01-09 16:37:44
w_001792,mem_001792,AT,sdd,organic,active,2025-12-21 07:41:13
w_001793,mem_001793,DE,sdd,paid_social,active,2025-07-19 15:11:45
w_001794,mem_001794,DE,card,organic,active,2025-03-25 13:53:44
w_001795,,AT,sdd,organic,active,2025-09-18 18:16:15
w_001796,,AT,sdd,referral,active,2025-03-22 10:39:02
w_001797,mem_001797,AT,sdd,organic,active,2025-09-04 13:17:34
w_001798,mem_001798,DE,sdd,referral,active,2025-04-22 18:46:56
w_001799,mem_001799,AT,sdd,paid_social,churned,2025-07-30 06:45:13
w_001800,mem_001800,DE,sdd,organic,active,2025-06-22 13:57:01
w_001801,mem_001801,IT,card,referral,active,2025-06-01 11:38:03
w_001802,mem_001802,DE,sdd,organic,active,2025-08-06 23:56:06
w_001803,mem_001803,AT,card,organic,active,2025-10-19 14:29:57
w_001804,mem_001804,DE,card,organic,active,2025-05-17 13:23:43
w_001805,mem_001805,CH,sdd,referral,active,2025-10-16 23:04:02
w_001806,mem_001806,AT,sdd,organic,active,2025-11-26 23:28:53
w_001807,mem_001807,DE,sdd,paid_social,active,2025-12-02 21:23:23
w_001808,mem_001808,AT,card,referral,churned,2025-10-19 18:26:44
w_001809,mem_001809,DE,sdd,paid_social,churned,2025-09-15 23:06:53
w_001810,mem_001810,DE,sdd,partner,active,2025-06-02 07:19:14
w_001811,mem_001811,AT,sdd,organic,active,2025-03-02 23:02:45
w_001812,mem_001812,AT,card,paid_social,active,2025-06-30 04:59:37
w_001813,mem_001813,DE,sdd,referral,active,2025-06-12 10:33:18
w_001814,mem_001814,CH,sdd,organic,active,2025-02-01 06:22:06
w_001815,mem_001815,SI,sdd,referral,active,2025-08-10 02:19:04
w_001816,mem_001816,IT,card,organic,active,2025-11-03 18:12:50
w_001817,mem_001817,DE,card,organic,active,2025-05-24 07:55:43
w_001818,mem_001818,AT,sdd,organic,blocked,2025-02-21 12:23:17
w_001819,mem_001819,AT,sdd,referral,active,2025-08-23 06:41:17
w_001820,mem_001820,CH,sdd,paid_social,active,2025-11-09 02:54:19
w_001821,,DE,card,,active,2025-01-28 02:58:37
w_001822,mem_001822,SI,card,paid_social,active,2025-12-01 19:59:50
w_001823,mem_001823,DE,sdd,paid_social,active,2025-10-05 23:41:29
w_001824,,IT,card,organic,active,2025-10-09 23:06:23
w_001825,mem_001825,DE,sdd,organic,active,2025-06-05 02:57:07
w_001826,mem_001826,DE,card,search,active,2025-02-26 16:40:01
w_001827,mem_001827,CH,card,organic,active,2025-05-23 07:41:48
w_001828,mem_001828,DE,card,search,active,2025-02-07 17:16:37
w_001829,mem_001829,DE,card,referral,active,2025-10-21 23:34:13
w_001830,mem_001830,AT,sdd,organic,active,2025-08-09 16:17:54
w_001831,mem_001831,AT,card,organic,active,2025-12-08 19:47:04
w_001832,mem_001832,DE,sdd,search,active,2025-09-04 04:19:32
w_001833,mem_001833,AT,card,organic,active,2025-02-19 22:12:05
w_001834,mem_001834,AT,sdd,paid_social,active,2025-03-24 04:49:59
w_001835,mem_001835,DE,sdd,paid_social,active,2025-12-04 23:09:19
w_001836,mem_001836,DE,sdd,partner,active,2025-03-02 12:52:39
w_001837,mem_001837,AT,card,organic,active,2025-09-09 19:18:25
w_001838,mem_001838,AT,sdd,search,active,2025-01-26 03:32:16
w_001839,mem_001839,DE,card,referral,active,2025-11-03 12:34:09
w_001840,mem_001840,IT,sdd,organic,active,2025-01-05 17:43:10
w_001841,mem_001841,DE,card,paid_social,active,2025-03-20 15:42:58
w_001842,mem_001842,DE,card,,active,2025-04-16 10:19:01
w_001843,mem_001843,AT,card,organic,active,2025-01-22 17:43:22
w_001844,mem_001844,DE,sdd,,active,2025-09-10 17:57:46
w_001845,mem_001845,AT,card,organic,active,2025-04-14 05:05:37
w_001846,mem_001846,AT,sdd,search,active,2025-12-17 17:48:54
w_001847,mem_001847,IT,sdd,referral,active,2025-07-05 08:35:36
w_001848,mem_001848,DE,sdd,referral,active,2025-03-18 06:49:17
w_001849,mem_001849,DE,card,organic,active,2025-08-21 08:30:07
w_001850,mem_001850,DE,card,search,active,2025-12-11 06:56:30
w_001851,mem_001851,AT,card,organic,active,2025-01-01 04:36:53
w_001852,mem_001852,AT,card,organic,churned,2025-07-07 16:29:34
w_001853,mem_001853,DE,sdd,search,active,2025-04-17 21:52:24
w_001854,mem_001854,SI,sdd,organic,active,2025-03-12 18:02:35
w_001855,mem_001855,AT,card,paid_social,active,2025-01-26 11:03:30
w_001856,mem_001856,DE,card,organic,active,2025-09-24 18:55:16
w_001857,mem_001857,DE,card,partner,active,2025-07-14 20:55:31
w_001858,mem_001858,AT,card,search,active,2025-03-23 16:03:46
w_001859,mem_001859,AT,sdd,paid_social,active,2025-11-28 00:32:44
w_001860,mem_001860,AT,card,paid_social,active,2025-08-20 03:56:32
w_001861,mem_001861,AT,card,search,active,2025-11-29 12:42:44
w_001862,mem_001862,AT,sdd,search,active,2025-05-03 11:14:37
w_001863,,DE,sdd,paid_social,active,2025-06-06 22:18:32
w_001864,,AT,card,organic,active,2025-04-17 11:47:50
w_001865,,AT,card,search,active,2025-05-26 01:02:27
w_001866,mem_001866,IT,sdd,organic,active,2025-11-06 17:00:07
w_001867,mem_001867,DE,card,partner,churned,2025-05-07 09:43:18
w_001868,mem_001868,CH,sdd,organic,active,2025-10-31 09:34:19
w_001869,mem_001869,AT,sdd,paid_social,active,2025-08-24 14:53:56
w_001870,mem_001870,AT,card,organic,active,2025-06-20 03:36:54
w_001871,mem_001871,IT,card,paid_social,active,2025-10-29 01:47:15
w_001872,mem_001872,DE,card,organic,active,2025-08-07 04:41:40
w_001873,mem_001873,AT,card,search,active,2025-07-26 05:32:05
w_001874,mem_001874,IT,card,paid_social,active,2025-09-29 13:29:40
w_001875,mem_001875,AT,sdd,organic,active,2025-12-10 12:55:54
w_001876,mem_001876,CH,sdd,referral,active,2025-10-01 10:19:03
w_001877,mem_001877,AT,sdd,partner,active,2025-06-15 23:00:46
w_001878,mem_001878,SI,card,search,active,2025-07-18 22:37:29
w_001879,mem_001879,DE,card,search,active,2025-05-08 00:30:48
w_001880,mem_001880,AT,sdd,paid_social,active,2025-08-08 13:02:28
w_001881,mem_001881,DE,card,search,churned,2025-11-27 16:25:27
w_001882,mem_001882,DE,card,,active,2025-10-25 22:01:57
w_001883,mem_001883,DE,sdd,paid_social,active,2025-03-01 02:39:22
w_001884,mem_001884,CH,sdd,organic,churned,2025-09-26 23:22:15
w_001885,mem_001885,AT,sdd,organic,active,2025-08-31 05:12:35
w_001886,mem_001886,DE,card,organic,active,2025-03-28 13:29:06
w_001887,mem_001887,CH,card,organic,active,2025-11-16 01:09:56
w_001888,mem_001888,AT,sdd,partner,active,2025-10-28 04:48:27
w_001889,mem_001889,SI,sdd,organic,active,2025-01-16 07:43:29
w_001890,mem_001890,AT,card,organic,active,2025-03-31 08:43:24
w_001891,mem_001891,AT,card,paid_social,active,2025-12-24 05:53:12
w_001892,mem_001892,IT,card,organic,active,2025-11-20 22:54:32
w_001893,mem_001893,AT,sdd,search,active,2025-01-20 02:42:37
w_001894,mem_001894,DE,sdd,organic,active,2025-02-06 01:26:29
w_001895,mem_001895,DE,card,organic,active,2025-03-23 09:58:03
w_001896,mem_001896,DE,sdd,paid_social,active,2025-03-16 04:04:23
w_001897,,DE,card,organic,active,2025-06-27 11:07:03
w_001898,mem_001898,DE,card,organic,active,2025-05-20 23:06:03
w_001899,mem_001899,AT,sdd,partner,active,2025-09-30 07:47:15
w_001900,mem_001900,AT,card,organic,blocked,2025-04-17 16:32:23
w_001901,mem_001901,DE,card,organic,active,2025-01-04 14:26:22
w_001902,mem_001902,AT,card,search,active,2025-11-08 14:43:34
w_001903,mem_001903,SI,card,search,churned,2025-06-12 19:35:31
w_001904,mem_001904,IT,sdd,organic,churned,2025-03-12 12:46:17
w_001905,mem_001905,AT,sdd,search,churned,2025-06-06 18:19:50
w_001906,,DE,sdd,paid_social,active,2025-05-09 18:34:07
w_001907,mem_001907,DE,sdd,organic,active,2025-07-29 12:16:14
w_001908,mem_001908,AT,card,paid_social,active,2025-12-15 10:24:17
w_001909,mem_001909,AT,card,referral,active,2025-06-11 04:47:47
w_001910,mem_001910,AT,sdd,paid_social,blocked,2025-05-01 22:44:46
w_001911,mem_001911,DE,card,paid_social,active,2025-08-27 07:15:20
w_001912,mem_001912,CH,sdd,organic,active,2025-02-18 20:50:54
w_001913,mem_001913,DE,sdd,organic,active,2025-02-06 19:29:57
w_001914,mem_001914,SI,card,paid_social,active,2025-10-11 12:22:31
w_001915,mem_001915,CH,sdd,paid_social,active,2025-08-13 03:35:14
w_001916,mem_001916,AT,card,paid_social,churned,2025-02-26 09:33:28
w_001917,mem_001917,AT,card,search,churned,2025-01-19 15:33:51
w_001918,mem_001918,DE,sdd,paid_social,active,2025-04-03 08:43:48
w_001919,mem_001919,DE,card,paid_social,churned,2025-09-02 04:01:44
w_001920,mem_001920,AT,card,partner,active,2025-04-13 01:31:00
w_001921,mem_001921,AT,card,search,active,2025-05-11 23:26:26
w_001922,mem_001922,AT,sdd,organic,active,2025-06-27 05:10:24
w_001923,mem_001923,DE,sdd,,active,2025-05-22 21:58:55
w_001924,mem_001924,AT,card,organic,active,2025-11-19 08:53:14
w_001925,mem_001925,SI,card,organic,churned,2025-06-19 09:20:38
w_001926,mem_001926,AT,card,organic,churned,2025-11-15 11:12:07
w_001927,mem_001927,DE,card,paid_social,active,2025-01-07 11:50:04
w_001928,mem_001928,AT,sdd,partner,active,2025-07-26 01:11:31
w_001929,mem_001929,DE,card,search,active,2025-07-26 04:04:03
w_001930,mem_001930,AT,card,referral,active,2025-03-29 20:52:21
w_001931,mem_001931,SI,sdd,paid_social,active,2025-11-30 07:53:27
w_001932,mem_001932,DE,sdd,partner,blocked,2025-07-22 15:02:56
w_001933,,DE,sdd,search,active,2025-01-01 03:17:45
w_001934,mem_001934,DE,sdd,search,active,2025-08-19 16:20:26
w_001935,mem_001935,SI,sdd,organic,churned,2025-10-24 22:31:21
w_001936,mem_001936,IT,sdd,,active,2025-06-12 17:26:58
w_001937,mem_001937,DE,card,referral,active,2025-04-18 06:32:13
w_001938,mem_001938,DE,sdd,organic,active,2025-03-21 22:29:05
w_001939,mem_001939,DE,sdd,paid_social,active,2025-05-01 20:13:36
w_001940,mem_001940,DE,sdd,,active,2025-11-16 07:50:08
w_001941,mem_001941,CH,sdd,search,blocked,2025-12-20 14:31:57
w_001942,mem_001942,DE,card,referral,active,2025-04-10 04:59:19
w_001943,mem_001943,DE,sdd,search,active,2025-11-05 12:51:46
w_001944,mem_001944,IT,sdd,referral,active,2025-08-21 15:31:21
w_001945,mem_001945,IT,sdd,search,active,2025-06-17 22:58:50
w_001946,mem_001946,AT,card,organic,active,2025-04-18 03:15:14
w_001947,mem_001947,IT,sdd,paid_social,active,2025-05-19 12:19:27
w_001948,mem_001948,SI,card,paid_social,active,2025-08-18 13:18:22
w_001949,mem_001949,DE,card,paid_social,active,2025-08-24 14:18:01
w_001950,mem_001950,DE,sdd,organic,active,2025-08-22 15:53:57
w_001951,mem_001951,DE,card,search,active,2025-10-24 17:16:55
w_001952,mem_001952,IT,card,paid_social,active,2025-10-06 22:56:19
w_001953,,IT,card,paid_social,active,2025-07-23 00:31:35
w_001954,,AT,card,organic,active,2025-12-19 15:55:52
w_001955,mem_001955,DE,card,paid_social,active,2025-12-24 13:15:48
w_001956,mem_001956,AT,sdd,organic,churned,2025-09-23 06:07:49
w_001957,mem_001957,DE,sdd,paid_social,active,2025-06-27 22:46:34
w_001958,mem_001958,DE,sdd,search,active,2025-12-02 08:14:38
w_001959,mem_001959,AT,sdd,search,active,2025-11-25 01:21:34
w_001960,mem_001960,CH,sdd,paid_social,active,2025-03-30 09:06:53
w_001961,mem_001961,AT,sdd,referral,active,2025-08-30 11:35:36
w_001962,mem_001962,AT,sdd,organic,active,2025-05-17 03:46:19
w_001963,mem_001963,CH,card,paid_social,active,2025-01-07 04:27:12
w_001964,mem_001964,DE,sdd,organic,active,2025-10-21 21:36:46
w_001965,mem_001965,DE,sdd,referral,blocked,2025-10-04 09:12:13
w_001966,mem_001966,AT,card,search,active,2025-07-26 22:18:52
w_001967,mem_001967,DE,sdd,,active,2025-12-07 09:14:26
w_001968,mem_001968,AT,card,organic,active,2025-06-21 20:44:05
w_001969,mem_001969,AT,sdd,referral,churned,2025-03-29 04:11:56
w_001970,mem_001970,SI,card,paid_social,active,2025-03-25 20:58:06
w_001971,mem_001971,DE,sdd,search,active,2025-06-20 11:18:34
w_001972,mem_001972,CH,sdd,organic,active,2025-08-14 14:20:22
w_001973,mem_001973,AT,sdd,partner,active,2025-11-06 10:41:21
w_001974,mem_001974,SI,sdd,search,active,2025-04-02 03:37:00
w_001975,mem_001975,AT,card,search,active,2025-09-30 19:10:01
w_001976,mem_001976,AT,card,organic,active,2025-07-17 01:48:45
w_001977,mem_001977,DE,card,paid_social,active,2025-05-16 06:47:24
w_001978,mem_001978,DE,card,organic,active,2025-08-12 00:28:59
w_001979,,DE,card,paid_social,active,2025-03-08 13:00:56
w_001980,mem_001980,AT,card,paid_social,active,2025-10-02 07:16:37
w_001981,mem_001981,DE,card,partner,active,2025-12-15 04:15:19
w_001982,mem_001982,DE,card,organic,active,2025-06-03 21:16:50
w_001983,mem_001983,DE,card,,active,2025-08-10 07:27:20
w_001984,mem_001984,DE,card,paid_social,active,2025-08-16 22:02:52
w_001985,mem_001985,AT,sdd,organic,active,2025-02-16 11:31:47
w_001986,mem_001986,DE,sdd,organic,active,2025-03-17 13:58:48
w_001987,mem_001987,AT,sdd,paid_social,active,2025-09-10 04:54:43
w_001988,mem_001988,DE,card,organic,active,2025-09-30 05:07:41
w_001989,mem_001989,AT,sdd,organic,active,2025-05-14 07:44:40
w_001990,mem_001990,AT,card,referral,active,2025-02-05 05:42:24
w_001991,mem_001991,AT,card,organic,active,2025-05-12 22:25:17
w_001992,,AT,card,paid_social,active,2025-08-05 08:48:46
w_001993,mem_001993,IT,card,paid_social,active,2025-01-02 19:26:38
w_001994,mem_001994,DE,sdd,organic,active,2025-01-27 22:45:16
w_001995,mem_001995,AT,sdd,organic,active,2025-05-15 01:56:39
w_001996,mem_001996,AT,sdd,search,blocked,2025-06-21 03:35:57
w_001997,mem_001997,CH,card,organic,churned,2025-01-12 18:48:17
w_001998,mem_001998,DE,card,organic,active,2025-05-02 00:55:53
w_001999,mem_001999,SI,card,partner,active,2025-02-08 17:28:20
w_002000,mem_002000,DE,sdd,paid_social,active,2025-09-13 17:33:10
w_002001,mem_002001,SI,sdd,search,active,2025-05-12 09:35:38
w_002002,mem_002002,CH,card,partner,churned,2025-01-17 03:39:01
w_002003,mem_002003,IT,sdd,referral,active,2025-10-02 19:39:32
w_002004,mem_002004,DE,sdd,paid_social,active,2025-12-21 03:13:00
w_002005,mem_002005,DE,sdd,referral,active,2025-03-20 00:49:22
w_002006,mem_002006,AT,sdd,paid_social,active,2025-06-06 23:46:19
w_002007,mem_002007,IT,sdd,referral,active,2025-08-25 18:28:23
w_002008,mem_002008,CH,sdd,referral,active,2025-01-22 09:42:50
w_002009,mem_002009,AT,sdd,organic,active,2025-12-16 15:11:01
w_002010,mem_002010,DE,card,referral,active,2025-04-28 15:39:38
w_002011,mem_002011,AT,sdd,referral,active,2025-06-18 11:20:48
w_002012,mem_002012,AT,sdd,organic,active,2025-12-20 15:59:09
w_002013,mem_002013,DE,sdd,partner,active,2025-10-05 07:17:04
w_002014,mem_002014,AT,card,referral,active,2025-03-22 00:20:14
w_002015,mem_002015,SI,card,paid_social,churned,2025-12-22 10:42:05
w_002016,mem_002016,DE,card,organic,active,2025-11-22 08:44:37
w_002017,mem_002017,IT,card,organic,active,2025-12-25 03:19:11
w_002018,mem_002018,DE,sdd,search,churned,2025-12-08 05:54:03
w_002019,mem_002019,IT,sdd,referral,churned,2025-05-27 11:07:22
w_002020,mem_002020,DE,sdd,referral,active,2025-09-01 07:44:56
w_002021,mem_002021,CH,sdd,organic,active,2025-01-28 09:20:04
w_002022,mem_002022,SI,card,referral,active,2025-05-08 03:23:21
w_002023,mem_002023,DE,sdd,organic,active,2025-04-21 14:35:29
w_002024,mem_002024,AT,card,organic,active,2025-11-16 13:46:26
w_002025,mem_002025,AT,sdd,search,active,2025-07-21 06:12:44
w_002026,mem_002026,AT,sdd,paid_social,active,2025-03-13 15:27:45
w_002027,mem_002027,AT,card,search,active,2025-10-14 17:53:11
w_002028,mem_002028,AT,sdd,organic,active,2025-03-15 09:19:21
w_002029,mem_002029,AT,sdd,referral,churned,2025-11-30 19:00:16
w_002030,mem_002030,DE,sdd,referral,churned,2025-06-01 23:17:27
w_002031,mem_002031,IT,sdd,organic,active,2025-05-11 10:42:32
w_002032,mem_002032,DE,sdd,organic,active,2025-07-25 06:30:16
w_002033,mem_002033,DE,sdd,partner,active,2025-01-26 07:04:05
w_002034,,DE,sdd,organic,churned,2025-05-24 20:07:07
w_002035,mem_002035,AT,sdd,referral,active,2025-01-23 16:29:27
w_002036,mem_002036,IT,sdd,paid_social,active,2025-08-07 21:29:38
w_002037,mem_002037,DE,card,referral,active,2025-05-30 22:17:27
w_002038,mem_002038,DE,sdd,partner,churned,2025-08-26 21:55:30
w_002039,mem_002039,AT,card,organic,active,2025-06-26 09:40:01
w_002040,mem_002040,AT,sdd,search,blocked,2025-05-31 20:37:58
w_002041,,IT,card,,active,2025-02-25 22:01:33
w_002042,mem_002042,CH,sdd,paid_social,active,2025-02-18 13:18:36
w_002043,mem_002043,DE,sdd,referral,churned,2025-10-12 20:14:34
w_002044,mem_002044,AT,sdd,organic,active,2025-02-21 16:43:07
w_002045,mem_002045,AT,sdd,search,active,2025-12-06 06:35:57
w_002046,mem_002046,AT,sdd,organic,active,2025-11-04 14:42:17
w_002047,mem_002047,SI,card,paid_social,churned,2025-09-11 07:17:36
w_002048,mem_002048,AT,sdd,paid_social,active,2025-03-19 10:38:00
w_002049,mem_002049,AT,card,organic,active,2025-03-12 00:39:35
w_002050,mem_002050,DE,card,search,active,2025-10-17 16:57:36
w_002051,mem_002051,IT,sdd,partner,active,2025-02-28 12:28:11
w_002052,mem_002052,DE,card,organic,active,2025-05-03 19:20:01
w_002053,mem_002053,AT,card,organic,active,2025-02-07 16:42:27
w_002054,mem_002054,AT,card,partner,churned,2025-11-28 02:48:59
w_002055,mem_002055,CH,card,search,active,2025-04-30 10:41:02
w_002056,mem_002056,AT,card,organic,active,2025-07-04 12:08:05
w_002057,mem_002057,DE,card,organic,active,2025-12-08 23:25:35
w_002058,mem_002058,AT,card,organic,active,2025-08-03 12:00:24
w_002059,mem_002059,DE,card,organic,active,2025-02-14 00:35:45
w_002060,mem_002060,DE,card,,active,2025-05-28 22:42:12
w_002061,mem_002061,AT,card,,active,2025-05-21 17:39:56
w_002062,mem_002062,SI,card,organic,blocked,2025-09-18 21:16:23
w_002063,mem_002063,CH,sdd,partner,active,2025-02-22 09:45:49
w_002064,mem_002064,AT,card,search,active,2025-09-17 18:38:09
w_002065,mem_002065,AT,card,paid_social,active,2025-05-18 18:09:14
w_002066,mem_002066,DE,card,partner,active,2025-03-07 15:45:17
w_002067,mem_002067,AT,sdd,organic,churned,2025-01-10 02:31:01
w_002068,mem_002068,AT,card,referral,active,2025-06-24 08:20:26
w_002069,mem_002069,AT,card,referral,active,2025-09-14 02:09:05
w_002070,mem_002070,AT,sdd,paid_social,active,2025-10-13 07:21:10
w_002071,mem_002071,AT,card,search,active,2025-09-28 00:33:23
w_002072,mem_002072,AT,sdd,organic,active,2025-11-01 12:31:53
w_002073,mem_002073,CH,card,organic,active,2025-03-16 21:59:25
w_002074,mem_002074,CH,sdd,organic,blocked,2025-09-16 17:38:40
w_002075,mem_002075,AT,sdd,search,active,2025-10-23 22:56:43
w_002076,mem_002076,DE,card,paid_social,active,2025-10-30 11:39:24
w_002077,mem_002077,DE,card,paid_social,active,2025-12-19 23:40:06
w_002078,mem_002078,DE,sdd,organic,active,2025-12-06 04:41:29
w_002079,mem_002079,AT,card,organic,active,2025-12-23 12:24:01
w_002080,mem_002080,DE,sdd,referral,active,2025-11-04 10:10:44
w_002081,mem_002081,SI,card,organic,active,2025-03-16 19:31:18
w_002082,mem_002082,IT,sdd,paid_social,active,2025-04-22 20:56:46
w_002083,mem_002083,AT,sdd,,active,2025-01-31 21:32:13
w_002084,mem_002084,AT,card,search,active,2025-09-29 20:09:55
w_002085,mem_002085,DE,card,paid_social,active,2025-03-30 10:27:45
w_002086,mem_002086,AT,sdd,organic,active,2025-04-21 20:08:56
w_002087,mem_002087,DE,sdd,organic,active,2025-12-12 20:35:03
w_002088,mem_002088,DE,sdd,referral,active,2025-05-14 16:23:35
w_002089,mem_002089,DE,sdd,referral,active,2025-12-15 23:55:44
w_002090,mem_002090,DE,card,paid_social,active,2025-12-22 20:50:46
w_002091,mem_002091,DE,sdd,paid_social,active,2025-10-10 09:31:09
w_002092,mem_002092,DE,sdd,organic,active,2025-10-24 11:31:12
w_002093,mem_002093,DE,card,search,active,2025-09-26 07:19:29
w_002094,mem_002094,DE,sdd,search,blocked,2025-06-06 14:29:05
w_002095,mem_002095,IT,sdd,search,blocked,2025-06-12 22:55:44
w_002096,mem_002096,IT,card,organic,active,2025-02-28 00:21:32
w_002097,mem_002097,AT,sdd,organic,active,2025-08-19 06:34:29
w_002098,,AT,card,paid_social,active,2025-03-18 19:13:26
w_002099,mem_002099,DE,sdd,search,active,2025-03-30 10:41:02
w_002100,mem_002100,SI,sdd,organic,active,2025-07-09 06:21:28
w_002101,mem_002101,DE,sdd,organic,active,2025-07-05 03:10:06
w_002102,,AT,card,referral,active,2025-07-10 11:51:19
w_002103,mem_002103,DE,sdd,paid_social,active,2025-06-16 14:32:45
w_002104,mem_002104,SI,sdd,paid_social,active,2025-09-25 09:25:12
w_002105,mem_002105,DE,card,partner,churned,2025-06-11 22:43:37
w_002106,mem_002106,IT,card,paid_social,churned,2025-09-04 04:06:35
w_002107,mem_002107,SI,card,paid_social,churned,2025-05-09 13:42:34
w_002108,mem_002108,AT,card,paid_social,active,2025-12-20 22:41:07
w_002109,mem_002109,CH,sdd,organic,active,2025-07-02 10:24:39
w_002110,mem_002110,DE,card,partner,active,2025-05-05 22:02:28
w_002111,,AT,card,referral,active,2025-04-14 07:22:04
w_002112,mem_002112,AT,card,organic,active,2025-05-22 06:41:53
w_002113,mem_002113,IT,card,paid_social,active,2025-11-17 08:02:09
w_002114,mem_002114,IT,card,partner,active,2025-05-03 00:15:38
w_002115,mem_002115,AT,card,paid_social,active,2025-08-21 01:54:58
w_002116,mem_002116,DE,card,organic,active,2025-07-15 18:49:30
w_002117,mem_002117,AT,card,paid_social,active,2025-04-12 08:35:00
w_002118,mem_002118,AT,card,paid_social,churned,2025-05-24 03:53:45
w_002119,mem_002119,CH,sdd,organic,active,2025-08-19 15:02:13
w_002120,mem_002120,AT,card,organic,active,2025-08-24 13:23:08
w_002121,mem_002121,AT,card,paid_social,active,2025-12-03 23:54:05
w_002122,mem_002122,AT,sdd,search,active,2025-01-10 21:21:12
w_002123,mem_002123,DE,sdd,paid_social,active,2025-01-14 09:52:48
w_002124,mem_002124,AT,sdd,organic,active,2025-10-08 16:46:00
w_002125,mem_002125,AT,sdd,paid_social,active,2025-07-23 00:40:05
w_002126,mem_002126,DE,sdd,paid_social,active,2025-02-01 12:27:14
w_002127,mem_002127,DE,sdd,organic,active,2025-09-07 06:11:02
w_002128,mem_002128,AT,sdd,referral,churned,2025-03-03 18:33:03
w_002129,,DE,sdd,organic,active,2025-08-05 13:59:49
w_002130,mem_002130,IT,sdd,organic,active,2025-10-22 13:59:27
w_002131,mem_002131,DE,sdd,organic,active,2025-10-21 14:05:11
w_002132,mem_002132,AT,card,organic,active,2025-10-05 13:52:47
w_002133,mem_002133,AT,card,paid_social,active,2025-08-15 07:31:22
w_002134,mem_002134,DE,card,search,active,2025-11-18 23:10:54
w_002135,mem_002135,AT,card,search,active,2025-04-20 06:59:52
w_002136,mem_002136,AT,sdd,organic,active,2025-04-10 12:41:10
w_002137,mem_002137,DE,card,organic,churned,2025-01-12 04:35:54
w_002138,,DE,card,organic,active,2025-02-13 18:22:46
w_002139,mem_002139,DE,sdd,referral,active,2025-08-10 10:42:51
w_002140,mem_002140,DE,card,partner,active,2025-04-28 19:37:08
w_002141,mem_002141,AT,card,search,active,2025-04-08 23:54:36
w_002142,mem_002142,DE,sdd,paid_social,active,2025-03-22 03:20:47
w_002143,mem_002143,DE,sdd,,active,2025-10-20 18:28:18
w_002144,mem_002144,AT,sdd,organic,active,2025-11-29 23:09:55
w_002145,mem_002145,CH,sdd,paid_social,churned,2025-01-20 10:17:42
w_002146,mem_002146,AT,card,,active,2025-08-09 15:10:38
w_002147,mem_002147,DE,sdd,search,active,2025-10-16 02:30:37
w_002148,mem_002148,DE,card,,active,2025-12-15 22:49:45
w_002149,mem_002149,DE,card,organic,churned,2025-12-22 04:22:24
w_002150,mem_002150,DE,sdd,partner,active,2025-07-05 01:20:48
w_002151,mem_002151,DE,sdd,search,active,2025-09-27 21:06:38
w_002152,mem_002152,AT,sdd,paid_social,active,2025-03-01 12:48:41
w_002153,mem_002153,DE,sdd,organic,churned,2025-06-30 20:39:12
w_002154,mem_002154,DE,sdd,organic,active,2025-10-26 20:34:04
w_002155,mem_002155,AT,sdd,organic,blocked,2025-09-18 16:26:02
w_002156,,IT,card,referral,active,2025-09-10 12:08:15
w_002157,mem_002157,AT,sdd,referral,active,2025-11-04 13:38:14
w_002158,mem_002158,AT,card,search,active,2025-06-27 04:37:40
w_002159,mem_002159,AT,sdd,paid_social,active,2025-07-30 00:18:50
w_002160,mem_002160,AT,card,partner,active,2025-07-01 13:16:05
w_002161,mem_002161,DE,card,partner,active,2025-09-20 10:04:48
w_002162,mem_002162,DE,sdd,referral,active,2025-05-10 05:57:31
w_002163,,IT,card,referral,active,2025-12-12 12:59:10
w_002164,mem_002164,IT,card,,active,2025-07-29 19:07:54
w_002165,mem_002165,AT,sdd,organic,active,2025-11-04 16:33:51
w_002166,mem_002166,DE,sdd,paid_social,active,2025-07-14 17:14:03
w_002167,mem_002167,IT,sdd,organic,active,2025-03-05 23:07:58
w_002168,mem_002168,AT,card,paid_social,active,2025-11-21 20:27:14
w_002169,mem_002169,DE,sdd,referral,active,2025-08-13 02:12:39
w_002170,mem_002170,DE,card,partner,active,2025-06-26 04:21:45
w_002171,mem_002171,CH,card,organic,active,2025-07-15 22:23:02
w_002172,mem_002172,DE,sdd,search,active,2025-10-21 12:34:18
w_002173,,AT,card,referral,active,2025-01-10 03:05:17
w_002174,mem_002174,DE,sdd,paid_social,churned,2025-01-27 00:41:20
w_002175,mem_002175,AT,sdd,referral,active,2025-09-29 00:08:23
w_002176,mem_002176,AT,sdd,organic,active,2025-12-24 02:52:48
w_002177,mem_002177,DE,card,search,active,2025-05-05 03:11:05
w_002178,mem_002178,DE,sdd,,active,2025-10-26 22:56:18
w_002179,mem_002179,SI,card,organic,active,2025-07-10 10:00:21
w_002180,mem_002180,DE,card,partner,active,2025-04-08 22:16:04
w_002181,mem_002181,DE,sdd,organic,active,2025-06-26 13:58:57
w_002182,mem_002182,AT,sdd,organic,active,2025-08-03 14:50:43
w_002183,mem_002183,AT,sdd,organic,active,2025-02-19 20:37:37
w_002184,mem_002184,AT,card,referral,active,2025-03-12 09:12:59
w_002185,mem_002185,DE,sdd,paid_social,active,2025-01-19 22:03:20
w_002186,mem_002186,AT,sdd,organic,active,2025-11-28 11:42:35
w_002187,,AT,sdd,search,active,2025-11-22 04:53:43
w_002188,mem_002188,AT,sdd,paid_social,active,2025-09-11 22:31:27
w_002189,mem_002189,DE,card,partner,active,2025-09-23 06:19:48
w_002190,mem_002190,DE,card,paid_social,active,2025-02-15 02:01:58
w_002191,mem_002191,DE,card,partner,active,2025-06-20 03:21:45
w_002192,mem_002192,DE,sdd,paid_social,active,2025-05-24 00:41:44
w_002193,,IT,card,paid_social,active,2025-06-13 23:42:14
w_002194,mem_002194,IT,sdd,organic,churned,2025-07-16 22:38:27
w_002195,mem_002195,DE,sdd,paid_social,active,2025-08-10 12:42:20
w_002196,,AT,sdd,paid_social,active,2025-07-05 14:09:43
w_002197,mem_002197,DE,sdd,paid_social,active,2025-04-01 04:42:39
w_002198,mem_002198,DE,card,organic,active,2025-07-18 03:22:17
w_002199,mem_002199,AT,sdd,organic,active,2025-12-08 21:46:46
w_002200,mem_002200,AT,sdd,referral,active,2025-09-15 21:16:02
w_002201,mem_002201,DE,card,organic,active,2025-07-30 06:14:24
w_002202,,SI,card,organic,active,2025-10-23 08:32:30
w_002203,mem_002203,CH,card,paid_social,active,2025-10-20 14:19:30
w_002204,mem_002204,IT,sdd,referral,blocked,2025-10-20 04:36:19
w_002205,mem_002205,IT,card,organic,active,2025-05-26 02:58:15
w_002206,mem_002206,DE,card,referral,active,2025-08-27 19:14:38
w_002207,mem_002207,DE,sdd,organic,active,2025-04-04 17:27:26
w_002208,mem_002208,DE,card,organic,active,2025-01-26 18:16:38
w_002209,mem_002209,IT,card,organic,active,2025-04-18 17:27:24
w_002210,mem_002210,IT,sdd,paid_social,churned,2025-07-27 21:16:23
w_002211,mem_002211,DE,card,referral,active,2025-10-22 03:38:40
w_002212,mem_002212,AT,card,,active,2025-09-14 17:02:55
w_002213,mem_002213,AT,sdd,organic,active,2025-07-26 21:29:18
w_002214,mem_002214,CH,sdd,organic,active,2025-04-23 05:10:51
w_002215,mem_002215,IT,sdd,paid_social,active,2025-03-16 06:44:01
w_002216,mem_002216,AT,card,search,active,2025-04-13 11:49:15
w_002217,mem_002217,DE,sdd,paid_social,active,2025-11-08 13:27:35
w_002218,mem_002218,DE,sdd,search,active,2025-05-05 17:15:53
w_002219,mem_002219,IT,card,organic,active,2025-04-24 04:36:52
w_002220,mem_002220,AT,card,partner,active,2025-09-09 10:55:34
w_002221,mem_002221,DE,sdd,,active,2025-06-28 06:55:42
w_002222,mem_002222,AT,card,organic,active,2025-11-12 18:46:36
w_002223,mem_002223,DE,sdd,paid_social,churned,2025-07-12 06:15:09
w_002224,mem_002224,DE,sdd,organic,churned,2025-03-19 08:35:07
w_002225,mem_002225,AT,sdd,search,active,2025-06-19 18:44:25
w_002226,,AT,sdd,organic,active,2025-01-22 03:59:48
w_002227,mem_002227,AT,card,paid_social,active,2025-02-07 05:45:55
w_002228,mem_002228,DE,sdd,organic,churned,2025-01-04 19:51:55
w_002229,mem_002229,AT,card,search,active,2025-03-27 14:37:38
w_002230,,DE,sdd,,active,2025-02-28 21:58:24
w_002231,mem_002231,SI,sdd,search,active,2025-05-29 20:21:14
w_002232,mem_002232,AT,sdd,organic,active,2025-04-15 18:03:28
w_002233,mem_002233,AT,sdd,organic,active,2025-08-25 17:57:03
w_002234,mem_002234,IT,sdd,organic,blocked,2025-04-30 19:22:28
w_002235,mem_002235,DE,card,paid_social,active,2025-11-26 01:14:33
w_002236,mem_002236,DE,sdd,referral,active,2025-08-27 20:42:31
w_002237,mem_002237,AT,sdd,referral,active,2025-06-19 13:52:32
w_002238,mem_002238,AT,sdd,search,active,2025-11-22 12:46:00
w_002239,mem_002239,AT,sdd,paid_social,active,2025-09-23 08:37:00
w_002240,mem_002240,AT,card,,blocked,2025-04-07 14:39:50
w_002241,mem_002241,DE,sdd,search,active,2025-09-24 14:34:14
w_002242,mem_002242,AT,sdd,paid_social,active,2025-06-01 00:31:47
w_002243,mem_002243,AT,sdd,,active,2025-06-14 17:15:03
w_002244,mem_002244,DE,sdd,paid_social,active,2025-07-05 20:13:47
w_002245,mem_002245,AT,card,organic,churned,2025-03-18 00:10:12
w_002246,mem_002246,DE,sdd,paid_social,active,2025-12-22 16:20:23
w_002247,mem_002247,IT,sdd,partner,active,2025-04-10 02:07:36
w_002248,mem_002248,AT,card,referral,active,2025-03-30 23:15:40
w_002249,mem_002249,SI,card,organic,active,2025-08-11 09:06:11
w_002250,mem_002250,AT,sdd,,active,2025-08-01 19:09:26
w_002251,mem_002251,AT,card,organic,active,2025-08-23 00:57:32
w_002252,mem_002252,AT,sdd,paid_social,active,2025-02-18 05:02:35
w_002253,mem_002253,IT,card,paid_social,active,2025-03-14 13:09:53
w_002254,mem_002254,AT,sdd,paid_social,blocked,2025-01-09 01:06:19
w_002255,mem_002255,IT,card,organic,blocked,2025-11-25 18:17:52
w_002256,mem_002256,DE,sdd,referral,active,2025-04-06 10:55:07
w_002257,,AT,sdd,search,active,2025-01-17 10:01:04
w_002258,mem_002258,DE,card,paid_social,active,2025-09-21 02:59:40
w_002259,mem_002259,DE,card,search,active,2025-09-09 09:46:10
w_002260,mem_002260,AT,card,organic,churned,2025-10-19 21:42:40
w_002261,mem_002261,AT,sdd,referral,active,2025-01-15 03:25:40
w_002262,mem_002262,AT,sdd,search,active,2025-06-10 03:58:04
w_002263,mem_002263,AT,card,search,active,2025-03-25 17:15:43
w_002264,mem_002264,AT,sdd,partner,active,2025-10-18 23:17:09
w_002265,mem_002265,DE,sdd,partner,active,2025-12-17 22:45:21
w_002266,mem_002266,AT,sdd,referral,churned,2025-06-29 22:15:45
w_002267,mem_002267,DE,sdd,referral,active,2025-02-09 08:02:35
w_002268,,IT,card,organic,active,2025-06-18 07:24:58
w_002269,mem_002269,AT,sdd,paid_social,active,2025-12-04 08:12:33
w_002270,mem_002270,DE,sdd,organic,active,2025-01-05 07:03:03
w_002271,mem_002271,DE,sdd,referral,active,2025-03-26 22:22:26
w_002272,mem_002272,AT,sdd,organic,active,2025-05-15 17:34:56
w_002273,mem_002273,DE,card,paid_social,active,2025-06-20 06:09:50
w_002274,mem_002274,SI,card,paid_social,active,2025-10-18 20:36:06
w_002275,mem_002275,DE,sdd,search,active,2025-09-14 13:23:23
w_002276,mem_002276,AT,sdd,organic,active,2025-03-18 05:58:04
w_002277,mem_002277,DE,card,organic,active,2025-02-21 15:06:34
w_002278,mem_002278,AT,card,organic,churned,2025-08-01 10:55:52
w_002279,mem_002279,AT,sdd,,active,2025-01-15 13:09:42
w_002280,mem_002280,DE,card,paid_social,active,2025-12-26 03:57:49
w_002281,mem_002281,SI,sdd,paid_social,active,2025-10-10 16:43:25
w_002282,mem_002282,DE,sdd,organic,active,2025-12-12 07:40:04
w_002283,mem_002283,DE,card,search,active,2025-09-22 20:18:09
w_002284,mem_002284,DE,sdd,paid_social,active,2025-04-06 06:19:46
w_002285,mem_002285,AT,card,search,churned,2025-07-13 17:50:46
w_002286,mem_002286,AT,card,partner,active,2025-04-11 01:24:00
w_002287,mem_002287,AT,sdd,paid_social,active,2025-04-07 14:24:22
w_002288,mem_002288,AT,sdd,referral,active,2025-10-16 08:49:16
w_002289,,CH,sdd,search,active,2025-09-15 10:30:40
w_002290,mem_002290,AT,sdd,organic,churned,2025-03-01 19:48:44
w_002291,mem_002291,SI,card,paid_social,active,2025-07-08 22:41:40
w_002292,mem_002292,IT,sdd,referral,active,2025-11-26 21:26:54
w_002293,mem_002293,AT,card,organic,active,2025-08-19 11:19:04
w_002294,mem_002294,CH,card,referral,blocked,2025-07-29 20:37:03
w_002295,mem_002295,AT,sdd,,active,2025-02-28 23:41:44
w_002296,mem_002296,DE,card,organic,churned,2025-05-23 10:30:57
w_002297,mem_002297,AT,card,,active,2025-03-06 03:58:35
w_002298,,IT,card,search,churned,2025-08-27 14:16:53
w_002299,mem_002299,DE,sdd,search,active,2025-07-10 10:29:14
w_002300,mem_002300,IT,sdd,search,active,2025-04-21 11:13:05
w_002301,mem_002301,DE,sdd,search,active,2025-07-19 23:08:10
w_002302,mem_002302,DE,card,organic,active,2025-09-16 06:19:45
w_002303,mem_002303,IT,sdd,,active,2025-09-11 18:57:46
w_002304,mem_002304,DE,card,organic,active,2025-05-01 03:07:41
w_002305,mem_002305,AT,sdd,organic,active,2025-01-23 19:34:18
w_002306,mem_002306,AT,sdd,paid_social,active,2025-01-29 12:31:49
w_002307,mem_002307,CH,card,referral,active,2025-06-09 04:21:49
w_002308,mem_002308,AT,sdd,organic,active,2025-10-03 09:23:29
w_002309,,IT,sdd,search,active,2025-01-26 15:40:49
w_002310,mem_002310,DE,sdd,organic,active,2025-06-30 00:10:11
w_002311,mem_002311,DE,card,search,active,2025-05-07 23:00:18
w_002312,mem_002312,IT,card,paid_social,active,2025-12-04 03:35:38
w_002313,mem_002313,AT,sdd,paid_social,active,2025-07-09 02:10:58
w_002314,mem_002314,DE,sdd,search,churned,2025-07-12 09:04:04
w_002315,mem_002315,DE,sdd,organic,active,2025-09-03 06:21:37
w_002316,mem_002316,AT,sdd,referral,active,2025-10-27 15:32:06
w_002317,mem_002317,AT,sdd,referral,active,2025-10-14 01:06:04
w_002318,mem_002318,CH,card,paid_social,active,2025-12-26 20:20:06
w_002319,mem_002319,SI,sdd,organic,active,2025-10-07 06:33:53
w_002320,mem_002320,IT,sdd,search,active,2025-01-07 22:58:44
w_002321,mem_002321,AT,sdd,referral,active,2025-06-30 00:32:04
w_002322,mem_002322,IT,card,referral,blocked,2025-06-24 11:30:44
w_002323,mem_002323,DE,sdd,partner,active,2025-08-14 01:55:31
w_002324,mem_002324,AT,sdd,search,active,2025-06-24 11:18:46
w_002325,mem_002325,DE,sdd,partner,active,2025-07-27 20:57:45
w_002326,mem_002326,DE,card,paid_social,active,2025-11-05 14:29:08
w_002327,mem_002327,AT,sdd,organic,active,2025-08-14 07:38:04
w_002328,mem_002328,DE,sdd,referral,active,2025-06-01 01:59:23
w_002329,mem_002329,DE,sdd,partner,active,2025-01-31 22:38:32
w_002330,mem_002330,DE,sdd,partner,active,2025-10-11 21:34:06
w_002331,mem_002331,DE,sdd,,active,2025-03-21 06:17:15
w_002332,mem_002332,SI,card,search,active,2025-09-26 13:46:58
w_002333,mem_002333,DE,card,organic,active,2025-01-02 07:01:16
w_002334,mem_002334,AT,card,search,active,2025-03-11 12:07:32
w_002335,mem_002335,DE,card,paid_social,active,2025-06-30 16:53:04
w_002336,mem_002336,AT,card,search,active,2025-02-05 17:46:57
w_002337,mem_002337,IT,sdd,organic,active,2025-12-20 18:23:20
w_002338,mem_002338,DE,sdd,,active,2025-02-26 15:04:30
w_002339,mem_002339,IT,card,paid_social,active,2025-10-22 02:40:53
w_002340,mem_002340,AT,sdd,referral,active,2025-11-10 12:20:55
w_002341,mem_002341,SI,card,search,active,2025-10-28 09:12:04
w_002342,mem_002342,DE,sdd,paid_social,active,2025-12-21 12:41:02
w_002343,,AT,sdd,,active,2025-12-16 12:20:00
w_002344,mem_002344,IT,card,search,active,2025-05-25 16:18:00
w_002345,mem_002345,DE,card,referral,active,2025-02-03 02:21:25
w_002346,mem_002346,DE,sdd,referral,churned,2025-07-03 20:41:08
w_002347,mem_002347,AT,sdd,paid_social,active,2025-01-13 14:44:11
w_002348,mem_002348,AT,card,organic,active,2025-01-16 02:56:08
w_002349,mem_002349,AT,card,,churned,2025-04-11 07:21:25
w_002350,mem_002350,DE,sdd,organic,active,2025-07-26 04:55:39
w_002351,mem_002351,IT,card,referral,active,2025-04-21 17:50:21
w_002352,mem_002352,SI,card,organic,active,2025-11-27 17:12:24
w_002353,mem_002353,IT,sdd,organic,active,2025-02-18 01:13:08
w_002354,mem_002354,CH,sdd,referral,active,2025-11-23 19:02:33
w_002355,mem_002355,CH,card,organic,active,2025-08-13 05:24:09
w_002356,mem_002356,CH,sdd,referral,active,2025-06-06 18:17:19
w_002357,mem_002357,AT,card,organic,active,2025-04-15 11:42:39
w_002358,mem_002358,AT,sdd,organic,active,2025-12-13 04:28:20
w_002359,mem_002359,AT,sdd,organic,blocked,2025-08-18 11:09:25
w_002360,mem_002360,DE,sdd,organic,blocked,2025-12-23 13:54:02
w_002361,mem_002361,IT,card,organic,active,2025-10-03 00:32:36
w_002362,,AT,card,search,active,2025-06-08 10:00:04
w_002363,mem_002363,DE,card,paid_social,active,2025-03-14 20:05:32
w_002364,mem_002364,DE,card,partner,active,2025-11-17 09:47:37
w_002365,mem_002365,CH,card,organic,active,2025-04-22 17:12:40
w_002366,mem_002366,DE,sdd,organic,churned,2025-08-24 01:23:38
w_002367,mem_002367,DE,card,organic,active,2025-02-19 18:49:37
w_002368,,DE,card,referral,churned,2025-10-04 03:38:09
w_002369,mem_002369,AT,sdd,organic,active,2025-02-21 15:17:46
w_002370,mem_002370,AT,sdd,organic,active,2025-02-13 00:29:29
w_002371,mem_002371,AT,card,paid_social,active,2025-10-09 07:05:51
w_002372,mem_002372,AT,card,organic,active,2025-07-21 12:10:51
w_002373,mem_002373,CH,sdd,paid_social,active,2025-05-18 03:51:33
w_002374,mem_002374,DE,sdd,search,active,2025-04-17 08:54:33
w_002375,,AT,sdd,partner,active,2025-11-20 18:33:15
w_002376,mem_002376,DE,sdd,search,active,2025-02-24 15:23:56
w_002377,mem_002377,DE,sdd,referral,active,2025-01-26 08:35:37
w_002378,mem_002378,AT,sdd,paid_social,churned,2025-04-18 00:55:23
w_002379,,DE,sdd,partner,active,2025-02-21 20:11:11
w_002380,mem_002380,AT,sdd,organic,active,2025-07-17 22:43:37
w_002381,mem_002381,IT,card,organic,active,2025-02-08 09:12:18
w_002382,mem_002382,CH,sdd,organic,active,2025-08-09 06:16:32
w_002383,mem_002383,DE,card,partner,active,2025-09-17 14:22:36
w_002384,mem_002384,AT,sdd,search,active,2025-09-01 16:54:14
w_002385,mem_002385,AT,sdd,organic,active,2025-10-26 21:59:54
w_002386,mem_002386,DE,sdd,organic,active,2025-04-29 23:16:39
w_002387,mem_002387,DE,sdd,paid_social,churned,2025-06-06 02:28:47
w_002388,mem_002388,AT,sdd,paid_social,active,2025-08-31 13:52:23
w_002389,mem_002389,DE,card,referral,active,2025-04-04 15:50:26
w_002390,mem_002390,DE,sdd,paid_social,active,2025-02-10 01:49:22
w_002391,mem_002391,DE,card,paid_social,active,2025-07-27 18:22:53
w_002392,mem_002392,AT,sdd,organic,active,2025-02-22 17:00:49
w_002393,mem_002393,DE,card,partner,churned,2025-08-17 03:53:36
w_002394,mem_002394,AT,card,search,active,2025-02-06 07:19:27
w_002395,mem_002395,AT,sdd,organic,churned,2025-07-28 12:11:15
w_002396,mem_002396,AT,card,search,active,2025-03-06 20:54:16
w_002397,mem_002397,AT,sdd,organic,blocked,2025-03-26 00:36:28
w_002398,mem_002398,AT,sdd,paid_social,active,2025-08-12 13:40:40
w_002399,mem_002399,SI,card,referral,active,2025-09-28 06:37:18
w_002400,mem_002400,DE,card,organic,active,2025-03-16 18:38:45
w_002401,mem_002401,AT,sdd,referral,active,2025-03-23 04:40:56
w_002402,mem_002402,AT,card,partner,churned,2025-01-13 05:30:59
w_002403,mem_002403,DE,card,organic,active,2025-04-27 08:24:54
w_002404,,DE,card,partner,active,2025-05-27 20:01:05
w_002405,mem_002405,AT,sdd,paid_social,active,2025-02-12 03:31:15
w_002406,mem_002406,DE,card,referral,active,2025-09-29 17:33:37
w_002407,mem_002407,CH,card,partner,blocked,2025-12-16 21:07:32
w_002408,mem_002408,DE,sdd,paid_social,active,2025-03-03 03:02:52
w_002409,mem_002409,AT,sdd,organic,active,2025-03-08 20:24:52
w_002410,mem_002410,AT,sdd,search,active,2025-10-12 19:55:03
w_002411,mem_002411,AT,card,partner,blocked,2025-06-30 12:53:14
w_002412,mem_002412,IT,card,paid_social,active,2025-03-31 05:18:42
w_002413,mem_002413,AT,sdd,paid_social,active,2025-09-10 07:13:33
w_002414,mem_002414,AT,card,paid_social,active,2025-04-01 00:32:11
w_002415,mem_002415,AT,sdd,organic,active,2025-01-29 19:20:30
w_002416,mem_002416,AT,sdd,search,active,2025-05-09 23:10:16
w_002417,mem_002417,DE,sdd,referral,active,2025-02-24 06:12:51
w_002418,mem_002418,AT,card,paid_social,active,2025-01-28 17:49:28
w_002419,mem_002419,AT,card,search,active,2025-09-22 14:32:21
w_002420,mem_002420,IT,sdd,organic,active,2025-10-29 02:21:33
w_002421,mem_002421,AT,card,paid_social,active,2025-10-22 04:57:25
w_002422,mem_002422,DE,sdd,search,active,2025-11-09 18:37:22
w_002423,mem_002423,AT,sdd,paid_social,active,2025-10-18 16:15:44
w_002424,mem_002424,AT,sdd,organic,active,2025-02-14 17:20:46
w_002425,mem_002425,DE,sdd,paid_social,active,2025-07-31 22:59:37
w_002426,mem_002426,IT,sdd,referral,active,2025-12-20 12:10:42
w_002427,mem_002427,DE,sdd,organic,active,2025-01-17 11:45:15
w_002428,,AT,sdd,paid_social,active,2025-01-19 23:20:39
w_002429,mem_002429,AT,sdd,organic,active,2025-05-21 09:06:51
w_002430,mem_002430,AT,sdd,referral,active,2025-06-10 09:10:54
w_002431,mem_002431,DE,card,paid_social,active,2025-05-23 05:19:50
w_002432,mem_002432,AT,sdd,search,active,2025-01-16 07:00:39
w_002433,mem_002433,SI,card,search,active,2025-08-05 19:22:56
w_002434,mem_002434,AT,sdd,organic,active,2025-11-29 11:57:19
w_002435,mem_002435,DE,card,partner,active,2025-02-17 12:56:53
w_002436,,AT,card,organic,active,2025-10-14 19:22:36
w_002437,mem_002437,DE,sdd,search,churned,2025-07-03 22:39:40
w_002438,mem_002438,AT,card,organic,active,2025-07-25 04:18:41
w_002439,mem_002439,AT,card,referral,active,2025-06-05 09:02:25
w_002440,mem_002440,AT,card,search,active,2025-10-11 17:14:09
w_002441,mem_002441,DE,sdd,organic,active,2025-02-20 16:26:41
w_002442,mem_002442,AT,sdd,partner,active,2025-10-30 06:14:01
w_002443,mem_002443,DE,card,search,active,2025-09-03 07:14:23
w_002444,mem_002444,DE,sdd,paid_social,active,2025-01-17 10:26:36
w_002445,mem_002445,CH,sdd,organic,churned,2025-03-14 14:32:59
w_002446,mem_002446,IT,sdd,partner,active,2025-05-27 12:25:18
w_002447,mem_002447,DE,card,paid_social,churned,2025-07-25 23:15:58
w_002448,mem_002448,IT,sdd,search,active,2025-08-04 23:08:14
w_002449,mem_002449,AT,card,organic,active,2025-02-22 03:20:11
w_002450,mem_002450,AT,sdd,organic,churned,2025-09-24 17:41:45
w_002451,mem_002451,DE,card,partner,active,2025-10-25 02:44:58
w_002452,mem_002452,AT,sdd,organic,active,2025-02-17 10:48:14
w_002453,mem_002453,IT,sdd,organic,active,2025-08-21 23:03:20
w_002454,mem_002454,DE,sdd,organic,active,2025-03-19 03:15:43
w_002455,mem_002455,CH,card,search,active,2025-09-08 02:46:41
w_002456,mem_002456,DE,card,organic,active,2025-02-02 13:40:52
w_002457,mem_002457,IT,card,search,churned,2025-06-01 04:55:05
w_002458,mem_002458,AT,card,,active,2025-07-23 16:27:09
w_002459,mem_002459,DE,sdd,search,active,2025-01-12 10:00:40
w_002460,mem_002460,AT,sdd,referral,active,2025-07-23 10:49:11
w_002461,mem_002461,DE,card,partner,active,2025-04-13 11:36:23
w_002462,,AT,sdd,search,active,2025-12-23 00:00:12
w_002463,mem_002463,DE,card,search,active,2025-02-22 00:17:00
w_002464,mem_002464,DE,sdd,paid_social,active,2025-09-06 06:36:01
w_002465,mem_002465,AT,card,organic,active,2025-07-05 09:11:43
w_002466,mem_002466,DE,sdd,organic,churned,2025-11-13 11:51:04
w_002467,mem_002467,AT,sdd,organic,active,2025-06-25 06:20:44
w_002468,mem_002468,DE,sdd,search,active,2025-10-17 17:22:12
w_002469,mem_002469,IT,sdd,partner,active,2025-11-19 04:16:28
w_002470,mem_002470,AT,card,organic,active,2025-06-16 11:29:22
w_002471,mem_002471,CH,card,search,active,2025-02-20 00:22:36
w_002472,mem_002472,AT,card,organic,active,2025-01-22 12:14:54
w_002473,mem_002473,DE,sdd,partner,active,2025-12-05 08:30:02
w_002474,mem_002474,AT,card,paid_social,active,2025-03-24 15:56:16
w_002475,mem_002475,DE,sdd,referral,active,2025-11-14 10:41:54
w_002476,mem_002476,CH,card,,active,2025-07-08 11:02:44
w_002477,mem_002477,AT,sdd,partner,active,2025-11-19 21:07:50
w_002478,mem_002478,IT,sdd,organic,churned,2025-01-02 22:13:16
w_002479,mem_002479,CH,sdd,organic,active,2025-12-02 02:11:34
w_002480,mem_002480,AT,sdd,paid_social,active,2025-04-01 18:41:03
w_002481,mem_002481,AT,sdd,paid_social,active,2025-09-26 09:35:28
w_002482,,DE,card,referral,active,2025-10-02 18:49:05
w_002483,mem_002483,AT,card,referral,active,2025-06-25 23:16:19
w_002484,mem_002484,DE,card,search,active,2025-08-31 06:00:34
w_002485,mem_002485,DE,card,search,active,2025-09-13 01:33:04
w_002486,mem_002486,AT,sdd,organic,active,2025-09-21 10:01:16
w_002487,mem_002487,SI,sdd,organic,active,2025-11-01 07:02:09
w_002488,mem_002488,CH,card,search,active,2025-02-09 23:30:26
w_002489,mem_002489,AT,sdd,search,active,2025-11-29 18:16:39
w_002490,mem_002490,DE,sdd,paid_social,active,2025-11-15 05:02:28
w_002491,mem_002491,SI,sdd,paid_social,active,2025-01-22 06:31:00
w_002492,mem_002492,CH,card,organic,active,2025-02-15 17:11:55
w_002493,mem_002493,DE,sdd,organic,churned,2025-03-25 20:23:51
w_002494,mem_002494,DE,card,paid_social,churned,2025-09-18 06:13:07
w_002495,mem_002495,IT,card,search,active,2025-09-13 06:05:58
w_002496,mem_002496,DE,card,partner,active,2025-12-15 10:59:00
w_002497,mem_002497,DE,card,organic,active,2025-08-08 21:59:55
w_002498,mem_002498,AT,card,organic,active,2025-08-18 07:58:19
w_002499,mem_002499,DE,sdd,search,active,2025-08-02 20:05:38
w_002500,mem_002500,AT,card,partner,active,2025-01-06 19:11:11
w_002501,mem_002501,DE,card,search,active,2025-10-25 16:12:50
w_002502,mem_002502,AT,sdd,referral,active,2025-04-08 20:09:46
w_002503,mem_002503,DE,sdd,organic,active,2025-10-28 06:13:56
w_002504,mem_002504,AT,card,paid_social,active,2025-03-05 18:52:43
w_002505,mem_002505,SI,sdd,,active,2025-06-01 17:20:09
w_002506,mem_002506,DE,card,organic,active,2025-05-31 08:50:54
w_002507,mem_002507,AT,sdd,referral,active,2025-11-16 17:56:35
w_002508,mem_002508,AT,card,organic,active,2025-04-19 10:46:17
w_002509,mem_002509,DE,card,partner,blocked,2025-06-08 08:53:16
w_002510,mem_002510,DE,sdd,organic,active,2025-09-07 08:33:22
w_002511,mem_002511,DE,sdd,organic,active,2025-01-07 12:45:15
w_002512,mem_002512,DE,sdd,organic,active,2025-06-24 09:13:01
w_002513,mem_002513,AT,card,search,active,2025-02-23 06:43:56
w_002514,mem_002514,AT,sdd,referral,active,2025-11-17 18:56:03
w_002515,,AT,card,referral,active,2025-08-22 17:09:56
w_002516,,AT,sdd,partner,active,2025-04-13 01:27:53
w_002517,mem_002517,AT,card,paid_social,churned,2025-05-03 00:33:27
w_002518,mem_002518,AT,card,partner,active,2025-07-01 10:33:08
w_002519,mem_002519,AT,sdd,organic,active,2025-03-05 19:08:02
w_002520,mem_002520,DE,sdd,paid_social,active,2025-06-13 20:23:20
w_002521,mem_002521,AT,sdd,partner,active,2025-08-11 16:48:27
w_002522,mem_002522,AT,card,search,active,2025-07-31 17:31:40
w_002523,,AT,sdd,search,blocked,2025-05-06 10:47:22
w_002524,mem_002524,AT,sdd,organic,churned,2025-06-17 10:42:00
w_002525,mem_002525,CH,card,search,active,2025-02-09 11:07:28
w_002526,mem_002526,AT,sdd,organic,active,2025-07-14 01:09:10
w_002527,mem_002527,DE,card,organic,blocked,2025-02-05 20:00:18
w_002528,mem_002528,DE,card,paid_social,churned,2025-03-17 02:28:57
w_002529,mem_002529,DE,sdd,paid_social,active,2025-11-19 05:48:22
w_002530,mem_002530,AT,sdd,paid_social,active,2025-11-17 21:59:18
w_002531,mem_002531,AT,sdd,search,active,2025-07-31 01:53:48
w_002532,,DE,card,paid_social,active,2025-10-14 21:58:46
w_002533,mem_002533,DE,sdd,search,active,2025-09-22 09:00:22
w_002534,mem_002534,DE,sdd,search,active,2025-07-12 19:23:01
w_002535,mem_002535,AT,card,organic,active,2025-05-22 18:51:03
w_002536,mem_002536,AT,card,referral,active,2025-03-28 22:58:32
w_002537,mem_002537,DE,sdd,organic,active,2025-09-14 03:29:58
w_002538,mem_002538,AT,card,partner,active,2025-04-13 21:07:37
w_002539,mem_002539,DE,card,search,active,2025-01-29 06:06:34
w_002540,mem_002540,DE,sdd,referral,active,2025-01-16 07:33:32
w_002541,mem_002541,AT,sdd,partner,active,2025-07-30 10:28:45
w_002542,mem_002542,SI,card,organic,active,2025-01-15 16:12:39
w_002543,mem_002543,DE,card,paid_social,churned,2025-11-23 21:48:29
w_002544,mem_002544,DE,card,referral,active,2025-04-24 08:24:11
w_002545,mem_002545,AT,sdd,paid_social,active,2025-08-03 23:22:29
w_002546,mem_002546,AT,card,organic,active,2025-06-27 19:48:06
w_002547,mem_002547,DE,sdd,organic,blocked,2025-12-25 17:02:09
w_002548,mem_002548,CH,sdd,paid_social,active,2025-10-26 16:35:58
w_002549,mem_002549,DE,card,paid_social,active,2025-01-31 06:56:12
w_002550,mem_002550,IT,card,paid_social,active,2025-07-26 16:26:18
w_002551,mem_002551,IT,sdd,paid_social,active,2025-07-13 02:28:58
w_002552,mem_002552,DE,sdd,paid_social,active,2025-07-11 19:32:54
w_002553,mem_002553,IT,sdd,referral,active,2025-06-04 19:09:43
w_002554,,AT,card,paid_social,blocked,2025-12-09 22:20:50
w_002555,mem_002555,AT,card,organic,active,2025-08-29 14:31:24
w_002556,mem_002556,AT,sdd,organic,active,2025-12-16 10:26:02
w_002557,mem_002557,AT,sdd,search,active,2025-07-23 08:09:53
w_002558,mem_002558,SI,card,search,active,2025-04-25 05:48:21
w_002559,mem_002559,IT,card,organic,active,2025-11-25 20:13:04
w_002560,mem_002560,AT,sdd,organic,churned,2025-12-17 02:45:20
w_002561,mem_002561,DE,card,partner,active,2025-09-22 06:59:40
w_002562,mem_002562,AT,card,paid_social,active,2025-03-11 02:08:05
w_002563,mem_002563,AT,card,referral,active,2025-08-17 19:02:09
w_002564,mem_002564,DE,card,paid_social,churned,2025-02-09 16:45:58
w_002565,,DE,card,partner,active,2025-05-23 01:32:32
w_002566,mem_002566,DE,card,organic,active,2025-08-05 23:19:14
w_002567,mem_002567,DE,sdd,referral,active,2025-04-12 15:17:10
w_002568,mem_002568,IT,card,referral,active,2025-07-18 23:04:37
w_002569,,DE,card,organic,active,2025-03-06 00:11:10
w_002570,mem_002570,AT,sdd,organic,active,2025-01-15 15:18:04
w_002571,mem_002571,AT,card,paid_social,active,2025-02-11 18:11:00
w_002572,mem_002572,DE,card,organic,active,2025-12-11 03:02:24
w_002573,mem_002573,AT,card,organic,active,2025-11-07 05:23:25
w_002574,mem_002574,IT,sdd,search,blocked,2025-11-25 18:55:52
w_002575,,DE,card,partner,active,2025-02-03 20:10:33
w_002576,mem_002576,DE,card,search,active,2025-02-17 09:15:00
w_002577,mem_002577,AT,card,paid_social,active,2025-10-22 06:52:47
w_002578,mem_002578,CH,card,paid_social,active,2025-11-29 14:43:27
w_002579,mem_002579,AT,sdd,search,active,2025-12-21 12:46:41
w_002580,mem_002580,DE,sdd,search,active,2025-07-16 16:21:27
w_002581,mem_002581,AT,card,referral,active,2025-02-23 16:17:42
w_002582,mem_002582,DE,sdd,search,active,2025-07-30 05:44:33
w_002583,mem_002583,AT,sdd,partner,active,2025-11-02 21:02:11
w_002584,mem_002584,DE,card,organic,active,2025-12-20 14:21:05
w_002585,,AT,sdd,referral,active,2025-11-27 12:01:02
w_002586,mem_002586,SI,sdd,search,active,2025-08-16 17:00:14
w_002587,mem_002587,AT,sdd,organic,active,2025-12-09 22:56:24
w_002588,mem_002588,AT,card,paid_social,active,2025-05-06 19:40:50
w_002589,mem_002589,AT,sdd,referral,active,2025-03-12 17:45:07
w_002590,mem_002590,DE,sdd,search,churned,2025-05-30 20:09:20
w_002591,mem_002591,IT,card,organic,blocked,2025-03-28 05:59:13
w_002592,mem_002592,AT,sdd,search,active,2025-06-10 12:02:37
w_002593,mem_002593,CH,sdd,organic,active,2025-03-07 03:09:38
w_002594,mem_002594,IT,card,organic,active,2025-11-12 22:59:46
w_002595,mem_002595,IT,card,referral,active,2025-01-25 10:24:56
w_002596,mem_002596,AT,sdd,organic,active,2025-08-31 08:44:02
w_002597,mem_002597,DE,sdd,paid_social,active,2025-04-12 21:39:19
w_002598,mem_002598,AT,sdd,search,active,2025-10-25 20:21:08
w_002599,mem_002599,AT,card,paid_social,active,2025-12-16 11:13:30
w_002600,mem_002600,IT,card,organic,active,2025-04-14 03:51:14
w_002601,mem_002601,IT,card,paid_social,active,2025-08-29 05:52:38
w_002602,mem_002602,AT,sdd,organic,active,2025-09-13 10:00:07
w_002603,mem_002603,AT,sdd,organic,active,2025-06-20 16:46:38
w_002604,mem_002604,CH,card,,active,2025-06-22 00:06:41
w_002605,mem_002605,AT,card,paid_social,active,2025-11-22 09:25:50
w_002606,mem_002606,AT,sdd,paid_social,active,2025-08-27 18:26:13
w_002607,mem_002607,DE,sdd,paid_social,active,2025-05-07 23:26:19
w_002608,mem_002608,AT,card,search,active,2025-04-02 19:55:03
w_002609,mem_002609,DE,sdd,paid_social,active,2025-11-29 07:41:33
w_002610,mem_002610,DE,sdd,organic,active,2025-07-09 22:46:20
w_002611,mem_002611,DE,sdd,organic,churned,2025-06-02 15:47:16
w_002612,mem_002612,DE,sdd,partner,active,2025-11-11 20:51:47
w_002613,mem_002613,DE,sdd,organic,blocked,2025-08-23 10:01:44
w_002614,mem_002614,DE,card,search,active,2025-01-28 03:21:06
w_002615,mem_002615,DE,card,organic,active,2025-12-20 15:59:55
w_002616,mem_002616,DE,sdd,organic,churned,2025-08-14 02:03:49
w_002617,mem_002617,IT,sdd,search,active,2025-09-20 05:30:44
w_002618,,AT,sdd,search,active,2025-12-02 03:32:22
w_002619,mem_002619,CH,sdd,paid_social,churned,2025-07-09 21:18:06
w_002620,mem_002620,DE,card,search,active,2025-08-09 22:43:51
w_002621,mem_002621,DE,sdd,organic,active,2025-09-17 04:07:59
w_002622,mem_002622,IT,sdd,organic,active,2025-11-22 09:22:10
w_002623,mem_002623,AT,card,search,active,2025-04-28 07:48:32
w_002624,mem_002624,IT,sdd,organic,active,2025-05-05 13:27:31
w_002625,mem_002625,AT,card,referral,churned,2025-10-10 17:03:29
w_002626,mem_002626,DE,sdd,organic,active,2025-03-07 01:01:38
w_002627,mem_002627,IT,sdd,organic,active,2025-04-28 14:12:48
w_002628,mem_002628,DE,sdd,organic,active,2025-11-16 17:14:18
w_002629,mem_002629,AT,sdd,referral,active,2025-08-19 11:40:50
w_002630,mem_002630,AT,card,referral,active,2025-10-12 04:27:17
w_002631,mem_002631,AT,sdd,search,active,2025-06-28 18:43:26
w_002632,mem_002632,DE,sdd,organic,active,2025-09-19 12:53:39
w_002633,mem_002633,AT,sdd,search,active,2025-02-16 23:23:56
w_002634,mem_002634,AT,card,search,churned,2025-07-25 12:05:02
w_002635,mem_002635,AT,sdd,organic,active,2025-01-15 09:04:46
w_002636,mem_002636,IT,card,organic,blocked,2025-03-11 10:53:17
w_002637,mem_002637,AT,sdd,paid_social,active,2025-10-24 20:21:08
w_002638,mem_002638,AT,sdd,referral,active,2025-06-03 07:39:02
w_002639,mem_002639,AT,card,referral,active,2025-02-22 06:52:55
w_002640,mem_002640,AT,sdd,search,churned,2025-09-30 02:18:17
w_002641,mem_002641,IT,sdd,referral,active,2025-11-11 18:04:39
w_002642,mem_002642,DE,card,search,active,2025-08-20 13:00:44
w_002643,mem_002643,AT,sdd,paid_social,active,2025-03-30 21:09:35
w_002644,mem_002644,DE,sdd,search,active,2025-05-07 20:29:44
w_002645,mem_002645,DE,sdd,,blocked,2025-04-11 17:23:05
w_002646,mem_002646,AT,sdd,paid_social,active,2025-01-21 21:35:45
w_002647,mem_002647,DE,card,organic,active,2025-01-24 10:07:13
w_002648,mem_002648,AT,sdd,organic,active,2025-06-15 12:27:41
w_002649,mem_002649,AT,card,organic,active,2025-09-10 11:19:03
w_002650,mem_002650,AT,card,organic,active,2025-12-08 05:01:33
w_002651,,AT,card,partner,active,2025-04-07 23:20:55
w_002652,mem_002652,AT,card,organic,active,2025-08-08 04:51:10
w_002653,mem_002653,DE,sdd,organic,active,2025-01-26 04:44:51
w_002654,mem_002654,DE,sdd,search,active,2025-11-24 14:02:21
w_002655,mem_002655,AT,sdd,organic,active,2025-04-08 12:25:02
w_002656,mem_002656,AT,card,search,active,2025-11-01 07:41:13
w_002657,mem_002657,AT,card,paid_social,active,2025-08-04 02:11:39
w_002658,mem_002658,DE,card,referral,active,2025-06-14 14:09:05
w_002659,mem_002659,IT,sdd,paid_social,active,2025-06-23 21:26:13
w_002660,mem_002660,AT,sdd,organic,active,2025-01-24 14:43:11
w_002661,mem_002661,SI,card,organic,active,2025-06-29 09:39:01
w_002662,mem_002662,AT,sdd,organic,active,2025-07-26 02:25:40
w_002663,,AT,sdd,paid_social,active,2025-03-18 08:00:44
w_002664,mem_002664,DE,sdd,organic,active,2025-05-18 23:56:54
w_002665,,DE,card,organic,active,2025-08-06 23:18:08
w_002666,mem_002666,CH,card,search,active,2025-06-06 08:18:58
w_002667,mem_002667,AT,card,paid_social,active,2025-12-12 12:00:47
w_002668,mem_002668,AT,sdd,organic,active,2025-11-19 14:37:13
w_002669,mem_002669,AT,card,search,active,2025-06-11 02:15:13
w_002670,mem_002670,DE,sdd,partner,active,2025-11-05 18:54:02
w_002671,,DE,sdd,partner,active,2025-01-15 12:08:02
w_002672,mem_002672,DE,card,referral,active,2025-01-27 09:17:25
w_002673,,SI,sdd,search,active,2025-08-11 23:38:29
w_002674,mem_002674,AT,card,referral,active,2025-01-17 10:14:09
w_002675,mem_002675,AT,card,,churned,2025-08-21 05:08:33
w_002676,mem_002676,DE,sdd,organic,active,2025-09-06 02:48:29
w_002677,mem_002677,AT,sdd,paid_social,active,2025-06-11 00:07:51
w_002678,mem_002678,SI,sdd,paid_social,active,2025-02-08 16:07:21
w_002679,mem_002679,AT,sdd,search,active,2025-04-07 09:46:52
w_002680,mem_002680,DE,card,,active,2025-07-20 03:45:55
w_002681,mem_002681,IT,sdd,partner,active,2025-06-23 05:39:17
w_002682,mem_002682,AT,sdd,paid_social,active,2025-11-26 09:03:56
w_002683,mem_002683,AT,sdd,search,active,2025-11-15 09:13:03
w_002684,mem_002684,IT,card,organic,active,2025-09-14 14:41:30
w_002685,mem_002685,IT,sdd,referral,churned,2025-12-17 06:39:22
w_002686,mem_002686,DE,card,referral,active,2025-10-19 15:08:04
w_002687,mem_002687,SI,card,search,active,2025-12-16 20:22:01
w_002688,mem_002688,AT,card,organic,active,2025-07-28 17:52:48
w_002689,mem_002689,CH,card,organic,churned,2025-11-15 14:12:09
w_002690,mem_002690,CH,card,paid_social,active,2025-02-23 16:29:46
w_002691,mem_002691,DE,sdd,paid_social,active,2025-10-14 09:29:27
w_002692,mem_002692,AT,sdd,paid_social,active,2025-01-05 11:30:17
w_002693,mem_002693,IT,card,paid_social,active,2025-05-05 08:27:46
w_002694,mem_002694,DE,card,partner,active,2025-02-03 01:27:02
w_002695,mem_002695,DE,card,referral,active,2025-07-18 09:55:01
w_002696,mem_002696,DE,card,paid_social,active,2025-06-14 11:04:06
w_002697,mem_002697,DE,sdd,referral,active,2025-09-18 07:25:35
w_002698,mem_002698,IT,card,paid_social,active,2025-03-31 01:34:41
w_002699,mem_002699,DE,sdd,paid_social,active,2025-05-18 17:12:18
w_002700,mem_002700,DE,sdd,paid_social,active,2025-09-19 19:55:44
w_002701,mem_002701,IT,card,referral,active,2025-02-11 13:23:42
w_002702,mem_002702,CH,card,referral,active,2025-06-04 15:06:11
w_002703,mem_002703,DE,card,partner,active,2025-04-20 22:07:25
w_002704,,AT,sdd,organic,active,2025-06-16 17:26:34
w_002705,mem_002705,AT,card,paid_social,active,2025-08-06 19:20:37
w_002706,mem_002706,DE,sdd,paid_social,active,2025-04-05 10:23:50
w_002707,mem_002707,AT,sdd,referral,active,2025-08-11 20:51:33
w_002708,mem_002708,AT,sdd,paid_social,blocked,2025-03-30 12:40:01
w_002709,mem_002709,AT,sdd,search,active,2025-10-20 09:29:33
w_002710,mem_002710,IT,card,search,active,2025-02-04 15:14:06
w_002711,mem_002711,SI,card,organic,active,2025-10-09 11:21:14
w_002712,mem_002712,AT,sdd,referral,active,2025-11-15 17:55:48
w_002713,,AT,card,organic,active,2025-12-14 08:48:29
w_002714,mem_002714,IT,sdd,organic,active,2025-07-18 11:16:16
w_002715,mem_002715,DE,sdd,referral,active,2025-12-19 00:31:52
w_002716,mem_002716,AT,sdd,organic,active,2025-06-16 13:48:10
w_002717,mem_002717,DE,card,partner,active,2025-08-09 06:52:02
w_002718,,DE,card,paid_social,active,2025-10-18 07:24:29
w_002719,mem_002719,SI,card,search,active,2025-08-01 06:52:42
w_002720,mem_002720,AT,sdd,paid_social,active,2025-06-29 07:35:22
w_002721,mem_002721,IT,card,partner,active,2025-11-26 05:59:02
w_002722,mem_002722,DE,card,referral,active,2025-09-01 08:14:34
w_002723,mem_002723,AT,card,paid_social,churned,2025-12-22 09:42:18
w_002724,mem_002724,CH,sdd,paid_social,active,2025-07-16 19:00:08
w_002725,mem_002725,AT,sdd,organic,active,2025-04-12 10:44:10
w_002726,mem_002726,DE,sdd,paid_social,active,2025-08-21 16:05:33
w_002727,mem_002727,AT,sdd,paid_social,blocked,2025-09-28 16:25:33
w_002728,mem_002728,IT,sdd,search,active,2025-06-14 01:49:08
w_002729,mem_002729,AT,card,referral,active,2025-11-10 14:28:54
w_002730,mem_002730,AT,sdd,paid_social,active,2025-02-08 20:08:42
w_002731,,DE,card,organic,active,2025-01-20 02:07:38
w_002732,mem_002732,CH,card,referral,active,2025-08-14 09:23:00
w_002733,mem_002733,DE,sdd,paid_social,active,2025-04-17 09:36:04
w_002734,mem_002734,AT,card,partner,active,2025-01-20 10:03:20
w_002735,mem_002735,DE,sdd,partner,active,2025-05-03 05:39:37
w_002736,mem_002736,DE,card,organic,churned,2025-08-10 20:03:52
w_002737,mem_002737,AT,card,paid_social,active,2025-07-16 16:11:37
w_002738,mem_002738,AT,card,search,active,2025-11-07 06:34:01
w_002739,mem_002739,AT,sdd,referral,active,2025-05-11 16:28:32
w_002740,mem_002740,CH,sdd,search,active,2025-03-30 21:31:20
w_002741,mem_002741,SI,card,paid_social,active,2025-02-15 23:42:04
w_002742,mem_002742,AT,sdd,organic,active,2025-12-09 06:48:59
w_002743,mem_002743,AT,card,organic,active,2025-01-27 03:34:56
w_002744,mem_002744,IT,sdd,search,active,2025-05-25 16:02:16
w_002745,mem_002745,DE,card,organic,active,2025-09-06 07:48:23
w_002746,mem_002746,DE,sdd,paid_social,churned,2025-07-04 07:27:21
w_002747,mem_002747,DE,card,paid_social,active,2025-03-18 01:46:09
w_002748,mem_002748,AT,sdd,referral,churned,2025-11-02 02:15:42
w_002749,mem_002749,IT,sdd,search,active,2025-11-04 18:53:57
w_002750,mem_002750,AT,card,partner,active,2025-12-24 02:33:50
w_002751,mem_002751,DE,sdd,search,active,2025-05-13 21:04:19
w_002752,mem_002752,IT,sdd,,active,2025-01-19 16:15:56
w_002753,mem_002753,DE,card,organic,active,2025-07-19 15:21:00
w_002754,mem_002754,DE,card,organic,active,2025-05-06 22:41:04
w_002755,mem_002755,DE,sdd,paid_social,active,2025-09-20 11:06:17
w_002756,mem_002756,CH,sdd,partner,active,2025-10-15 07:07:58
w_002757,mem_002757,AT,sdd,search,churned,2025-03-01 20:54:39
w_002758,mem_002758,DE,card,organic,active,2025-10-11 21:09:17
w_002759,mem_002759,AT,card,referral,active,2025-06-20 06:04:32
w_002760,mem_002760,AT,card,paid_social,active,2025-09-21 12:14:53
w_002761,mem_002761,CH,sdd,organic,active,2025-05-28 09:15:40
w_002762,,DE,sdd,organic,active,2025-07-30 20:12:47
w_002763,mem_002763,AT,sdd,,active,2025-01-17 04:41:45
w_002764,mem_002764,IT,sdd,partner,active,2025-03-31 03:30:32
w_002765,mem_002765,AT,card,search,blocked,2025-05-09 13:22:04
w_002766,mem_002766,AT,card,paid_social,active,2025-11-02 23:11:38
w_002767,mem_002767,IT,sdd,organic,churned,2025-07-16 04:23:58
w_002768,mem_002768,AT,sdd,organic,active,2025-04-09 16:24:28
w_002769,mem_002769,AT,sdd,referral,active,2025-07-26 12:08:52
w_002770,mem_002770,AT,card,referral,active,2025-03-26 10:42:46
w_002771,mem_002771,AT,card,organic,active,2025-12-20 13:03:40
w_002772,mem_002772,AT,sdd,paid_social,active,2025-06-27 06:49:34
w_002773,mem_002773,DE,sdd,organic,active,2025-08-30 14:22:55
w_002774,mem_002774,AT,card,paid_social,active,2025-12-11 08:52:27
w_002775,mem_002775,AT,sdd,organic,active,2025-10-01 01:09:28
w_002776,mem_002776,IT,card,paid_social,active,2025-05-27 08:25:24
w_002777,mem_002777,AT,sdd,paid_social,active,2025-05-29 02:19:57
w_002778,mem_002778,AT,card,organic,active,2025-03-29 22:03:11
w_002779,mem_002779,DE,sdd,search,active,2025-02-13 18:42:58
w_002780,mem_002780,DE,sdd,organic,churned,2025-12-09 08:46:03
w_002781,mem_002781,AT,sdd,organic,active,2025-08-13 12:02:26
w_002782,mem_002782,AT,card,paid_social,blocked,2025-03-13 21:23:24
w_002783,mem_002783,AT,card,referral,active,2025-06-18 12:53:54
w_002784,mem_002784,DE,sdd,organic,active,2025-12-04 00:48:53
w_002785,mem_002785,AT,sdd,organic,active,2025-02-02 11:18:53
w_002786,mem_002786,CH,card,referral,active,2025-10-09 08:53:05
w_002787,mem_002787,IT,sdd,search,active,2025-02-03 00:44:44
w_002788,mem_002788,AT,sdd,search,active,2025-10-25 15:41:09
w_002789,mem_002789,AT,sdd,search,active,2025-08-17 15:05:47
w_002790,mem_002790,CH,sdd,search,active,2025-01-07 13:32:06
w_002791,mem_002791,DE,sdd,organic,churned,2025-04-19 07:58:51
w_002792,mem_002792,DE,card,paid_social,active,2025-01-08 14:10:26
w_002793,mem_002793,DE,card,organic,active,2025-04-15 08:12:34
w_002794,mem_002794,CH,card,,active,2025-02-03 14:37:39
w_002795,mem_002795,AT,card,partner,active,2025-01-01 14:46:45
w_002796,mem_002796,AT,card,paid_social,active,2025-08-18 17:00:18
w_002797,mem_002797,DE,sdd,organic,active,2025-08-07 03:24:11
w_002798,mem_002798,DE,sdd,paid_social,active,2025-07-27 11:59:53
w_002799,mem_002799,DE,sdd,referral,active,2025-01-06 23:47:11
w_002800,mem_002800,DE,sdd,referral,churned,2025-02-15 22:45:34
w_002801,,DE,sdd,search,active,2025-05-22 09:30:44
w_002802,mem_002802,DE,sdd,organic,active,2025-08-10 02:43:25
w_002803,mem_002803,DE,sdd,search,blocked,2025-02-03 18:40:12
w_002804,mem_002804,IT,sdd,organic,active,2025-09-03 01:54:11
w_002805,mem_002805,CH,card,paid_social,active,2025-01-31 13:09:28
w_002806,mem_002806,AT,sdd,,active,2025-02-24 01:26:23
w_002807,mem_002807,DE,card,organic,active,2025-02-15 17:46:32
w_002808,mem_002808,AT,sdd,search,active,2025-04-26 06:21:23
w_002809,mem_002809,DE,card,partner,active,2025-09-08 11:39:32
w_002810,mem_002810,DE,sdd,paid_social,active,2025-06-19 05:24:50
w_002811,mem_002811,CH,card,organic,active,2025-01-29 21:54:24
w_002812,mem_002812,AT,card,referral,churned,2025-10-12 01:14:50
w_002813,mem_002813,AT,card,organic,active,2025-05-25 19:11:56
w_002814,mem_002814,IT,sdd,organic,active,2025-11-25 03:14:32
w_002815,,AT,sdd,partner,active,2025-08-12 02:56:20
w_002816,mem_002816,AT,sdd,search,active,2025-12-15 22:24:26
w_002817,mem_002817,AT,sdd,paid_social,active,2025-04-19 03:18:21
w_002818,mem_002818,AT,sdd,paid_social,blocked,2025-05-08 10:05:53
w_002819,mem_002819,AT,card,referral,active,2025-09-11 04:36:40
w_002820,mem_002820,AT,card,paid_social,churned,2025-04-04 08:24:54
w_002821,mem_002821,AT,card,partner,active,2025-11-05 16:27:28
w_002822,mem_002822,AT,card,,churned,2025-09-07 03:01:51
w_002823,mem_002823,IT,card,referral,active,2025-08-26 01:30:43
w_002824,mem_002824,CH,card,organic,active,2025-05-03 07:51:28
w_002825,mem_002825,IT,sdd,organic,active,2025-11-14 06:26:13
w_002826,,AT,sdd,partner,active,2025-06-29 13:39:05
w_002827,mem_002827,DE,card,paid_social,active,2025-04-10 14:03:38
w_002828,mem_002828,AT,card,organic,active,2025-05-02 06:27:32
w_002829,mem_002829,DE,sdd,search,active,2025-08-09 09:21:43
w_002830,mem_002830,SI,card,paid_social,active,2025-05-14 20:01:59
w_002831,mem_002831,DE,card,,active,2025-10-12 13:16:54
w_002832,mem_002832,AT,card,search,active,2025-03-20 12:29:48
w_002833,,AT,card,referral,active,2025-01-28 11:11:18
w_002834,mem_002834,DE,sdd,,active,2025-06-06 14:51:28
w_002835,mem_002835,AT,card,search,active,2025-11-01 08:20:53
w_002836,mem_002836,DE,sdd,organic,active,2025-05-12 00:45:01
w_002837,mem_002837,DE,card,organic,active,2025-07-31 22:00:47
w_002838,mem_002838,CH,sdd,paid_social,blocked,2025-10-06 17:53:39
w_002839,mem_002839,CH,card,referral,active,2025-03-10 16:36:38
w_002840,mem_002840,DE,sdd,organic,churned,2025-11-27 00:48:00
w_002841,mem_002841,AT,sdd,referral,active,2025-11-14 00:30:30
w_002842,mem_002842,AT,card,search,churned,2025-05-17 20:58:17
w_002843,mem_002843,AT,card,organic,active,2025-01-04 18:43:10
w_002844,mem_002844,AT,card,organic,active,2025-07-11 14:40:36
w_002845,mem_002845,AT,card,partner,active,2025-04-01 17:02:22
w_002846,mem_002846,AT,card,referral,active,2025-02-06 19:10:40
w_002847,mem_002847,DE,sdd,organic,active,2025-06-22 21:25:36
w_002848,mem_002848,AT,card,organic,churned,2025-10-06 11:43:58
w_002849,mem_002849,CH,card,organic,churned,2025-02-02 07:05:13
w_002850,mem_002850,DE,card,organic,active,2025-12-16 23:01:06
w_002851,mem_002851,DE,sdd,organic,active,2025-03-03 07:48:55
w_002852,mem_002852,AT,card,,active,2025-05-11 23:29:47
w_002853,mem_002853,DE,card,organic,active,2025-09-12 06:01:33
w_002854,mem_002854,DE,card,referral,churned,2025-06-20 03:01:51
w_002855,mem_002855,AT,sdd,search,active,2025-11-24 23:32:30
w_002856,mem_002856,AT,card,organic,active,2025-09-19 18:48:03
w_002857,mem_002857,DE,sdd,organic,active,2025-01-04 18:37:21
w_002858,,DE,sdd,paid_social,active,2025-10-08 03:38:04
w_002859,mem_002859,DE,card,search,active,2025-01-13 04:58:27
w_002860,,DE,sdd,organic,active,2025-01-26 00:20:23
w_002861,mem_002861,CH,card,paid_social,active,2025-09-11 23:10:26
w_002862,mem_002862,DE,sdd,organic,churned,2025-10-23 03:23:20
w_002863,,SI,card,paid_social,active,2025-05-31 15:41:54
w_002864,,CH,card,paid_social,active,2025-09-08 03:40:59
w_002865,mem_002865,DE,sdd,referral,active,2025-01-29 14:49:10
w_002866,mem_002866,DE,sdd,partner,active,2025-04-04 20:12:35
w_002867,mem_002867,AT,card,,active,2025-03-26 14:04:48
w_002868,mem_002868,AT,sdd,search,active,2025-05-26 14:57:39
w_002869,mem_002869,AT,card,search,active,2025-11-25 18:03:26
w_002870,mem_002870,AT,sdd,paid_social,churned,2025-01-29 07:16:37
w_002871,mem_002871,AT,sdd,organic,active,2025-04-22 00:29:34
w_002872,mem_002872,IT,sdd,search,active,2025-08-11 09:47:04
w_002873,,DE,card,partner,active,2025-01-28 02:03:40
w_002874,mem_002874,AT,card,paid_social,active,2025-11-22 19:23:48
w_002875,mem_002875,AT,card,organic,active,2025-12-21 18:39:55
w_002876,mem_002876,AT,card,organic,active,2025-05-30 03:22:57
w_002877,mem_002877,CH,sdd,search,churned,2025-09-21 10:34:15
w_002878,mem_002878,DE,card,search,churned,2025-08-07 11:33:31
w_002879,mem_002879,DE,sdd,paid_social,active,2025-02-04 01:40:24
w_002880,mem_002880,DE,card,search,active,2025-03-31 16:33:53
w_002881,mem_002881,AT,sdd,organic,active,2025-12-10 14:24:52
w_002882,mem_002882,AT,card,organic,active,2025-06-29 22:53:46
w_002883,mem_002883,DE,card,organic,active,2025-11-08 03:17:17
w_002884,mem_002884,DE,card,referral,active,2025-06-17 13:23:48
w_002885,mem_002885,IT,sdd,partner,churned,2025-01-27 05:22:48
w_002886,,AT,sdd,organic,active,2025-10-08 16:53:07
w_002887,mem_002887,DE,sdd,referral,active,2025-06-19 12:45:32
w_002888,mem_002888,SI,sdd,referral,active,2025-05-02 12:52:50
w_002889,mem_002889,AT,card,organic,active,2025-05-29 05:53:09
w_002890,mem_002890,DE,card,organic,active,2025-04-02 18:47:05
w_002891,mem_002891,CH,sdd,organic,active,2025-05-26 19:19:59
w_002892,mem_002892,AT,sdd,organic,churned,2025-07-17 16:49:30
w_002893,mem_002893,DE,sdd,organic,active,2025-07-19 14:01:20
w_002894,mem_002894,DE,card,organic,active,2025-03-25 00:18:28
w_002895,mem_002895,AT,sdd,,active,2025-09-15 06:48:39
w_002896,mem_002896,DE,sdd,organic,active,2025-09-12 07:29:32
w_002897,mem_002897,DE,card,referral,churned,2025-06-13 16:17:36
w_002898,mem_002898,AT,sdd,organic,active,2025-09-19 09:59:29
w_002899,mem_002899,AT,card,organic,active,2025-01-20 16:37:47
w_002900,mem_002900,AT,card,organic,active,2025-06-20 10:54:24
w_002901,mem_002901,DE,sdd,paid_social,blocked,2025-10-06 18:52:07
w_002902,,AT,card,search,active,2025-12-11 05:14:57
w_002903,mem_002903,CH,sdd,paid_social,active,2025-05-14 18:21:38
w_002904,mem_002904,DE,sdd,organic,active,2025-06-04 12:32:40
w_002905,mem_002905,AT,card,search,churned,2025-01-09 21:36:32
w_002906,,IT,sdd,partner,active,2025-10-16 06:42:12
w_002907,mem_002907,AT,card,organic,active,2025-08-15 01:00:31
w_002908,mem_002908,AT,card,paid_social,active,2025-11-24 01:22:39
w_002909,mem_002909,AT,sdd,paid_social,active,2025-02-28 13:53:28
w_002910,,CH,card,paid_social,active,2025-07-14 14:28:16
w_002911,mem_002911,IT,sdd,organic,churned,2025-12-19 09:41:06
w_002912,mem_002912,DE,sdd,paid_social,active,2025-06-03 00:21:27
w_002913,mem_002913,IT,sdd,organic,active,2025-04-28 17:59:52
w_002914,mem_002914,AT,card,referral,active,2025-06-17 13:44:00
w_002915,mem_002915,DE,sdd,paid_social,active,2025-08-09 09:58:34
w_002916,mem_002916,DE,card,organic,active,2025-02-20 06:48:05
w_002917,mem_002917,DE,card,search,active,2025-02-27 00:48:58
w_002918,mem_002918,DE,sdd,paid_social,active,2025-09-12 04:48:40
w_002919,mem_002919,DE,sdd,,churned,2025-07-19 07:43:33
w_002920,mem_002920,CH,sdd,organic,active,2025-09-24 21:34:20
w_002921,mem_002921,DE,card,paid_social,active,2025-05-01 19:59:14
w_002922,mem_002922,AT,sdd,,active,2025-03-27 16:10:13
w_002923,mem_002923,AT,sdd,organic,churned,2025-04-20 09:56:46
w_002924,mem_002924,CH,card,organic,active,2025-07-26 11:08:20
w_002925,mem_002925,IT,card,paid_social,active,2025-09-25 18:49:57
w_002926,,AT,card,search,churned,2025-06-07 13:05:52
w_002927,mem_002927,AT,sdd,paid_social,active,2025-06-01 14:49:54
w_002928,mem_002928,SI,card,partner,active,2025-08-16 21:37:10
w_002929,mem_002929,AT,sdd,paid_social,churned,2025-12-22 19:28:41
w_002930,mem_002930,AT,card,search,active,2025-07-03 09:06:44
w_002931,mem_002931,AT,sdd,organic,active,2025-05-29 11:21:59
w_002932,mem_002932,DE,sdd,organic,active,2025-05-14 07:23:32
w_002933,mem_002933,AT,sdd,paid_social,churned,2025-11-22 17:55:10
w_002934,mem_002934,IT,sdd,paid_social,active,2025-10-23 07:36:28
w_002935,mem_002935,IT,sdd,paid_social,active,2025-04-28 07:39:19
w_002936,mem_002936,DE,card,organic,active,2025-04-18 06:13:13
w_002937,mem_002937,AT,card,organic,active,2025-05-30 10:39:05
w_002938,mem_002938,CH,card,search,active,2025-07-31 10:45:04
w_002939,mem_002939,AT,card,paid_social,blocked,2025-04-27 21:29:57
w_002940,mem_002940,AT,card,referral,active,2025-06-10 06:10:11
w_002941,,DE,sdd,paid_social,active,2025-01-08 00:26:34
w_002942,mem_002942,AT,sdd,paid_social,active,2025-05-19 08:39:25
w_002943,mem_002943,AT,sdd,search,active,2025-02-05 21:01:34
w_002944,mem_002944,DE,card,search,blocked,2025-09-13 12:27:33
w_002945,mem_002945,CH,sdd,organic,active,2025-04-11 21:09:12
w_002946,mem_002946,DE,card,organic,active,2025-03-17 08:10:10
w_002947,mem_002947,DE,sdd,partner,active,2025-07-25 10:58:48
w_002948,mem_002948,DE,sdd,organic,active,2025-06-29 17:36:00
w_002949,,AT,card,partner,active,2025-07-01 18:21:40
w_002950,mem_002950,IT,card,organic,active,2025-09-02 09:29:56
w_002951,mem_002951,SI,sdd,partner,active,2025-05-23 17:13:59
w_002952,mem_002952,AT,sdd,organic,active,2025-07-07 21:45:41
w_002953,mem_002953,DE,card,organic,active,2025-09-15 07:34:55
w_002954,mem_002954,CH,card,paid_social,active,2025-08-11 18:56:18
w_002955,mem_002955,AT,sdd,organic,active,2025-09-01 17:09:27
w_002956,mem_002956,AT,card,organic,active,2025-05-27 19:59:35
w_002957,,DE,card,paid_social,active,2025-10-07 22:46:12
w_002958,mem_002958,SI,sdd,partner,active,2025-04-06 14:06:34
w_002959,mem_002959,AT,sdd,referral,churned,2025-09-14 00:52:40
w_002960,mem_002960,AT,sdd,referral,active,2025-11-13 09:22:57
w_002961,mem_002961,DE,card,search,active,2025-01-01 13:16:27
w_002962,mem_002962,AT,sdd,paid_social,active,2025-03-28 05:44:41
w_002963,mem_002963,AT,card,organic,active,2025-01-14 11:58:19
w_002964,mem_002964,SI,card,search,active,2025-03-14 19:02:40
w_002965,mem_002965,AT,sdd,organic,active,2025-11-19 05:58:09
w_002966,mem_002966,IT,card,partner,active,2025-02-08 17:59:09
w_002967,mem_002967,AT,sdd,search,active,2025-08-05 19:30:28
w_002968,mem_002968,CH,card,paid_social,active,2025-09-16 17:37:35
w_002969,mem_002969,AT,card,organic,active,2025-04-11 07:15:25
w_002970,mem_002970,SI,card,organic,churned,2025-03-23 11:39:57
w_002971,mem_002971,DE,card,organic,active,2025-03-04 16:13:29
w_002972,mem_002972,IT,card,referral,churned,2025-03-01 19:05:31
w_002973,mem_002973,AT,card,paid_social,active,2025-09-16 06:17:13
w_002974,mem_002974,DE,card,organic,active,2025-01-23 04:46:08
w_002975,,IT,card,search,active,2025-09-12 19:11:57
w_002976,mem_002976,DE,sdd,organic,active,2025-12-02 17:39:39
w_002977,mem_002977,IT,sdd,referral,active,2025-09-23 12:18:19
w_002978,mem_002978,DE,card,organic,churned,2025-03-30 23:30:29
w_002979,mem_002979,DE,sdd,referral,active,2025-01-06 06:18:51
w_002980,mem_002980,AT,card,paid_social,active,2025-07-17 13:35:42
w_002981,mem_002981,AT,sdd,paid_social,active,2025-05-22 21:32:31
w_002982,mem_002982,CH,card,paid_social,active,2025-04-08 15:28:12
w_002983,mem_002983,AT,card,referral,active,2025-06-16 06:21:31
w_002984,mem_002984,CH,sdd,search,active,2025-05-09 03:20:28
w_002985,mem_002985,DE,sdd,search,active,2025-08-19 01:48:06
w_002986,mem_002986,AT,sdd,paid_social,active,2025-01-24 09:05:13
w_002987,mem_002987,IT,sdd,organic,active,2025-03-03 11:25:22
w_002988,mem_002988,CH,card,search,active,2025-09-14 22:51:39
w_002989,mem_002989,DE,card,paid_social,active,2025-06-16 23:51:27
w_002990,mem_002990,AT,sdd,paid_social,active,2025-01-15 02:40:23
w_002991,mem_002991,SI,sdd,paid_social,active,2025-07-07 22:01:14
w_002992,mem_002992,SI,card,,active,2025-06-01 05:30:11
w_002993,mem_002993,DE,sdd,referral,active,2025-07-27 16:22:21
w_002994,mem_002994,CH,card,organic,active,2025-03-22 18:44:45
w_002995,mem_002995,AT,sdd,organic,active,2025-02-14 18:33:47
w_002996,mem_002996,DE,sdd,organic,active,2025-07-19 00:47:31
w_002997,mem_002997,AT,sdd,paid_social,active,2025-01-18 17:46:29
w_002998,mem_002998,DE,sdd,partner,churned,2025-11-10 14:57:03
w_002999,,AT,card,paid_social,active,2025-07-06 09:20:45
w_003000,mem_003000,DE,sdd,paid_social,active,2025-04-29 21:42:52
w_003001,mem_003001,CH,sdd,organic,active,2025-08-19 07:57:39
w_003002,mem_003002,AT,card,organic,active,2025-12-12 20:18:27
w_003003,mem_003003,AT,sdd,referral,active,2025-06-07 22:46:30
w_003004,mem_003004,DE,card,paid_social,active,2025-05-30 22:54:28
w_003005,mem_003005,AT,card,paid_social,active,2025-02-12 16:26:06
w_003006,mem_003006,DE,card,organic,active,2025-05-05 16:50:01
w_003007,mem_003007,DE,card,paid_social,active,2025-05-16 20:02:31
w_003008,mem_003008,DE,card,referral,active,2025-04-02 04:13:18
w_003009,mem_003009,DE,sdd,organic,active,2025-08-06 07:46:01
w_003010,mem_003010,AT,sdd,partner,active,2025-09-13 07:57:46
w_003011,mem_003011,DE,card,search,active,2025-12-25 14:12:22
w_003012,mem_003012,CH,card,search,active,2025-04-29 14:05:30
w_003013,mem_003013,AT,card,organic,churned,2025-04-05 03:52:22
w_003014,mem_003014,AT,sdd,referral,blocked,2025-08-12 06:38:31
w_003015,mem_003015,AT,card,paid_social,active,2025-09-13 07:15:01
w_003016,mem_003016,CH,card,referral,active,2025-02-19 19:52:37
w_003017,mem_003017,DE,card,organic,blocked,2025-07-27 01:35:05
w_003018,mem_003018,CH,card,organic,active,2025-03-03 05:48:30
w_003019,mem_003019,DE,sdd,organic,blocked,2025-09-26 11:07:17
w_003020,mem_003020,DE,card,paid_social,active,2025-11-27 17:43:35
w_003021,mem_003021,DE,sdd,organic,active,2025-07-03 13:06:56
w_003022,mem_003022,AT,card,organic,active,2025-04-28 04:42:42
w_003023,mem_003023,AT,card,search,active,2025-08-26 06:21:31
w_003024,mem_003024,DE,sdd,search,active,2025-02-11 09:55:13
w_003025,mem_003025,AT,sdd,organic,active,2025-12-02 16:02:18
w_003026,mem_003026,DE,sdd,search,churned,2025-09-21 03:08:17
w_003027,mem_003027,AT,card,paid_social,active,2025-12-25 08:10:03
w_003028,mem_003028,AT,sdd,organic,active,2025-03-15 11:01:47
w_003029,mem_003029,AT,card,organic,active,2025-07-30 12:10:36
w_003030,mem_003030,AT,card,organic,active,2025-06-08 05:12:10
w_003031,mem_003031,AT,sdd,organic,active,2025-06-27 16:23:20
w_003032,mem_003032,DE,card,search,active,2025-09-15 14:16:14
w_003033,mem_003033,AT,card,partner,active,2025-06-03 21:16:17
w_003034,mem_003034,AT,card,paid_social,active,2025-09-10 20:55:33
w_003035,mem_003035,IT,sdd,referral,active,2025-08-15 05:54:54
w_003036,mem_003036,DE,sdd,organic,active,2025-07-09 05:55:25
w_003037,mem_003037,AT,card,search,active,2025-03-22 17:12:10
w_003038,mem_003038,DE,sdd,paid_social,active,2025-01-19 05:26:05
w_003039,mem_003039,IT,card,organic,active,2025-03-12 08:39:51
w_003040,mem_003040,DE,sdd,organic,churned,2025-03-20 01:50:45
w_003041,mem_003041,AT,sdd,organic,active,2025-02-22 05:05:26
w_003042,mem_003042,DE,sdd,referral,active,2025-01-09 12:44:35
w_003043,mem_003043,AT,card,paid_social,active,2025-09-18 07:54:19
w_003044,mem_003044,DE,card,organic,active,2025-06-15 18:41:58
w_003045,mem_003045,DE,sdd,organic,active,2025-12-15 23:58:42
w_003046,mem_003046,DE,card,search,active,2025-12-17 21:20:15
w_003047,mem_003047,DE,card,organic,active,2025-03-08 06:21:42
w_003048,mem_003048,CH,card,search,active,2025-02-19 08:14:45
w_003049,mem_003049,AT,card,partner,active,2025-11-06 14:06:00
w_003050,mem_003050,CH,sdd,search,active,2025-09-15 01:31:02
w_003051,mem_003051,DE,sdd,search,active,2025-10-08 11:30:24
w_003052,mem_003052,DE,sdd,search,active,2025-02-09 10:53:24
w_003053,mem_003053,DE,card,partner,active,2025-06-10 18:00:49
w_003054,mem_003054,AT,card,paid_social,active,2025-01-20 10:27:59
w_003055,mem_003055,AT,card,organic,active,2025-11-03 06:28:09
w_003056,mem_003056,SI,card,paid_social,active,2025-03-02 09:50:53
w_003057,mem_003057,AT,sdd,search,active,2025-06-03 02:14:15
w_003058,mem_003058,DE,card,organic,active,2025-04-07 01:59:08
w_003059,mem_003059,SI,sdd,paid_social,active,2025-03-14 08:30:21
w_003060,,SI,card,search,active,2025-07-19 10:17:08
w_003061,mem_003061,CH,card,paid_social,active,2025-10-16 10:54:23
w_003062,mem_003062,DE,card,partner,active,2025-01-20 05:13:19
w_003063,mem_003063,SI,card,referral,active,2025-08-21 08:13:36
w_003064,mem_003064,CH,sdd,organic,active,2025-03-11 04:58:13
w_003065,mem_003065,AT,sdd,organic,active,2025-03-10 03:48:19
w_003066,mem_003066,IT,sdd,organic,active,2025-06-26 11:20:51
w_003067,mem_003067,IT,card,referral,active,2025-03-10 09:48:51
w_003068,mem_003068,DE,sdd,paid_social,churned,2025-11-27 02:32:59
w_003069,mem_003069,AT,card,search,active,2025-03-17 22:12:39
w_003070,mem_003070,DE,card,organic,active,2025-04-29 08:19:11
w_003071,mem_003071,AT,sdd,referral,active,2025-04-16 05:33:00
w_003072,mem_003072,DE,card,organic,active,2025-10-25 11:13:12
w_003073,mem_003073,DE,sdd,paid_social,active,2025-09-22 19:29:54
w_003074,mem_003074,DE,sdd,organic,churned,2025-09-13 12:22:35
w_003075,mem_003075,AT,sdd,partner,active,2025-03-13 20:11:57
w_003076,mem_003076,CH,sdd,organic,active,2025-08-09 07:02:53
w_003077,mem_003077,AT,card,organic,active,2025-11-11 09:17:04
w_003078,mem_003078,CH,card,search,active,2025-08-19 02:46:19
w_003079,,AT,card,referral,active,2025-03-26 19:19:17
w_003080,mem_003080,DE,sdd,paid_social,active,2025-04-01 07:54:31
w_003081,mem_003081,DE,sdd,paid_social,active,2025-11-18 01:06:19
w_003082,mem_003082,DE,card,paid_social,active,2025-01-30 12:21:02
w_003083,mem_003083,AT,sdd,search,active,2025-02-07 17:00:02
w_003084,mem_003084,IT,card,organic,active,2025-01-17 22:28:08
w_003085,mem_003085,AT,card,organic,active,2025-11-15 00:54:24
w_003086,mem_003086,DE,card,referral,active,2025-01-30 14:52:57
w_003087,mem_003087,DE,sdd,paid_social,active,2025-07-29 01:33:56
w_003088,,AT,sdd,paid_social,active,2025-12-14 01:13:50
w_003089,mem_003089,DE,card,referral,churned,2025-01-23 17:08:39
w_003090,mem_003090,CH,card,paid_social,active,2025-01-17 12:52:35
w_003091,mem_003091,AT,sdd,search,active,2025-09-05 21:12:34
w_003092,mem_003092,IT,card,search,active,2025-05-31 13:46:56
w_003093,mem_003093,AT,card,organic,active,2025-02-16 02:50:54
w_003094,mem_003094,AT,sdd,organic,active,2025-02-24 17:22:13
w_003095,mem_003095,AT,sdd,organic,active,2025-04-29 16:45:18
w_003096,mem_003096,DE,card,search,active,2025-02-13 19:04:22
w_003097,mem_003097,IT,sdd,search,active,2025-09-29 20:38:20
w_003098,mem_003098,DE,card,paid_social,active,2025-06-07 18:32:10
w_003099,mem_003099,AT,sdd,organic,active,2025-09-11 02:10:10
w_003100,mem_003100,DE,card,referral,active,2025-12-06 21:18:01
w_003101,,DE,sdd,organic,churned,2025-01-25 05:29:52
w_003102,mem_003102,AT,sdd,search,active,2025-06-03 19:15:50
w_003103,mem_003103,AT,card,partner,active,2025-04-15 22:00:23
w_003104,mem_003104,IT,card,referral,churned,2025-08-03 19:44:18
w_003105,mem_003105,DE,sdd,paid_social,active,2025-08-08 06:02:10
w_003106,mem_003106,AT,sdd,search,active,2025-11-16 11:30:48
w_003107,mem_003107,DE,sdd,search,blocked,2025-12-12 11:04:14
w_003108,mem_003108,CH,sdd,organic,active,2025-03-21 03:59:18
w_003109,mem_003109,CH,card,search,churned,2025-02-14 06:58:25
w_003110,mem_003110,DE,sdd,search,active,2025-03-10 18:04:06
w_003111,mem_003111,DE,card,organic,active,2025-01-01 07:38:50
w_003112,mem_003112,DE,card,search,active,2025-03-29 14:49:36
w_003113,mem_003113,DE,card,organic,active,2025-03-28 22:01:14
w_003114,mem_003114,DE,card,paid_social,churned,2025-07-05 04:45:26
w_003115,mem_003115,DE,sdd,referral,active,2025-12-14 20:05:29
w_003116,mem_003116,DE,card,paid_social,active,2025-05-24 18:49:53
w_003117,mem_003117,DE,card,paid_social,active,2025-11-29 13:18:00
w_003118,mem_003118,CH,card,paid_social,active,2025-06-22 15:55:21
w_003119,mem_003119,DE,sdd,organic,active,2025-08-19 11:04:58
w_003120,mem_003120,AT,card,search,active,2025-09-14 14:33:14
w_003121,mem_003121,SI,sdd,paid_social,active,2025-09-30 10:24:33
w_003122,mem_003122,IT,sdd,paid_social,active,2025-03-08 08:06:37
w_003123,mem_003123,CH,sdd,organic,active,2025-04-30 15:12:52
w_003124,mem_003124,DE,card,search,active,2025-08-22 22:15:09
w_003125,mem_003125,AT,sdd,paid_social,blocked,2025-12-11 07:39:32
w_003126,mem_003126,SI,sdd,search,active,2025-10-25 00:45:09
w_003127,mem_003127,DE,card,referral,active,2025-08-11 22:56:48
w_003128,mem_003128,DE,card,search,active,2025-04-30 05:23:13
w_003129,mem_003129,DE,card,search,active,2025-04-21 09:11:03
w_003130,mem_003130,AT,card,paid_social,active,2025-11-25 22:25:29
w_003131,mem_003131,DE,card,organic,active,2025-09-02 15:13:18
w_003132,mem_003132,AT,sdd,organic,active,2025-05-28 21:30:20
w_003133,mem_003133,IT,card,organic,active,2025-08-23 22:20:15
w_003134,mem_003134,AT,sdd,,blocked,2025-03-08 08:54:57
w_003135,mem_003135,DE,sdd,search,active,2025-01-16 04:17:38
w_003136,mem_003136,AT,sdd,organic,active,2025-03-11 13:43:11
w_003137,mem_003137,AT,card,organic,active,2025-08-05 00:55:25
w_003138,mem_003138,DE,card,search,active,2025-07-07 08:55:26
w_003139,mem_003139,AT,sdd,,active,2025-04-12 17:11:31
w_003140,,DE,sdd,organic,churned,2025-04-02 20:55:17
w_003141,mem_003141,DE,card,paid_social,active,2025-01-01 05:53:22
w_003142,mem_003142,AT,sdd,partner,active,2025-08-18 23:27:37
w_003143,mem_003143,AT,card,search,active,2025-05-19 19:32:55
w_003144,mem_003144,AT,sdd,organic,blocked,2025-07-30 05:51:44
w_003145,mem_003145,AT,sdd,paid_social,active,2025-10-23 14:37:07
w_003146,mem_003146,AT,card,organic,active,2025-06-10 22:54:39
w_003147,mem_003147,AT,card,organic,active,2025-05-25 14:39:29
w_003148,mem_003148,AT,sdd,referral,active,2025-04-08 21:24:58
w_003149,mem_003149,IT,sdd,organic,churned,2025-06-13 20:45:39
w_003150,mem_003150,AT,sdd,paid_social,active,2025-01-15 23:57:30
w_003151,mem_003151,AT,sdd,organic,active,2025-08-20 23:45:58
w_003152,mem_003152,AT,sdd,referral,active,2025-11-29 02:11:16
w_003153,mem_003153,AT,sdd,partner,active,2025-09-14 06:46:28
w_003154,mem_003154,AT,card,referral,active,2025-04-28 21:30:52
w_003155,mem_003155,IT,sdd,organic,active,2025-05-07 16:56:28
w_003156,mem_003156,AT,card,organic,churned,2025-07-09 22:43:56
w_003157,mem_003157,DE,sdd,organic,blocked,2025-03-06 13:19:16
w_003158,mem_003158,CH,sdd,referral,churned,2025-02-19 14:29:26
w_003159,mem_003159,AT,card,paid_social,active,2025-07-03 10:10:06
w_003160,mem_003160,DE,sdd,paid_social,active,2025-06-15 06:52:02
w_003161,mem_003161,AT,sdd,referral,active,2025-05-05 15:47:49
w_003162,mem_003162,DE,sdd,paid_social,active,2025-03-08 03:24:54
w_003163,mem_003163,AT,sdd,organic,active,2025-07-15 02:18:26
w_003164,mem_003164,AT,card,organic,active,2025-01-21 06:46:34
w_003165,mem_003165,DE,card,paid_social,active,2025-06-26 08:35:36
w_003166,mem_003166,DE,card,organic,blocked,2025-02-24 19:34:36
w_003167,mem_003167,AT,sdd,search,active,2025-11-20 14:36:35
w_003168,mem_003168,IT,card,organic,active,2025-08-10 18:48:53
w_003169,mem_003169,AT,sdd,organic,active,2025-03-31 20:30:22
w_003170,mem_003170,AT,card,paid_social,active,2025-02-02 06:58:32
w_003171,mem_003171,AT,sdd,paid_social,active,2025-08-22 08:33:51
w_003172,mem_003172,AT,sdd,paid_social,active,2025-03-09 23:53:16
w_003173,,DE,sdd,organic,active,2025-03-18 05:38:30
w_003174,mem_003174,DE,card,organic,active,2025-03-12 12:04:07
w_003175,mem_003175,IT,sdd,organic,active,2025-05-08 03:56:23
w_003176,mem_003176,DE,sdd,organic,active,2025-08-08 05:45:17
w_003177,mem_003177,DE,sdd,organic,active,2025-05-29 03:59:10
w_003178,mem_003178,SI,sdd,search,churned,2025-11-11 05:05:57
w_003179,mem_003179,CH,card,paid_social,active,2025-02-23 00:45:15
w_003180,mem_003180,DE,card,referral,active,2025-12-18 20:51:36
w_003181,,AT,sdd,organic,active,2025-02-13 13:27:30
w_003182,mem_003182,DE,sdd,referral,churned,2025-12-18 19:47:39
w_003183,mem_003183,AT,sdd,referral,active,2025-07-29 19:59:06
w_003184,mem_003184,DE,sdd,search,churned,2025-06-01 09:46:52
w_003185,mem_003185,DE,sdd,organic,active,2025-12-16 21:24:24
w_003186,mem_003186,CH,sdd,referral,active,2025-12-20 17:37:53
w_003187,mem_003187,DE,sdd,referral,active,2025-05-16 08:31:48
w_003188,mem_003188,DE,card,referral,active,2025-03-11 13:48:00
w_003189,mem_003189,AT,sdd,paid_social,active,2025-12-15 10:27:15
w_003190,mem_003190,DE,sdd,organic,churned,2025-03-14 19:55:10
w_003191,mem_003191,CH,sdd,organic,active,2025-05-08 10:43:50
w_003192,mem_003192,AT,sdd,search,active,2025-02-08 09:38:33
w_003193,mem_003193,AT,sdd,organic,churned,2025-07-23 03:23:13
w_003194,mem_003194,DE,card,organic,active,2025-01-12 12:41:00
w_003195,mem_003195,SI,card,organic,active,2025-02-01 19:30:45
w_003196,mem_003196,IT,card,referral,active,2025-12-22 21:47:55
w_003197,mem_003197,DE,card,search,active,2025-12-23 02:18:45
w_003198,mem_003198,AT,card,paid_social,active,2025-06-22 22:26:57
w_003199,mem_003199,IT,sdd,search,active,2025-06-14 06:15:30
w_003200,mem_003200,AT,card,,active,2025-05-02 14:07:34
w_003201,mem_003201,AT,card,organic,active,2025-01-05 14:48:39
w_003202,mem_003202,IT,sdd,organic,active,2025-10-17 02:26:02
w_003203,mem_003203,SI,sdd,referral,active,2025-11-30 01:52:05
w_003204,mem_003204,DE,card,referral,active,2025-05-03 09:24:09
w_003205,mem_003205,IT,card,organic,active,2025-05-08 10:01:16
w_003206,,AT,sdd,paid_social,active,2025-05-08 06:45:38
w_003207,mem_003207,IT,sdd,paid_social,active,2025-12-18 18:27:08
w_003208,mem_003208,AT,sdd,search,active,2025-06-06 03:26:33
w_003209,mem_003209,AT,card,referral,active,2025-06-05 17:03:42
w_003210,mem_003210,IT,card,,active,2025-09-01 08:37:38
w_003211,mem_003211,DE,sdd,referral,churned,2025-02-05 02:06:01
w_003212,mem_003212,DE,card,paid_social,active,2025-12-01 06:59:48
w_003213,mem_003213,AT,sdd,referral,active,2025-11-03 17:58:19
w_003214,mem_003214,CH,sdd,organic,active,2025-01-17 12:56:33
w_003215,mem_003215,DE,card,paid_social,active,2025-01-11 22:35:30
w_003216,mem_003216,AT,sdd,search,active,2025-01-02 19:40:35
w_003217,,DE,sdd,organic,active,2025-04-10 14:03:06
w_003218,mem_003218,DE,sdd,paid_social,churned,2025-09-28 12:28:58
w_003219,mem_003219,IT,sdd,paid_social,active,2025-11-14 17:34:24
w_003220,,DE,sdd,,active,2025-02-18 07:51:44
w_003221,mem_003221,AT,sdd,search,active,2025-01-04 05:06:21
w_003222,mem_003222,DE,sdd,paid_social,active,2025-12-05 19:00:27
w_003223,mem_003223,AT,sdd,paid_social,active,2025-08-13 20:46:45
w_003224,,AT,card,partner,active,2025-11-06 15:15:38
w_003225,mem_003225,CH,card,organic,churned,2025-12-01 02:16:12
w_003226,mem_003226,DE,sdd,organic,active,2025-07-28 09:17:52
w_003227,mem_003227,IT,sdd,search,active,2025-05-05 05:41:38
w_003228,mem_003228,AT,sdd,paid_social,blocked,2025-05-08 15:15:06
w_003229,mem_003229,DE,card,paid_social,active,2025-12-11 23:14:20
w_003230,mem_003230,IT,card,search,active,2025-02-16 12:47:09
w_003231,mem_003231,CH,card,search,active,2025-10-25 08:31:48
w_003232,,DE,sdd,search,active,2025-12-16 23:17:17
w_003233,mem_003233,DE,card,paid_social,active,2025-07-18 19:53:58
w_003234,mem_003234,AT,sdd,partner,active,2025-11-19 02:34:09
w_003235,mem_003235,IT,card,organic,active,2025-05-16 13:54:34
w_003236,mem_003236,IT,card,partner,active,2025-02-19 14:24:07
w_003237,mem_003237,IT,card,referral,active,2025-01-27 08:07:44
w_003238,mem_003238,AT,sdd,organic,active,2025-10-09 05:40:16
w_003239,,DE,card,organic,active,2025-01-08 15:26:00
w_003240,mem_003240,SI,sdd,paid_social,active,2025-08-08 10:25:31
w_003241,,DE,sdd,referral,active,2025-01-30 05:41:30
w_003242,mem_003242,SI,sdd,search,active,2025-02-26 02:18:18
w_003243,mem_003243,SI,card,paid_social,active,2025-08-05 17:07:55
w_003244,mem_003244,SI,card,search,active,2025-03-21 11:48:45
w_003245,mem_003245,CH,card,organic,active,2025-03-14 01:11:31
w_003246,mem_003246,DE,sdd,organic,active,2025-06-12 19:22:35
w_003247,mem_003247,AT,sdd,organic,active,2025-07-24 05:11:18
w_003248,mem_003248,AT,card,search,active,2025-06-05 02:16:13
w_003249,mem_003249,AT,card,paid_social,active,2025-01-13 08:22:28
w_003250,,DE,sdd,organic,active,2025-02-22 15:20:33
w_003251,mem_003251,AT,sdd,organic,active,2025-05-12 15:22:29
w_003252,mem_003252,AT,card,organic,active,2025-05-10 12:48:09
w_003253,mem_003253,AT,sdd,organic,active,2025-06-29 05:17:50
w_003254,mem_003254,DE,card,paid_social,active,2025-02-12 09:25:03
w_003255,mem_003255,AT,sdd,search,active,2025-01-30 08:22:05
w_003256,mem_003256,AT,sdd,organic,active,2025-05-03 19:19:19
w_003257,mem_003257,IT,card,paid_social,active,2025-07-12 14:50:58
w_003258,mem_003258,DE,card,organic,active,2025-01-03 10:36:52
w_003259,mem_003259,IT,card,organic,active,2025-03-29 14:35:05
w_003260,mem_003260,AT,sdd,partner,active,2025-02-26 00:16:17
w_003261,mem_003261,DE,card,search,active,2025-04-15 19:26:46
w_003262,mem_003262,DE,card,partner,active,2025-08-15 13:07:57
w_003263,mem_003263,AT,card,paid_social,active,2025-05-26 22:58:02
w_003264,mem_003264,DE,card,referral,active,2025-02-06 15:37:25
w_003265,mem_003265,SI,sdd,partner,active,2025-04-27 13:12:31
w_003266,mem_003266,AT,sdd,organic,active,2025-11-18 05:42:05
w_003267,mem_003267,SI,sdd,partner,active,2025-02-11 06:47:37
w_003268,mem_003268,CH,card,referral,active,2025-02-05 07:25:28
w_003269,mem_003269,DE,sdd,paid_social,active,2025-10-12 11:27:30
w_003270,mem_003270,DE,sdd,paid_social,active,2025-12-08 07:05:09
w_003271,mem_003271,AT,sdd,organic,active,2025-01-23 19:56:18
w_003272,mem_003272,DE,sdd,paid_social,active,2025-10-18 23:03:48
w_003273,,IT,sdd,paid_social,active,2025-08-11 02:22:25
w_003274,,DE,sdd,search,active,2025-01-17 22:29:39
w_003275,mem_003275,DE,card,organic,active,2025-12-14 02:12:11
w_003276,mem_003276,AT,sdd,paid_social,churned,2025-03-18 15:43:10
w_003277,mem_003277,AT,sdd,,active,2025-06-24 09:25:29
w_003278,mem_003278,AT,card,organic,active,2025-06-09 07:30:46
w_003279,mem_003279,DE,card,search,active,2025-03-06 15:53:23
w_003280,mem_003280,AT,sdd,organic,active,2025-05-20 12:43:43
w_003281,mem_003281,IT,card,,active,2025-01-08 01:23:28
w_003282,mem_003282,AT,sdd,paid_social,active,2025-06-26 02:20:22
w_003283,mem_003283,AT,sdd,organic,active,2025-10-30 04:50:10
w_003284,mem_003284,AT,card,referral,active,2025-08-14 02:41:00
w_003285,mem_003285,AT,sdd,search,active,2025-11-15 14:40:55
w_003286,mem_003286,DE,card,referral,active,2025-09-19 11:10:59
w_003287,,AT,sdd,search,active,2025-05-31 18:19:44
w_003288,mem_003288,DE,sdd,organic,blocked,2025-02-01 22:09:50
w_003289,,DE,card,referral,active,2025-04-06 03:02:31
w_003290,mem_003290,AT,sdd,search,active,2025-04-18 16:54:11
w_003291,mem_003291,CH,sdd,referral,active,2025-06-23 01:56:17
w_003292,mem_003292,AT,sdd,paid_social,active,2025-08-04 15:44:00
w_003293,mem_003293,AT,sdd,search,churned,2025-11-09 13:48:01
w_003294,,DE,sdd,paid_social,active,2025-01-05 16:12:18
w_003295,mem_003295,DE,sdd,referral,churned,2025-06-23 09:28:25
w_003296,mem_003296,DE,card,organic,active,2025-10-01 10:15:19
w_003297,mem_003297,DE,card,referral,blocked,2025-08-02 19:22:17
w_003298,mem_003298,AT,sdd,organic,active,2025-07-29 08:32:30
w_003299,mem_003299,SI,sdd,partner,active,2025-06-23 11:54:11
w_003300,,CH,sdd,referral,active,2025-02-24 15:46:37
w_003301,mem_003301,CH,card,organic,active,2025-12-18 09:40:07
w_003302,mem_003302,AT,sdd,organic,churned,2025-05-02 00:04:16
w_003303,mem_003303,DE,card,paid_social,active,2025-02-03 20:40:08
w_003304,mem_003304,DE,sdd,organic,active,2025-05-09 22:36:33
w_003305,mem_003305,AT,card,partner,active,2025-09-03 06:26:29
w_003306,mem_003306,DE,sdd,organic,active,2025-02-14 10:29:33
w_003307,,DE,sdd,paid_social,active,2025-06-08 14:33:00
w_003308,mem_003308,CH,sdd,partner,blocked,2025-01-12 12:07:20
w_003309,mem_003309,DE,sdd,organic,churned,2025-08-09 12:15:49
w_003310,mem_003310,DE,sdd,search,churned,2025-09-12 07:46:28
w_003311,mem_003311,IT,card,partner,active,2025-06-19 00:36:07
w_003312,mem_003312,AT,card,referral,active,2025-10-20 19:02:17
w_003313,mem_003313,SI,card,organic,active,2025-12-14 03:08:00
w_003314,mem_003314,AT,sdd,paid_social,active,2025-11-17 11:35:01
w_003315,mem_003315,AT,card,paid_social,active,2025-10-07 07:13:45
w_003316,mem_003316,SI,sdd,,active,2025-02-27 19:51:20
w_003317,mem_003317,DE,card,organic,churned,2025-07-27 16:18:22
w_003318,mem_003318,DE,sdd,paid_social,active,2025-06-28 04:46:00
w_003319,mem_003319,AT,card,paid_social,active,2025-06-12 10:53:24
w_003320,mem_003320,AT,card,search,active,2025-03-01 06:44:00
w_003321,mem_003321,DE,card,organic,active,2025-12-10 06:18:14
w_003322,mem_003322,AT,sdd,organic,active,2025-08-31 03:51:48
w_003323,mem_003323,SI,sdd,paid_social,active,2025-03-22 15:50:37
w_003324,mem_003324,SI,sdd,organic,churned,2025-07-14 09:54:59
w_003325,mem_003325,AT,sdd,search,active,2025-04-16 14:03:38
w_003326,mem_003326,AT,sdd,referral,churned,2025-05-27 22:58:41
w_003327,mem_003327,AT,sdd,paid_social,active,2025-11-24 13:46:19
w_003328,,DE,card,referral,active,2025-03-08 19:47:08
w_003329,mem_003329,DE,sdd,organic,active,2025-02-04 03:40:24
w_003330,mem_003330,AT,card,paid_social,active,2025-08-02 18:23:27
w_003331,mem_003331,IT,sdd,search,active,2025-04-30 02:51:56
w_003332,mem_003332,DE,card,paid_social,active,2025-11-10 03:10:55
w_003333,mem_003333,IT,sdd,search,active,2025-01-10 00:13:52
w_003334,mem_003334,AT,card,paid_social,active,2025-11-14 02:52:42
w_003335,mem_003335,IT,sdd,search,active,2025-03-18 03:32:08
w_003336,mem_003336,DE,card,paid_social,active,2025-02-16 00:09:47
w_003337,mem_003337,AT,card,search,active,2025-11-16 22:19:54
w_003338,,AT,card,organic,active,2025-05-30 12:55:52
w_003339,mem_003339,DE,card,organic,active,2025-08-19 22:46:05
w_003340,mem_003340,AT,sdd,partner,active,2025-02-04 17:52:42
w_003341,mem_003341,DE,card,referral,active,2025-11-12 20:25:30
w_003342,mem_003342,AT,card,partner,active,2025-07-01 05:21:04
w_003343,mem_003343,DE,card,referral,churned,2025-10-22 05:59:59
w_003344,mem_003344,DE,sdd,referral,churned,2025-08-28 13:21:22
w_003345,mem_003345,IT,sdd,paid_social,active,2025-04-21 15:25:01
w_003346,mem_003346,SI,sdd,organic,active,2025-01-04 15:51:10
w_003347,mem_003347,CH,card,referral,active,2025-03-06 07:57:20
w_003348,mem_003348,DE,card,referral,active,2025-11-22 02:31:58
w_003349,mem_003349,CH,sdd,organic,active,2025-01-22 20:10:37
w_003350,mem_003350,DE,card,organic,active,2025-09-26 01:41:02
w_003351,mem_003351,DE,card,organic,blocked,2025-03-20 18:15:26
w_003352,mem_003352,DE,card,organic,active,2025-07-10 10:57:09
w_003353,mem_003353,CH,sdd,search,blocked,2025-12-08 02:24:41
w_003354,,DE,card,paid_social,active,2025-08-01 10:41:17
w_003355,,AT,card,organic,active,2025-07-14 09:00:36
w_003356,mem_003356,SI,sdd,search,blocked,2025-10-26 06:34:49
w_003357,mem_003357,AT,card,paid_social,active,2025-06-01 17:36:59
w_003358,mem_003358,DE,sdd,search,active,2025-05-17 20:42:50
w_003359,mem_003359,DE,sdd,paid_social,active,2025-09-22 22:56:24
w_003360,mem_003360,CH,card,organic,active,2025-12-22 02:44:19
w_003361,mem_003361,CH,card,paid_social,active,2025-01-22 07:52:46
w_003362,mem_003362,AT,sdd,partner,active,2025-01-02 17:07:16
w_003363,mem_003363,CH,sdd,search,active,2025-11-12 21:09:32
w_003364,mem_003364,DE,sdd,organic,active,2025-09-30 22:43:20
w_003365,mem_003365,AT,sdd,partner,active,2025-07-30 10:12:54
w_003366,mem_003366,AT,sdd,search,active,2025-10-14 20:09:34
w_003367,mem_003367,AT,sdd,paid_social,active,2025-01-19 04:40:49
w_003368,mem_003368,DE,sdd,search,churned,2025-11-10 14:50:38
w_003369,mem_003369,IT,sdd,paid_social,churned,2025-03-31 17:53:59
w_003370,,AT,card,partner,active,2025-02-06 07:13:33
w_003371,mem_003371,DE,card,referral,churned,2025-06-13 08:22:47
w_003372,mem_003372,DE,card,organic,active,2025-06-14 20:29:56
w_003373,mem_003373,DE,sdd,paid_social,active,2025-10-25 01:33:21
w_003374,mem_003374,AT,sdd,paid_social,active,2025-07-11 08:06:13
w_003375,mem_003375,AT,card,referral,active,2025-07-16 18:41:23
w_003376,mem_003376,AT,card,organic,active,2025-10-24 02:20:12
w_003377,mem_003377,DE,card,search,active,2025-04-25 19:31:31
w_003378,mem_003378,AT,sdd,organic,active,2025-06-14 05:15:41
w_003379,mem_003379,DE,sdd,search,active,2025-06-28 21:57:57
w_003380,mem_003380,DE,sdd,referral,active,2025-10-21 02:18:06
w_003381,mem_003381,AT,sdd,organic,active,2025-01-24 18:26:19
w_003382,mem_003382,AT,sdd,search,active,2025-03-14 02:57:53
w_003383,mem_003383,AT,card,organic,active,2025-10-02 01:23:38
w_003384,mem_003384,DE,sdd,paid_social,active,2025-10-27 06:18:20
w_003385,mem_003385,AT,sdd,organic,active,2025-08-04 12:58:47
w_003386,mem_003386,DE,sdd,partner,blocked,2025-01-04 23:52:07
w_003387,mem_003387,AT,card,,active,2025-11-30 20:40:30
w_003388,mem_003388,AT,sdd,partner,active,2025-06-05 16:32:06
w_003389,mem_003389,DE,sdd,referral,active,2025-06-17 11:25:25
w_003390,mem_003390,CH,card,referral,active,2025-01-12 17:34:24
w_003391,mem_003391,IT,card,organic,active,2025-04-01 18:45:48
w_003392,mem_003392,CH,card,organic,active,2025-05-15 16:54:19
w_003393,mem_003393,SI,sdd,search,active,2025-03-19 16:16:22
w_003394,mem_003394,AT,card,search,active,2025-06-16 15:10:08
w_003395,mem_003395,DE,card,paid_social,active,2025-06-09 19:24:03
w_003396,mem_003396,IT,card,search,active,2025-05-12 15:43:03
w_003397,mem_003397,AT,sdd,organic,active,2025-04-04 16:31:13
w_003398,mem_003398,DE,sdd,referral,active,2025-06-06 07:01:25
w_003399,mem_003399,AT,card,search,active,2025-03-10 03:13:49
w_003400,mem_003400,DE,sdd,paid_social,blocked,2025-11-19 09:23:37
w_003401,mem_003401,AT,card,paid_social,active,2025-06-14 06:02:03
w_003402,mem_003402,DE,sdd,paid_social,active,2025-04-23 05:12:37
w_003403,mem_003403,AT,card,search,churned,2025-02-10 05:17:56
w_003404,,DE,card,paid_social,active,2025-03-14 16:38:53
w_003405,,CH,sdd,paid_social,churned,2025-08-02 10:34:42
w_003406,mem_003406,DE,card,paid_social,active,2025-07-12 09:58:53
w_003407,mem_003407,AT,card,paid_social,active,2025-12-10 03:10:18
w_003408,mem_003408,CH,card,partner,active,2025-03-17 08:22:48
w_003409,mem_003409,DE,sdd,organic,active,2025-04-24 02:13:48
w_003410,mem_003410,AT,card,organic,active,2025-04-19 14:38:52
w_003411,mem_003411,AT,card,paid_social,active,2025-04-19 05:05:08
w_003412,,CH,sdd,organic,active,2025-08-07 13:52:40
w_003413,mem_003413,SI,sdd,referral,active,2025-05-16 20:19:00
w_003414,mem_003414,DE,sdd,search,active,2025-03-27 01:04:37
w_003415,mem_003415,CH,sdd,paid_social,active,2025-03-11 23:25:16
w_003416,mem_003416,DE,card,organic,active,2025-05-16 04:10:11
w_003417,mem_003417,AT,sdd,organic,active,2025-11-19 12:18:36
w_003418,mem_003418,AT,sdd,paid_social,active,2025-12-02 03:51:38
w_003419,mem_003419,AT,card,paid_social,active,2025-08-31 02:46:35
w_003420,mem_003420,DE,sdd,paid_social,active,2025-08-01 02:18:54
w_003421,mem_003421,AT,sdd,referral,active,2025-06-10 07:25:08
w_003422,mem_003422,AT,sdd,organic,active,2025-02-10 02:39:53
w_003423,mem_003423,CH,card,organic,active,2025-01-31 04:43:22
w_003424,mem_003424,CH,card,organic,active,2025-01-13 15:36:56
w_003425,mem_003425,AT,sdd,organic,active,2025-03-02 22:12:13
w_003426,,AT,card,organic,active,2025-05-19 20:20:10
w_003427,mem_003427,CH,sdd,organic,active,2025-11-28 11:15:42
w_003428,mem_003428,AT,card,referral,active,2025-05-08 14:24:30
w_003429,mem_003429,DE,sdd,organic,active,2025-11-12 19:11:41
w_003430,mem_003430,AT,sdd,partner,blocked,2025-10-29 06:39:08
w_003431,mem_003431,DE,sdd,search,active,2025-08-18 22:43:48
w_003432,mem_003432,AT,card,organic,active,2025-07-29 01:55:59
w_003433,mem_003433,AT,card,search,blocked,2025-04-15 22:39:33
w_003434,mem_003434,DE,sdd,organic,blocked,2025-06-02 13:21:52
w_003435,mem_003435,AT,sdd,organic,active,2025-02-25 09:31:42
w_003436,mem_003436,AT,sdd,search,active,2025-05-25 08:27:03
w_003437,mem_003437,CH,sdd,,active,2025-04-15 03:49:15
w_003438,mem_003438,DE,card,organic,active,2025-02-07 23:27:31
w_003439,mem_003439,CH,card,organic,active,2025-05-25 14:48:20
w_003440,mem_003440,DE,sdd,paid_social,active,2025-05-04 16:39:11
w_003441,mem_003441,CH,sdd,paid_social,active,2025-12-15 11:26:01
w_003442,mem_003442,DE,card,search,active,2025-10-25 15:51:19
w_003443,mem_003443,AT,sdd,referral,blocked,2025-12-17 10:50:41
w_003444,mem_003444,AT,sdd,organic,active,2025-01-25 09:17:17
w_003445,mem_003445,DE,sdd,organic,active,2025-03-23 12:15:29
w_003446,,DE,card,referral,active,2025-11-23 17:38:07
w_003447,mem_003447,AT,card,search,churned,2025-04-12 08:01:41
w_003448,mem_003448,AT,card,referral,active,2025-03-01 13:05:47
w_003449,mem_003449,IT,card,search,churned,2025-09-20 07:14:20
w_003450,mem_003450,DE,sdd,referral,active,2025-01-03 21:11:36
w_003451,mem_003451,CH,card,referral,churned,2025-11-19 03:38:18
w_003452,mem_003452,IT,card,organic,active,2025-08-05 18:42:29
w_003453,mem_003453,SI,sdd,partner,active,2025-07-01 11:16:17
w_003454,mem_003454,AT,sdd,organic,active,2025-05-10 12:51:03
w_003455,mem_003455,AT,sdd,search,churned,2025-10-14 22:16:35
w_003456,mem_003456,DE,sdd,paid_social,active,2025-02-22 10:03:52
w_003457,mem_003457,AT,sdd,search,active,2025-09-13 17:18:43
w_003458,mem_003458,IT,sdd,paid_social,active,2025-12-06 18:37:15
w_003459,mem_003459,DE,sdd,paid_social,active,2025-03-09 00:52:28
w_003460,mem_003460,AT,card,organic,active,2025-11-06 01:31:40
w_003461,mem_003461,DE,card,referral,active,2025-03-08 20:07:09
w_003462,mem_003462,AT,card,organic,active,2025-02-05 04:49:22
w_003463,mem_003463,IT,card,referral,active,2025-08-10 06:17:00
w_003464,mem_003464,AT,sdd,organic,active,2025-06-03 04:15:05
w_003465,mem_003465,IT,card,paid_social,active,2025-12-23 17:36:25
w_003466,mem_003466,AT,sdd,referral,active,2025-03-17 10:07:28
w_003467,,AT,sdd,paid_social,active,2025-08-27 15:46:18
w_003468,mem_003468,AT,card,organic,active,2025-03-19 23:31:08
w_003469,mem_003469,DE,sdd,organic,active,2025-08-18 20:46:46
w_003470,mem_003470,AT,sdd,paid_social,active,2025-07-25 09:29:14
w_003471,mem_003471,IT,sdd,paid_social,active,2025-12-25 15:21:13
w_003472,mem_003472,DE,card,organic,active,2025-02-20 09:48:55
w_003473,mem_003473,AT,sdd,paid_social,active,2025-08-11 07:33:16
w_003474,mem_003474,DE,sdd,search,active,2025-06-15 06:58:45
w_003475,mem_003475,DE,card,organic,active,2025-03-18 23:36:47
w_003476,mem_003476,AT,sdd,organic,active,2025-10-04 17:27:34
w_003477,mem_003477,AT,card,paid_social,active,2025-05-16 12:35:57
w_003478,mem_003478,DE,sdd,paid_social,blocked,2025-06-30 04:03:59
w_003479,mem_003479,DE,card,referral,active,2025-12-23 17:50:45
w_003480,mem_003480,AT,sdd,organic,active,2025-03-11 22:17:16
w_003481,mem_003481,DE,sdd,organic,active,2025-05-08 07:15:34
w_003482,mem_003482,AT,sdd,organic,active,2025-11-25 15:26:37
w_003483,mem_003483,DE,sdd,organic,active,2025-12-09 14:44:41
w_003484,mem_003484,AT,card,search,active,2025-10-26 11:42:27
w_003485,mem_003485,DE,card,organic,active,2025-07-14 13:30:05
w_003486,mem_003486,AT,sdd,search,active,2025-05-20 09:31:13
w_003487,mem_003487,AT,sdd,organic,active,2025-02-23 03:12:45
w_003488,mem_003488,DE,card,organic,active,2025-06-18 11:59:36
w_003489,mem_003489,DE,sdd,search,blocked,2025-05-12 14:48:36
w_003490,mem_003490,AT,sdd,referral,active,2025-04-15 01:09:59
w_003491,mem_003491,IT,sdd,organic,active,2025-01-07 05:09:46
w_003492,mem_003492,IT,card,search,active,2025-09-18 23:08:10
w_003493,mem_003493,CH,sdd,organic,active,2025-04-25 00:33:01
w_003494,mem_003494,DE,sdd,referral,active,2025-01-20 21:29:31
w_003495,mem_003495,CH,card,organic,active,2025-11-29 11:47:41
w_003496,mem_003496,DE,card,,active,2025-12-07 12:43:58
w_003497,mem_003497,DE,sdd,search,active,2025-01-27 01:49:24
w_003498,mem_003498,AT,sdd,partner,active,2025-10-17 22:18:07
w_003499,mem_003499,DE,sdd,organic,active,2025-03-06 19:58:01
w_003500,mem_003500,AT,sdd,organic,active,2025-06-26 11:31:13
w_003501,mem_003501,AT,sdd,referral,active,2025-06-09 23:09:44
w_003502,mem_003502,DE,sdd,paid_social,active,2025-06-22 12:18:34
w_003503,mem_003503,IT,sdd,search,active,2025-09-08 08:13:13
w_003504,mem_003504,AT,sdd,paid_social,churned,2025-12-18 09:00:26
w_003505,mem_003505,AT,sdd,organic,active,2025-11-30 01:36:48
w_003506,mem_003506,DE,sdd,search,active,2025-07-18 19:15:38
w_003507,mem_003507,AT,card,paid_social,active,2025-09-20 15:07:57
w_003508,mem_003508,DE,card,search,active,2025-03-21 08:40:59
w_003509,mem_003509,AT,card,search,churned,2025-07-15 14:57:51
w_003510,mem_003510,DE,sdd,organic,active,2025-09-05 15:36:45
w_003511,mem_003511,AT,card,paid_social,active,2025-11-18 17:34:53
w_003512,mem_003512,DE,card,organic,active,2025-09-29 21:57:10
w_003513,mem_003513,DE,sdd,organic,active,2025-06-01 18:05:33
w_003514,mem_003514,AT,card,referral,active,2025-09-20 14:19:27
w_003515,mem_003515,AT,card,search,active,2025-10-25 18:30:47
w_003516,mem_003516,DE,sdd,partner,active,2025-03-04 00:52:06
w_003517,mem_003517,AT,card,partner,active,2025-03-21 06:06:11
w_003518,mem_003518,DE,sdd,referral,active,2025-07-27 08:14:51
w_003519,,DE,card,referral,active,2025-03-03 06:11:50
w_003520,mem_003520,SI,sdd,,active,2025-12-10 10:03:18
w_003521,mem_003521,AT,card,,active,2025-08-22 14:25:26
w_003522,,AT,card,search,active,2025-06-24 14:57:33
w_003523,mem_003523,SI,sdd,partner,active,2025-06-20 13:32:24
w_003524,mem_003524,DE,sdd,search,churned,2025-04-16 11:04:12
w_003525,,IT,card,search,active,2025-11-12 05:48:26
w_003526,mem_003526,DE,card,organic,active,2025-06-30 22:34:52
w_003527,mem_003527,DE,card,paid_social,active,2025-09-04 05:28:23
w_003528,mem_003528,DE,card,organic,blocked,2025-09-08 13:41:54
w_003529,mem_003529,DE,card,organic,blocked,2025-09-10 15:01:08
w_003530,mem_003530,AT,card,search,active,2025-11-27 01:50:29
w_003531,mem_003531,SI,sdd,organic,churned,2025-02-14 10:38:10
w_003532,mem_003532,DE,sdd,paid_social,active,2025-06-23 07:30:20
w_003533,mem_003533,DE,sdd,paid_social,active,2025-12-15 20:20:09
w_003534,mem_003534,DE,card,search,active,2025-08-22 06:21:16
w_003535,mem_003535,AT,card,paid_social,active,2025-11-24 04:10:40
w_003536,mem_003536,AT,card,referral,active,2025-07-20 12:38:20
w_003537,mem_003537,DE,sdd,partner,active,2025-07-01 08:04:19
w_003538,mem_003538,CH,card,organic,active,2025-09-24 04:36:18
w_003539,mem_003539,DE,sdd,search,active,2025-07-03 09:40:08
w_003540,mem_003540,DE,card,,active,2025-04-04 05:57:58
w_003541,mem_003541,AT,sdd,organic,churned,2025-06-13 14:36:25
w_003542,mem_003542,DE,sdd,paid_social,active,2025-08-20 00:31:00
w_003543,mem_003543,AT,sdd,search,blocked,2025-11-15 23:15:34
w_003544,mem_003544,AT,card,paid_social,active,2025-11-11 18:28:03
w_003545,mem_003545,CH,sdd,organic,active,2025-06-08 09:10:30
w_003546,mem_003546,CH,card,paid_social,active,2025-05-22 10:53:13
w_003547,mem_003547,DE,card,paid_social,active,2025-11-14 01:02:56
w_003548,mem_003548,AT,sdd,search,active,2025-02-21 05:00:59
w_003549,mem_003549,AT,card,organic,active,2025-09-25 20:31:26
w_003550,,DE,sdd,partner,active,2025-10-20 18:51:00
w_003551,,DE,card,search,active,2025-09-21 22:58:49
w_003552,mem_003552,AT,card,paid_social,active,2025-12-16 01:59:44
w_003553,mem_003553,CH,sdd,organic,active,2025-07-13 13:32:44
w_003554,mem_003554,AT,sdd,paid_social,active,2025-03-18 17:37:49
w_003555,mem_003555,AT,sdd,paid_social,active,2025-10-29 03:50:14
w_003556,mem_003556,CH,card,partner,active,2025-05-01 13:14:56
w_003557,mem_003557,AT,sdd,organic,churned,2025-02-22 09:15:05
w_003558,mem_003558,AT,sdd,,active,2025-06-09 12:16:17
w_003559,mem_003559,CH,sdd,,active,2025-08-10 01:17:26
w_003560,mem_003560,IT,card,search,active,2025-12-19 21:31:19
w_003561,mem_003561,AT,card,search,active,2025-11-04 05:49:27
w_003562,mem_003562,DE,sdd,referral,active,2025-12-02 23:53:16
w_003563,mem_003563,AT,sdd,paid_social,active,2025-05-25 12:51:57
w_003564,mem_003564,AT,card,organic,blocked,2025-01-19 23:22:06
w_003565,mem_003565,AT,card,organic,active,2025-05-08 03:18:55
w_003566,mem_003566,CH,sdd,organic,active,2025-02-18 22:54:54
w_003567,mem_003567,AT,card,search,churned,2025-09-13 15:05:44
w_003568,mem_003568,DE,sdd,organic,active,2025-01-27 03:38:34
w_003569,mem_003569,AT,sdd,organic,active,2025-04-21 09:20:54
w_003570,mem_003570,CH,card,paid_social,active,2025-11-12 03:59:00
w_003571,mem_003571,DE,card,paid_social,active,2025-01-13 21:11:08
w_003572,mem_003572,DE,sdd,organic,active,2025-03-04 01:09:14
w_003573,mem_003573,AT,sdd,organic,active,2025-08-30 04:55:45
w_003574,,SI,sdd,partner,churned,2025-04-01 03:35:06
w_003575,mem_003575,CH,sdd,partner,active,2025-02-09 17:33:02
w_003576,mem_003576,DE,card,search,active,2025-08-09 17:43:56
w_003577,mem_003577,DE,card,organic,active,2025-09-10 01:26:40
w_003578,mem_003578,AT,card,paid_social,active,2025-09-13 21:13:23
w_003579,mem_003579,DE,card,referral,active,2025-07-24 08:28:02
w_003580,mem_003580,IT,sdd,organic,active,2025-10-12 11:45:54
w_003581,mem_003581,AT,sdd,organic,active,2025-04-30 08:44:36
w_003582,mem_003582,IT,sdd,organic,active,2025-03-17 09:48:23
w_003583,mem_003583,AT,card,paid_social,active,2025-07-10 08:55:13
w_003584,mem_003584,DE,sdd,organic,active,2025-03-29 16:11:45
w_003585,mem_003585,IT,card,organic,active,2025-09-27 21:57:38
w_003586,mem_003586,DE,sdd,search,active,2025-03-19 00:03:57
w_003587,mem_003587,AT,sdd,paid_social,churned,2025-11-11 17:08:59
w_003588,mem_003588,AT,card,paid_social,active,2025-01-01 00:47:46
w_003589,mem_003589,SI,card,partner,active,2025-12-03 07:43:04
w_003590,mem_003590,AT,card,organic,active,2025-09-26 16:18:22
w_003591,mem_003591,DE,card,,churned,2025-07-03 00:03:38
w_003592,mem_003592,DE,card,referral,active,2025-02-04 21:15:41
w_003593,mem_003593,SI,sdd,search,active,2025-01-31 11:16:20
w_003594,mem_003594,AT,sdd,organic,active,2025-08-05 20:08:48
w_003595,mem_003595,IT,sdd,referral,active,2025-10-14 01:39:59
w_003596,mem_003596,DE,sdd,paid_social,active,2025-08-29 10:56:19
w_003597,mem_003597,AT,sdd,organic,active,2025-09-09 02:51:53
w_003598,mem_003598,AT,sdd,paid_social,active,2025-11-18 21:40:16
w_003599,mem_003599,CH,card,organic,active,2025-01-08 03:16:02
w_003600,mem_003600,AT,sdd,search,active,2025-02-01 15:01:41
w_003601,mem_003601,AT,sdd,search,active,2025-10-25 22:38:14
w_003602,mem_003602,DE,card,organic,churned,2025-08-04 10:01:10
w_003603,mem_003603,AT,sdd,referral,active,2025-06-22 17:59:09
w_003604,mem_003604,DE,card,organic,active,2025-02-05 03:55:19
w_003605,mem_003605,DE,sdd,partner,active,2025-03-21 02:50:32
w_003606,mem_003606,IT,sdd,paid_social,active,2025-08-23 22:05:22
w_003607,mem_003607,DE,sdd,,active,2025-01-21 17:55:36
w_003608,mem_003608,DE,sdd,referral,churned,2025-08-05 20:33:50
w_003609,mem_003609,DE,card,referral,active,2025-02-15 15:02:04
w_003610,mem_003610,AT,sdd,search,blocked,2025-12-10 23:33:49
w_003611,mem_003611,AT,sdd,paid_social,active,2025-02-26 09:54:57
w_003612,,AT,sdd,organic,active,2025-08-06 19:45:16
w_003613,mem_003613,SI,card,referral,active,2025-08-19 16:28:39
w_003614,mem_003614,DE,sdd,organic,active,2025-03-03 17:21:20
w_003615,mem_003615,AT,sdd,referral,active,2025-07-05 09:45:22
w_003616,,CH,card,partner,active,2025-11-03 18:57:16
w_003617,mem_003617,AT,sdd,organic,active,2025-12-14 17:43:58
w_003618,mem_003618,DE,sdd,search,active,2025-08-28 20:19:27
w_003619,mem_003619,IT,sdd,organic,active,2025-11-09 04:57:05
w_003620,mem_003620,AT,card,organic,churned,2025-10-22 17:52:19
w_003621,,AT,sdd,search,active,2025-05-30 06:33:46
w_003622,mem_003622,AT,sdd,organic,active,2025-12-19 07:51:56
w_003623,,AT,sdd,search,active,2025-11-12 13:59:21
w_003624,,CH,sdd,referral,active,2025-05-25 01:38:25
w_003625,mem_003625,DE,sdd,organic,active,2025-04-14 07:07:51
w_003626,mem_003626,AT,card,referral,churned,2025-01-18 00:15:42
w_003627,mem_003627,AT,sdd,organic,active,2025-02-25 14:22:12
w_003628,mem_003628,DE,sdd,search,active,2025-06-28 16:08:41
w_003629,mem_003629,AT,sdd,referral,active,2025-08-12 02:31:26
w_003630,,DE,card,partner,blocked,2025-06-17 03:27:37
w_003631,mem_003631,AT,card,partner,active,2025-04-25 16:10:10
w_003632,mem_003632,SI,sdd,organic,active,2025-01-18 00:39:45
w_003633,mem_003633,DE,card,organic,active,2025-05-08 22:01:20
w_003634,mem_003634,AT,sdd,partner,active,2025-08-01 19:57:14
w_003635,mem_003635,SI,sdd,organic,active,2025-11-25 06:28:15
w_003636,mem_003636,DE,sdd,organic,active,2025-11-05 10:29:55
w_003637,mem_003637,IT,sdd,paid_social,active,2025-06-08 05:15:16
w_003638,mem_003638,DE,sdd,search,active,2025-02-24 04:36:17
w_003639,mem_003639,DE,sdd,paid_social,churned,2025-03-01 21:50:19
w_003640,mem_003640,AT,card,referral,active,2025-01-25 10:09:25
w_003641,mem_003641,DE,sdd,paid_social,active,2025-01-27 08:25:20
w_003642,mem_003642,DE,card,paid_social,active,2025-02-06 11:06:45
w_003643,mem_003643,AT,sdd,paid_social,active,2025-03-11 14:39:48
w_003644,,AT,card,organic,active,2025-04-14 01:13:31
w_003645,mem_003645,SI,sdd,organic,active,2025-09-22 02:08:49
w_003646,mem_003646,DE,card,partner,active,2025-10-08 15:53:01
w_003647,mem_003647,SI,card,search,active,2025-09-05 11:22:03
w_003648,mem_003648,AT,sdd,organic,active,2025-06-07 03:17:31
w_003649,mem_003649,AT,card,paid_social,active,2025-12-09 04:30:38
w_003650,mem_003650,DE,card,,active,2025-08-01 09:50:14
w_003651,mem_003651,IT,sdd,organic,active,2025-10-17 18:04:54
w_003652,,DE,sdd,referral,active,2025-11-29 06:11:54
w_003653,mem_003653,IT,sdd,referral,active,2025-06-17 23:04:03
w_003654,mem_003654,AT,card,search,active,2025-09-29 07:27:05
w_003655,mem_003655,DE,sdd,organic,active,2025-04-23 06:34:06
w_003656,mem_003656,CH,sdd,referral,churned,2025-03-05 15:20:17
w_003657,mem_003657,DE,card,referral,active,2025-08-19 14:03:05
w_003658,mem_003658,IT,card,organic,active,2025-10-03 09:22:16
w_003659,mem_003659,AT,card,organic,active,2025-04-03 13:06:09
w_003660,mem_003660,IT,sdd,organic,active,2025-06-14 09:15:14
w_003661,mem_003661,AT,card,organic,active,2025-03-24 11:52:39
w_003662,,AT,sdd,organic,active,2025-08-25 03:58:35
w_003663,mem_003663,CH,sdd,partner,active,2025-11-24 06:54:59
w_003664,mem_003664,DE,sdd,partner,active,2025-05-06 16:14:24
w_003665,,AT,sdd,organic,active,2025-02-18 06:43:09
w_003666,mem_003666,DE,card,search,active,2025-09-19 12:51:56
w_003667,mem_003667,DE,sdd,organic,active,2025-12-21 19:28:16
w_003668,mem_003668,AT,sdd,partner,active,2025-12-11 08:40:08
w_003669,mem_003669,DE,sdd,paid_social,churned,2025-10-11 13:08:55
w_003670,mem_003670,DE,sdd,paid_social,active,2025-04-03 10:41:43
w_003671,mem_003671,DE,sdd,paid_social,active,2025-04-29 03:40:49
w_003672,mem_003672,CH,sdd,referral,active,2025-10-02 23:35:32
w_003673,mem_003673,AT,sdd,paid_social,active,2025-12-04 07:23:58
w_003674,mem_003674,IT,sdd,organic,churned,2025-02-23 11:38:39
w_003675,,AT,sdd,,active,2025-11-24 07:10:56
w_003676,mem_003676,DE,card,organic,active,2025-09-04 08:02:12
w_003677,mem_003677,DE,sdd,paid_social,active,2025-06-09 20:36:17
w_003678,mem_003678,AT,card,search,active,2025-08-16 15:45:38
w_003679,mem_003679,DE,sdd,,active,2025-09-21 20:23:03
w_003680,,DE,sdd,referral,active,2025-11-03 15:32:40
w_003681,mem_003681,AT,sdd,referral,active,2025-08-29 20:52:38
w_003682,mem_003682,DE,sdd,organic,active,2025-09-15 00:47:06
w_003683,mem_003683,AT,sdd,organic,churned,2025-02-21 04:21:13
w_003684,mem_003684,CH,sdd,referral,active,2025-03-02 22:51:56
w_003685,mem_003685,DE,card,organic,active,2025-09-14 12:36:45
w_003686,,AT,sdd,search,active,2025-04-08 15:56:35
w_003687,mem_003687,AT,card,paid_social,active,2025-12-23 23:37:24
w_003688,mem_003688,AT,card,referral,active,2025-12-22 12:20:05
w_003689,mem_003689,DE,sdd,search,active,2025-05-13 10:25:28
w_003690,mem_003690,SI,sdd,paid_social,active,2025-10-28 17:28:36
w_003691,mem_003691,DE,card,organic,active,2025-08-01 01:25:35
w_003692,mem_003692,AT,card,referral,active,2025-05-31 15:47:46
w_003693,mem_003693,AT,card,paid_social,active,2025-04-10 04:40:00
w_003694,mem_003694,AT,card,organic,churned,2025-07-28 08:21:26
w_003695,mem_003695,DE,card,organic,active,2025-06-16 08:48:12
w_003696,mem_003696,IT,card,paid_social,churned,2025-09-21 09:56:29
w_003697,mem_003697,IT,sdd,partner,active,2025-03-20 04:32:14
w_003698,mem_003698,AT,sdd,paid_social,active,2025-06-12 00:24:26
w_003699,mem_003699,DE,sdd,paid_social,active,2025-05-04 18:05:17
w_003700,mem_003700,AT,card,partner,active,2025-12-26 22:18:00
w_003701,mem_003701,AT,sdd,organic,churned,2025-05-17 17:29:03
w_003702,mem_003702,DE,card,search,active,2025-01-21 07:30:01
w_003703,mem_003703,AT,sdd,paid_social,active,2025-11-29 08:58:14
w_003704,mem_003704,AT,sdd,organic,active,2025-05-07 06:06:55
w_003705,mem_003705,AT,sdd,search,active,2025-07-18 22:54:32
w_003706,mem_003706,DE,sdd,paid_social,active,2025-03-20 08:08:02
w_003707,mem_003707,IT,card,paid_social,active,2025-04-01 15:16:13
w_003708,mem_003708,DE,card,organic,active,2025-04-06 04:58:02
w_003709,mem_003709,AT,sdd,referral,active,2025-12-22 20:35:59
w_003710,,DE,sdd,referral,active,2025-10-12 00:24:54
w_003711,mem_003711,AT,card,referral,active,2025-12-05 21:41:25
w_003712,mem_003712,DE,sdd,search,active,2025-06-18 06:15:38
w_003713,mem_003713,AT,sdd,,blocked,2025-11-15 22:46:58
w_003714,mem_003714,AT,sdd,organic,active,2025-08-04 15:11:58
w_003715,mem_003715,AT,card,search,active,2025-05-04 09:51:38
w_003716,mem_003716,SI,card,paid_social,active,2025-07-11 03:06:18
w_003717,mem_003717,DE,card,referral,active,2025-09-06 05:23:13
w_003718,mem_003718,DE,sdd,organic,active,2025-09-01 20:47:59
w_003719,mem_003719,IT,card,search,active,2025-08-28 14:46:31
w_003720,mem_003720,SI,sdd,paid_social,active,2025-02-04 23:04:39
w_003721,mem_003721,AT,sdd,organic,active,2025-08-26 02:29:51
w_003722,mem_003722,DE,sdd,paid_social,active,2025-02-07 10:13:28
w_003723,mem_003723,AT,sdd,paid_social,churned,2025-05-21 19:26:10
w_003724,mem_003724,DE,card,organic,churned,2025-06-15 04:38:57
w_003725,mem_003725,IT,sdd,referral,active,2025-07-14 12:21:21
w_003726,mem_003726,CH,sdd,paid_social,active,2025-12-06 08:19:52
w_003727,mem_003727,SI,sdd,search,active,2025-04-06 00:42:00
w_003728,mem_003728,DE,sdd,paid_social,active,2025-05-21 00:59:03
w_003729,mem_003729,AT,card,paid_social,churned,2025-11-22 16:43:31
w_003730,,IT,sdd,,active,2025-09-29 18:33:05
w_003731,mem_003731,SI,sdd,partner,active,2025-12-22 06:09:51
w_003732,mem_003732,AT,card,partner,active,2025-10-24 20:18:59
w_003733,mem_003733,AT,card,referral,active,2025-11-16 17:58:46
w_003734,mem_003734,AT,sdd,organic,churned,2025-01-10 02:08:13
w_003735,mem_003735,DE,card,,active,2025-09-11 21:30:58
w_003736,mem_003736,IT,sdd,referral,active,2025-12-10 06:34:38
w_003737,mem_003737,IT,card,referral,active,2025-11-06 08:37:36
w_003738,mem_003738,CH,sdd,paid_social,active,2025-09-01 18:28:13
w_003739,mem_003739,AT,card,paid_social,active,2025-06-23 10:52:34
w_003740,mem_003740,AT,card,search,active,2025-05-02 22:19:16
w_003741,mem_003741,DE,sdd,paid_social,active,2025-07-30 00:29:57
w_003742,mem_003742,DE,card,organic,active,2025-05-17 23:47:49
w_003743,mem_003743,DE,sdd,search,active,2025-07-18 00:52:16
w_003744,mem_003744,DE,sdd,organic,active,2025-03-23 14:15:15
w_003745,mem_003745,AT,sdd,referral,active,2025-03-02 09:52:26
w_003746,mem_003746,DE,card,organic,active,2025-09-22 13:47:30
w_003747,mem_003747,IT,sdd,organic,active,2025-11-27 00:00:26
w_003748,mem_003748,DE,card,search,active,2025-08-09 05:29:53
w_003749,mem_003749,IT,card,paid_social,active,2025-02-08 04:08:33
w_003750,mem_003750,IT,card,search,active,2025-12-22 12:13:28
w_003751,mem_003751,DE,sdd,paid_social,active,2025-01-19 06:46:25
w_003752,mem_003752,AT,card,paid_social,blocked,2025-05-31 12:54:03
w_003753,mem_003753,CH,card,organic,active,2025-11-26 22:15:43
w_003754,,DE,card,search,active,2025-05-03 19:02:15
w_003755,mem_003755,SI,sdd,referral,active,2025-11-01 01:32:06
w_003756,mem_003756,DE,card,search,active,2025-01-06 03:40:57
w_003757,mem_003757,AT,sdd,organic,active,2025-09-13 14:52:12
w_003758,mem_003758,CH,sdd,referral,active,2025-11-24 20:07:11
w_003759,mem_003759,IT,sdd,organic,active,2025-07-23 19:28:05
w_003760,mem_003760,AT,sdd,organic,active,2025-11-16 07:09:40
w_003761,mem_003761,DE,sdd,partner,active,2025-01-30 15:37:57
w_003762,mem_003762,SI,card,search,churned,2025-02-09 18:27:45
w_003763,mem_003763,AT,card,paid_social,churned,2025-03-19 01:42:27
w_003764,mem_003764,AT,card,search,active,2025-10-29 12:59:09
w_003765,mem_003765,IT,sdd,referral,active,2025-06-24 21:25:09
w_003766,mem_003766,AT,sdd,organic,active,2025-04-28 11:59:59
w_003767,mem_003767,CH,card,search,active,2025-07-03 16:56:49
w_003768,mem_003768,AT,sdd,paid_social,active,2025-06-14 09:03:16
w_003769,mem_003769,DE,sdd,organic,active,2025-02-22 07:36:43
w_003770,mem_003770,AT,card,organic,churned,2025-02-16 05:23:43
w_003771,mem_003771,DE,sdd,paid_social,active,2025-12-20 09:55:37
w_003772,mem_003772,AT,card,organic,active,2025-08-06 07:28:47
w_003773,mem_003773,AT,sdd,search,active,2025-08-06 04:13:13
w_003774,mem_003774,IT,card,organic,active,2025-03-30 00:25:47
w_003775,mem_003775,AT,sdd,paid_social,active,2025-05-15 17:53:48
w_003776,mem_003776,IT,card,referral,active,2025-07-01 04:41:22
w_003777,mem_003777,DE,card,paid_social,active,2025-05-31 23:39:24
w_003778,mem_003778,AT,card,partner,active,2025-09-10 13:15:05
w_003779,mem_003779,AT,card,partner,active,2025-02-14 14:59:17
w_003780,mem_003780,DE,sdd,search,active,2025-01-30 20:58:13
w_003781,mem_003781,IT,sdd,organic,active,2025-04-22 08:02:39
w_003782,mem_003782,DE,sdd,paid_social,blocked,2025-07-06 05:22:56
w_003783,mem_003783,AT,card,referral,active,2025-09-27 12:30:02
w_003784,mem_003784,AT,card,organic,active,2025-10-07 05:14:40
w_003785,mem_003785,AT,card,referral,active,2025-03-20 04:05:16
w_003786,,DE,card,organic,active,2025-10-18 22:07:48
w_003787,mem_003787,DE,sdd,search,active,2025-08-05 15:21:17
w_003788,mem_003788,AT,card,search,churned,2025-06-11 08:37:39
w_003789,mem_003789,SI,sdd,search,active,2025-12-22 10:56:25
w_003790,mem_003790,SI,sdd,referral,active,2025-11-22 13:24:02
w_003791,,DE,card,paid_social,churned,2025-01-16 09:15:53
w_003792,mem_003792,DE,sdd,search,active,2025-12-13 01:41:04
w_003793,,AT,card,organic,active,2025-08-27 13:23:40
w_003794,,AT,card,organic,active,2025-04-25 02:05:40
w_003795,mem_003795,DE,sdd,search,churned,2025-04-29 01:54:32
w_003796,mem_003796,AT,sdd,organic,active,2025-05-27 08:54:28
w_003797,,DE,card,referral,active,2025-03-26 17:38:03
w_003798,mem_003798,DE,sdd,organic,active,2025-12-14 01:12:56
w_003799,mem_003799,AT,sdd,referral,active,2025-09-24 03:32:37
w_003800,mem_003800,IT,card,organic,active,2025-01-11 05:22:27
w_003801,mem_003801,AT,card,organic,active,2025-03-11 11:28:28
w_003802,mem_003802,CH,sdd,paid_social,active,2025-10-31 14:51:39
w_003803,mem_003803,DE,card,organic,active,2025-07-06 20:16:51
w_003804,mem_003804,AT,sdd,paid_social,active,2025-10-21 05:22:25
w_003805,mem_003805,DE,card,organic,active,2025-10-14 23:23:35
w_003806,mem_003806,IT,sdd,paid_social,active,2025-05-19 21:03:21
w_003807,mem_003807,AT,card,organic,active,2025-08-17 23:53:37
w_003808,mem_003808,DE,sdd,organic,active,2025-08-15 11:28:19
w_003809,,AT,sdd,organic,active,2025-03-17 11:11:09
w_003810,mem_003810,AT,sdd,organic,churned,2025-09-28 13:48:36
w_003811,mem_003811,DE,sdd,organic,active,2025-02-05 18:25:36
w_003812,mem_003812,IT,sdd,paid_social,active,2025-02-10 08:16:32
w_003813,mem_003813,DE,sdd,organic,active,2025-01-18 14:34:27
w_003814,mem_003814,DE,card,organic,active,2025-10-23 12:54:16
w_003815,mem_003815,AT,card,search,active,2025-12-02 10:29:56
w_003816,mem_003816,DE,sdd,organic,active,2025-05-25 13:58:23
w_003817,mem_003817,DE,card,,active,2025-03-13 17:24:00
w_003818,mem_003818,AT,sdd,search,churned,2025-09-26 12:09:05
w_003819,mem_003819,AT,sdd,paid_social,active,2025-03-07 07:44:04
w_003820,,AT,card,paid_social,active,2025-07-06 13:38:56
w_003821,mem_003821,DE,sdd,search,active,2025-01-08 09:57:45
w_003822,mem_003822,AT,sdd,,active,2025-07-21 16:17:24
w_003823,mem_003823,AT,sdd,paid_social,active,2025-04-01 03:23:44
w_003824,mem_003824,DE,card,organic,active,2025-02-24 07:23:09
w_003825,mem_003825,DE,sdd,paid_social,active,2025-01-30 07:57:00
w_003826,mem_003826,AT,sdd,,active,2025-03-16 17:41:58
w_003827,mem_003827,DE,sdd,search,active,2025-11-06 08:54:57
w_003828,mem_003828,AT,sdd,organic,active,2025-09-21 19:18:03
w_003829,mem_003829,IT,sdd,referral,active,2025-11-09 07:17:19
w_003830,mem_003830,DE,card,referral,active,2025-06-17 00:20:30
w_003831,mem_003831,DE,sdd,partner,active,2025-05-19 11:50:20
w_003832,mem_003832,DE,card,organic,active,2025-11-15 19:45:35
w_003833,mem_003833,IT,sdd,referral,active,2025-07-03 06:24:19
w_003834,mem_003834,IT,card,organic,active,2025-05-29 23:51:41
w_003835,mem_003835,AT,card,search,active,2025-07-09 11:47:35
w_003836,,DE,sdd,paid_social,churned,2025-07-18 09:54:19
w_003837,mem_003837,DE,sdd,organic,active,2025-05-24 11:44:47
w_003838,mem_003838,CH,sdd,referral,churned,2025-06-21 11:22:16
w_003839,mem_003839,DE,card,partner,active,2025-09-17 00:10:34
w_003840,mem_003840,DE,card,search,blocked,2025-02-19 10:21:08
w_003841,mem_003841,DE,card,paid_social,blocked,2025-03-01 20:16:42
w_003842,mem_003842,DE,sdd,paid_social,active,2025-08-19 01:28:37
w_003843,mem_003843,AT,card,partner,active,2025-09-08 10:32:34
w_003844,mem_003844,AT,sdd,paid_social,churned,2025-05-06 19:43:37
w_003845,mem_003845,DE,sdd,search,active,2025-06-16 16:06:58
w_003846,mem_003846,DE,card,search,active,2025-02-27 03:12:39
w_003847,mem_003847,DE,sdd,organic,active,2025-10-22 17:37:08
w_003848,mem_003848,IT,card,referral,active,2025-07-14 05:12:18
w_003849,,IT,sdd,paid_social,active,2025-02-04 07:48:11
w_003850,mem_003850,DE,card,organic,active,2025-07-03 02:58:53
w_003851,mem_003851,DE,card,paid_social,active,2025-08-27 06:39:00
w_003852,mem_003852,AT,sdd,organic,active,2025-02-24 08:18:58
w_003853,mem_003853,DE,card,paid_social,active,2025-04-21 20:49:10
w_003854,mem_003854,AT,card,search,active,2025-03-13 10:28:40
w_003855,mem_003855,AT,sdd,partner,active,2025-03-05 20:45:51
w_003856,mem_003856,DE,card,search,active,2025-03-16 06:37:30
w_003857,mem_003857,AT,card,paid_social,active,2025-09-02 21:42:12
w_003858,,AT,sdd,partner,active,2025-09-16 05:43:30
w_003859,mem_003859,DE,sdd,referral,active,2025-10-07 01:53:12
w_003860,mem_003860,AT,sdd,organic,active,2025-06-09 21:15:55
w_003861,mem_003861,AT,card,organic,active,2025-02-10 17:32:43
w_003862,mem_003862,DE,card,organic,active,2025-06-05 20:52:21
w_003863,mem_003863,AT,sdd,paid_social,active,2025-10-20 23:03:26
w_003864,mem_003864,IT,card,organic,active,2025-09-16 14:29:04
w_003865,mem_003865,DE,card,organic,active,2025-11-05 13:53:27
w_003866,,DE,card,organic,active,2025-10-10 20:54:15
w_003867,mem_003867,DE,card,paid_social,active,2025-04-08 11:54:45
w_003868,mem_003868,DE,sdd,organic,active,2025-10-03 21:11:44
w_003869,mem_003869,AT,sdd,search,blocked,2025-12-16 02:54:01
w_003870,mem_003870,DE,sdd,organic,churned,2025-06-12 00:51:25
w_003871,mem_003871,AT,sdd,partner,active,2025-01-29 02:23:07
w_003872,mem_003872,DE,sdd,paid_social,active,2025-10-26 22:12:05
w_003873,mem_003873,AT,sdd,organic,active,2025-12-11 22:12:22
w_003874,mem_003874,DE,card,referral,active,2025-07-05 15:47:56
w_003875,mem_003875,AT,card,organic,active,2025-03-21 18:32:58
w_003876,mem_003876,AT,card,search,active,2025-09-30 14:05:23
w_003877,mem_003877,IT,sdd,organic,active,2025-02-07 23:11:56
w_003878,mem_003878,AT,card,paid_social,blocked,2025-12-18 22:30:36
w_003879,mem_003879,AT,sdd,search,active,2025-09-12 10:56:57
w_003880,mem_003880,CH,sdd,partner,churned,2025-04-27 03:34:16
w_003881,mem_003881,DE,sdd,organic,active,2025-03-24 18:29:07
w_003882,mem_003882,DE,card,organic,active,2025-06-16 11:48:15
w_003883,mem_003883,AT,card,organic,active,2025-09-05 10:41:18
w_003884,mem_003884,DE,sdd,organic,active,2025-08-13 07:34:43
w_003885,,CH,sdd,organic,active,2025-01-19 14:19:18
w_003886,mem_003886,AT,sdd,paid_social,churned,2025-08-20 18:41:26
w_003887,mem_003887,AT,card,paid_social,active,2025-11-13 04:24:59
w_003888,mem_003888,DE,sdd,search,active,2025-05-02 03:00:20
w_003889,mem_003889,DE,card,organic,active,2025-01-26 05:53:11
w_003890,mem_003890,AT,sdd,paid_social,active,2025-07-24 03:59:21
w_003891,mem_003891,AT,card,referral,active,2025-08-21 04:41:07
w_003892,mem_003892,CH,card,organic,active,2025-10-11 16:27:50
w_003893,mem_003893,AT,card,paid_social,active,2025-05-22 09:18:02
w_003894,mem_003894,DE,card,paid_social,active,2025-10-09 07:59:58
w_003895,,AT,sdd,organic,active,2025-05-23 12:17:58
w_003896,mem_003896,AT,card,organic,active,2025-04-25 04:50:25
w_003897,mem_003897,SI,card,organic,active,2025-11-14 20:09:02
w_003898,mem_003898,IT,card,organic,active,2025-11-02 19:35:47
w_003899,mem_003899,DE,sdd,organic,active,2025-09-05 20:11:20
w_003900,mem_003900,DE,sdd,paid_social,active,2025-11-09 07:45:07
w_003901,mem_003901,AT,card,organic,active,2025-03-16 15:11:28
w_003902,mem_003902,AT,sdd,organic,active,2025-03-31 01:52:08
w_003903,mem_003903,DE,sdd,referral,blocked,2025-04-18 20:31:09
w_003904,mem_003904,AT,card,paid_social,active,2025-08-20 06:25:12
w_003905,mem_003905,AT,card,referral,active,2025-06-25 16:24:16
w_003906,mem_003906,IT,card,organic,active,2025-04-06 15:26:47
w_003907,mem_003907,AT,card,referral,churned,2025-10-30 19:58:15
w_003908,mem_003908,DE,sdd,referral,active,2025-12-25 15:58:37
w_003909,mem_003909,SI,card,paid_social,active,2025-09-16 05:21:43
w_003910,,AT,sdd,partner,churned,2025-04-04 07:25:25
w_003911,mem_003911,DE,sdd,organic,churned,2025-02-09 17:45:13
w_003912,mem_003912,IT,sdd,partner,active,2025-08-27 04:02:19
w_003913,mem_003913,DE,sdd,search,active,2025-09-12 16:22:23
w_003914,mem_003914,AT,sdd,paid_social,active,2025-09-02 04:54:57
w_003915,mem_003915,DE,sdd,partner,active,2025-08-25 23:52:42
w_003916,mem_003916,SI,sdd,referral,active,2025-09-07 12:18:17
w_003917,mem_003917,IT,card,partner,active,2025-02-14 19:41:13
w_003918,mem_003918,AT,card,referral,churned,2025-06-22 16:16:40
w_003919,mem_003919,AT,sdd,paid_social,active,2025-01-06 08:04:24
w_003920,mem_003920,DE,sdd,organic,active,2025-05-25 12:03:03
w_003921,mem_003921,DE,card,paid_social,active,2025-08-12 15:53:38
w_003922,mem_003922,AT,card,paid_social,active,2025-01-19 23:12:42
w_003923,mem_003923,AT,sdd,organic,active,2025-01-06 17:41:28
w_003924,mem_003924,CH,sdd,organic,active,2025-06-25 16:10:50
w_003925,mem_003925,DE,card,organic,churned,2025-06-22 11:51:55
w_003926,mem_003926,AT,sdd,organic,active,2025-12-16 02:31:33
w_003927,mem_003927,AT,card,paid_social,active,2025-07-05 23:46:14
w_003928,mem_003928,DE,card,organic,active,2025-04-15 14:33:15
w_003929,mem_003929,DE,sdd,organic,active,2025-12-07 09:00:26
w_003930,mem_003930,AT,sdd,organic,active,2025-04-08 07:07:47
w_003931,mem_003931,AT,sdd,search,active,2025-10-03 12:26:30
w_003932,mem_003932,AT,sdd,partner,active,2025-08-22 03:41:30
w_003933,mem_003933,DE,sdd,organic,active,2025-01-12 04:22:55
w_003934,mem_003934,SI,sdd,referral,active,2025-03-05 21:38:40
w_003935,mem_003935,AT,sdd,organic,active,2025-08-30 00:14:56
w_003936,mem_003936,IT,sdd,organic,active,2025-02-02 01:34:45
w_003937,,DE,sdd,partner,active,2025-04-19 13:26:49
w_003938,mem_003938,AT,sdd,partner,active,2025-09-26 00:44:38
w_003939,mem_003939,AT,sdd,paid_social,active,2025-08-22 02:37:51
w_003940,mem_003940,DE,card,partner,active,2025-10-26 16:31:07
w_003941,mem_003941,SI,sdd,organic,active,2025-05-29 12:41:23
w_003942,mem_003942,SI,sdd,organic,active,2025-02-19 00:17:13
w_003943,mem_003943,IT,card,organic,active,2025-03-02 22:20:03
w_003944,,DE,sdd,organic,active,2025-02-28 17:30:27
w_003945,mem_003945,DE,sdd,referral,active,2025-04-05 13:45:29
w_003946,,DE,card,paid_social,active,2025-01-01 19:12:58
w_003947,mem_003947,AT,card,organic,active,2025-05-27 07:52:15
w_003948,,AT,card,organic,active,2025-07-11 03:54:38
w_003949,mem_003949,CH,sdd,organic,active,2025-06-24 13:36:58
w_003950,mem_003950,AT,card,organic,active,2025-10-30 18:44:05
w_003951,mem_003951,CH,sdd,organic,active,2025-05-30 13:07:10
w_003952,mem_003952,AT,sdd,organic,active,2025-05-09 17:46:55
w_003953,mem_003953,DE,sdd,referral,active,2025-10-15 10:08:20
w_003954,mem_003954,DE,sdd,,active,2025-12-21 08:32:17
w_003955,mem_003955,AT,sdd,partner,active,2025-10-04 07:38:45
w_003956,,DE,card,search,active,2025-06-12 08:53:08
w_003957,mem_003957,DE,sdd,search,active,2025-09-09 15:49:32
w_003958,mem_003958,DE,sdd,referral,active,2025-01-24 06:04:01
w_003959,mem_003959,DE,sdd,paid_social,active,2025-09-21 23:45:14
w_003960,mem_003960,DE,sdd,paid_social,active,2025-05-11 05:13:08
w_003961,,IT,sdd,organic,active,2025-03-02 07:36:58
w_003962,mem_003962,DE,sdd,search,active,2025-07-19 02:02:46
w_003963,mem_003963,AT,card,paid_social,active,2025-08-24 10:53:00
w_003964,mem_003964,DE,card,referral,active,2025-05-11 17:49:28
w_003965,mem_003965,AT,sdd,paid_social,active,2025-12-06 07:29:16
w_003966,mem_003966,AT,sdd,,active,2025-09-13 19:34:51
w_003967,mem_003967,AT,card,organic,active,2025-10-21 04:47:26
w_003968,mem_003968,AT,card,partner,active,2025-09-23 06:07:35
w_003969,mem_003969,AT,sdd,search,active,2025-12-24 00:57:43
w_003970,mem_003970,DE,sdd,organic,active,2025-11-13 07:55:27
w_003971,mem_003971,IT,sdd,search,blocked,2025-06-22 20:47:09
w_003972,mem_003972,CH,sdd,search,active,2025-07-09 11:06:28
w_003973,mem_003973,DE,sdd,search,active,2025-04-07 15:58:57
w_003974,mem_003974,DE,sdd,referral,active,2025-08-27 07:07:13
w_003975,mem_003975,DE,card,search,active,2025-03-04 00:54:36
w_003976,mem_003976,AT,card,paid_social,active,2025-01-09 10:04:27
w_003977,mem_003977,CH,card,organic,active,2025-08-09 09:19:17
w_003978,,AT,sdd,paid_social,active,2025-09-19 01:03:29
w_003979,mem_003979,DE,card,referral,churned,2025-07-11 03:32:36
w_003980,mem_003980,IT,card,organic,active,2025-08-15 22:08:02
w_003981,mem_003981,IT,sdd,organic,active,2025-08-12 12:18:36
w_003982,mem_003982,DE,card,search,active,2025-02-27 05:20:53
w_003983,mem_003983,AT,card,,active,2025-11-28 21:27:48
w_003984,mem_003984,AT,sdd,paid_social,active,2025-10-08 19:13:01
w_003985,mem_003985,AT,card,paid_social,active,2025-09-29 02:53:55
w_003986,mem_003986,IT,card,partner,active,2025-02-06 08:28:57
w_003987,mem_003987,DE,sdd,organic,active,2025-10-28 15:47:57
w_003988,mem_003988,AT,card,paid_social,active,2025-08-09 08:25:15
w_003989,mem_003989,AT,card,referral,active,2025-10-25 11:03:10
w_003990,mem_003990,DE,sdd,organic,churned,2025-11-26 14:28:45
w_003991,mem_003991,AT,card,organic,active,2025-02-23 17:13:11
w_003992,mem_003992,DE,sdd,paid_social,active,2025-12-11 21:50:05
w_003993,mem_003993,AT,card,organic,blocked,2025-04-09 07:19:01
w_003994,mem_003994,AT,card,organic,active,2025-11-26 18:19:41
w_003995,mem_003995,DE,card,referral,active,2025-09-26 11:44:08
w_003996,,DE,card,organic,active,2025-05-29 00:57:13
w_003997,mem_003997,AT,card,partner,active,2025-06-18 21:14:39
w_003998,mem_003998,AT,sdd,organic,active,2025-04-19 17:09:10
w_003999,mem_003999,DE,sdd,organic,active,2025-05-24 12:50:22
w_004000,mem_004000,AT,card,organic,blocked,2025-09-11 15:10:58
w_004001,mem_004001,DE,card,referral,active,2025-02-12 14:42:21
w_004002,mem_004002,SI,card,paid_social,active,2025-01-24 07:22:28
w_004003,mem_004003,AT,sdd,organic,active,2025-10-22 02:50:49
w_004004,mem_004004,AT,sdd,organic,active,2025-04-16 14:39:27
w_004005,mem_004005,DE,sdd,paid_social,active,2025-03-24 22:40:50
w_004006,mem_004006,AT,sdd,organic,active,2025-03-26 08:50:14
w_004007,,DE,sdd,organic,churned,2025-09-06 05:25:08
w_004008,mem_004008,DE,sdd,,active,2025-02-12 17:10:47
w_004009,,IT,card,paid_social,blocked,2025-08-25 04:49:12
w_004010,mem_004010,DE,sdd,organic,active,2025-08-24 11:12:45
w_004011,mem_004011,AT,card,paid_social,active,2025-02-06 06:38:00
w_004012,mem_004012,DE,card,paid_social,active,2025-06-14 01:00:28
w_004013,mem_004013,DE,sdd,organic,active,2025-08-13 21:59:56
w_004014,,AT,card,paid_social,active,2025-12-04 18:59:06
w_004015,mem_004015,DE,card,paid_social,active,2025-05-26 14:32:40
w_004016,mem_004016,AT,card,,active,2025-06-20 18:35:45
w_004017,mem_004017,DE,sdd,paid_social,active,2025-08-13 16:02:00
w_004018,mem_004018,DE,sdd,paid_social,active,2025-09-14 02:35:43
w_004019,mem_004019,AT,sdd,paid_social,active,2025-01-26 20:09:32
w_004020,mem_004020,IT,sdd,organic,active,2025-08-23 20:42:01
w_004021,mem_004021,IT,sdd,search,active,2025-07-20 04:14:04
w_004022,mem_004022,AT,sdd,referral,active,2025-06-16 23:52:01
w_004023,mem_004023,AT,card,paid_social,active,2025-11-11 23:07:29
w_004024,mem_004024,AT,sdd,search,churned,2025-04-27 10:33:51
w_004025,,CH,sdd,search,churned,2025-12-22 10:53:57
w_004026,mem_004026,AT,card,search,active,2025-01-04 02:18:41
w_004027,mem_004027,CH,card,organic,active,2025-07-07 21:09:30
w_004028,mem_004028,AT,card,paid_social,active,2025-12-08 07:11:36
w_004029,mem_004029,IT,sdd,paid_social,active,2025-07-15 17:11:40
w_004030,mem_004030,AT,card,organic,active,2025-02-02 05:05:45
w_004031,mem_004031,CH,card,paid_social,active,2025-04-25 15:29:38
w_004032,mem_004032,DE,card,organic,active,2025-09-13 19:02:00
w_004033,mem_004033,CH,card,referral,active,2025-08-29 09:54:15
w_004034,mem_004034,AT,card,paid_social,active,2025-08-15 05:53:31
w_004035,mem_004035,AT,card,search,active,2025-06-04 20:43:17
w_004036,mem_004036,AT,sdd,organic,active,2025-05-27 15:44:41
w_004037,mem_004037,IT,sdd,organic,active,2025-10-05 01:22:08
w_004038,mem_004038,AT,sdd,organic,active,2025-09-19 22:27:43
w_004039,mem_004039,DE,card,organic,active,2025-09-27 17:44:44
w_004040,mem_004040,AT,sdd,referral,active,2025-08-31 05:55:45
w_004041,,DE,card,organic,active,2025-06-13 15:06:44
w_004042,mem_004042,DE,sdd,paid_social,active,2025-12-19 13:59:19
w_004043,mem_004043,AT,sdd,paid_social,active,2025-11-18 21:00:49
w_004044,mem_004044,AT,sdd,organic,active,2025-08-06 16:28:19
w_004045,mem_004045,AT,sdd,paid_social,churned,2025-06-26 23:33:54
w_004046,mem_004046,AT,sdd,organic,active,2025-10-05 04:26:44
w_004047,mem_004047,AT,sdd,partner,active,2025-06-06 11:29:00
w_004048,mem_004048,AT,sdd,search,churned,2025-07-16 06:16:16
w_004049,mem_004049,AT,card,paid_social,blocked,2025-11-12 11:18:22
w_004050,mem_004050,AT,card,organic,active,2025-02-23 20:51:43
w_004051,mem_004051,CH,card,,active,2025-06-02 13:35:03
w_004052,mem_004052,AT,sdd,partner,active,2025-07-13 10:15:19
w_004053,mem_004053,AT,sdd,organic,active,2025-09-20 06:15:51
w_004054,mem_004054,AT,sdd,search,active,2025-10-17 19:51:41
w_004055,mem_004055,IT,sdd,referral,active,2025-04-19 15:57:22
w_004056,,DE,card,organic,active,2025-10-11 08:40:25
w_004057,mem_004057,AT,card,search,churned,2025-06-13 10:13:12
w_004058,mem_004058,AT,card,referral,active,2025-03-19 23:20:04
w_004059,mem_004059,AT,sdd,organic,active,2025-07-24 09:41:21
w_004060,mem_004060,IT,card,organic,active,2025-01-02 09:06:08
w_004061,mem_004061,DE,sdd,organic,active,2025-09-07 23:41:33
w_004062,mem_004062,DE,sdd,search,active,2025-12-09 01:28:31
w_004063,mem_004063,DE,sdd,organic,active,2025-01-20 04:09:06
w_004064,mem_004064,CH,sdd,search,active,2025-10-27 03:51:03
w_004065,mem_004065,DE,sdd,paid_social,active,2025-02-01 23:32:01
w_004066,mem_004066,DE,card,organic,active,2025-12-03 00:24:25
w_004067,mem_004067,CH,sdd,,blocked,2025-06-27 20:51:20
w_004068,mem_004068,AT,sdd,organic,active,2025-12-02 05:16:22
w_004069,mem_004069,DE,sdd,organic,active,2025-10-30 19:50:33
w_004070,mem_004070,AT,card,,active,2025-06-23 22:24:02
w_004071,mem_004071,DE,sdd,paid_social,active,2025-10-18 02:30:27
w_004072,mem_004072,DE,sdd,paid_social,active,2025-12-02 08:32:13
w_004073,mem_004073,DE,sdd,partner,active,2025-07-06 00:00:32
w_004074,mem_004074,AT,card,paid_social,active,2025-09-13 14:53:15
w_004075,mem_004075,AT,card,paid_social,active,2025-07-24 06:20:43
w_004076,mem_004076,CH,sdd,organic,active,2025-10-29 08:15:19
w_004077,mem_004077,IT,sdd,paid_social,active,2025-06-15 02:21:06
w_004078,mem_004078,AT,sdd,search,active,2025-09-25 02:38:07
w_004079,mem_004079,DE,card,paid_social,churned,2025-03-07 15:16:10
w_004080,,DE,card,paid_social,active,2025-08-25 14:07:11
w_004081,mem_004081,DE,sdd,paid_social,active,2025-02-11 05:35:57
w_004082,mem_004082,AT,card,partner,active,2025-08-23 06:48:20
w_004083,mem_004083,AT,card,partner,active,2025-05-24 10:39:41
w_004084,mem_004084,CH,card,organic,active,2025-04-23 23:27:59
w_004085,mem_004085,SI,sdd,partner,active,2025-08-03 03:45:23
w_004086,mem_004086,IT,sdd,paid_social,active,2025-12-02 03:29:03
w_004087,mem_004087,DE,sdd,search,churned,2025-09-09 18:28:27
w_004088,mem_004088,DE,sdd,referral,active,2025-05-21 05:19:56
w_004089,mem_004089,DE,card,paid_social,churned,2025-09-06 00:09:17
w_004090,mem_004090,DE,card,referral,active,2025-06-29 19:59:25
w_004091,mem_004091,AT,card,organic,active,2025-01-07 23:56:18
w_004092,mem_004092,DE,sdd,search,active,2025-07-16 23:13:15
w_004093,mem_004093,AT,card,organic,active,2025-01-09 21:58:53
w_004094,mem_004094,IT,card,organic,active,2025-11-27 11:43:40
w_004095,mem_004095,SI,card,organic,active,2025-03-07 07:15:16
w_004096,mem_004096,CH,card,paid_social,active,2025-02-22 20:33:28
w_004097,mem_004097,AT,sdd,search,active,2025-04-11 19:17:47
w_004098,mem_004098,IT,sdd,search,active,2025-09-04 15:09:14
w_004099,mem_004099,AT,card,,active,2025-02-05 17:42:15
w_004100,mem_004100,CH,sdd,search,active,2025-05-23 17:08:55
w_004101,mem_004101,AT,sdd,partner,active,2025-07-30 18:47:53
w_004102,mem_004102,AT,card,partner,active,2025-03-27 00:00:52
w_004103,mem_004103,CH,sdd,referral,active,2025-07-28 08:09:43
w_004104,mem_004104,AT,card,organic,active,2025-12-05 21:02:36
w_004105,mem_004105,DE,sdd,paid_social,active,2025-12-26 22:40:23
w_004106,mem_004106,IT,sdd,organic,churned,2025-07-12 01:17:32
w_004107,mem_004107,DE,sdd,organic,active,2025-01-12 09:04:55
w_004108,mem_004108,AT,card,paid_social,active,2025-07-17 05:54:05
w_004109,mem_004109,IT,sdd,organic,active,2025-11-09 07:31:06
w_004110,mem_004110,AT,sdd,paid_social,active,2025-10-11 00:54:36
w_004111,mem_004111,IT,sdd,search,active,2025-10-24 09:09:25
w_004112,mem_004112,DE,card,organic,active,2025-08-20 10:00:38
w_004113,mem_004113,SI,card,organic,active,2025-06-27 19:48:12
w_004114,mem_004114,CH,sdd,organic,active,2025-01-18 17:45:12
w_004115,mem_004115,CH,card,,active,2025-08-18 05:54:22
w_004116,mem_004116,AT,sdd,paid_social,churned,2025-01-02 20:37:11
w_004117,mem_004117,AT,card,organic,active,2025-05-17 09:05:12
w_004118,,DE,sdd,paid_social,active,2025-05-14 09:37:16
w_004119,,DE,card,referral,churned,2025-12-10 14:10:21
w_004120,mem_004120,DE,card,search,active,2025-09-23 20:26:03
w_004121,,CH,sdd,organic,active,2025-03-15 01:07:56
w_004122,mem_004122,IT,sdd,organic,active,2025-05-17 22:24:12
w_004123,mem_004123,DE,card,partner,active,2025-06-28 22:12:47
w_004124,mem_004124,AT,sdd,organic,active,2025-11-10 01:37:24
w_004125,mem_004125,AT,sdd,organic,active,2025-03-16 17:39:36
w_004126,mem_004126,IT,card,referral,churned,2025-09-03 09:55:41
w_004127,mem_004127,DE,card,organic,active,2025-08-16 00:52:11
w_004128,mem_004128,AT,sdd,organic,active,2025-11-18 20:57:03
w_004129,mem_004129,DE,sdd,paid_social,active,2025-10-25 01:05:38
w_004130,mem_004130,SI,sdd,organic,active,2025-04-07 02:24:28
w_004131,mem_004131,DE,card,search,active,2025-05-04 06:56:47
w_004132,mem_004132,AT,card,organic,active,2025-03-06 18:33:35
w_004133,mem_004133,IT,sdd,organic,active,2025-04-11 00:26:00
w_004134,mem_004134,DE,sdd,search,active,2025-08-17 19:19:36
w_004135,,CH,card,partner,active,2025-04-04 09:36:45
w_004136,mem_004136,AT,sdd,organic,churned,2025-06-19 06:11:53
w_004137,mem_004137,CH,sdd,referral,active,2025-08-28 01:17:52
w_004138,mem_004138,IT,card,partner,active,2025-10-09 00:12:26
w_004139,mem_004139,DE,card,paid_social,active,2025-03-25 14:51:46
w_004140,mem_004140,CH,card,referral,active,2025-01-15 22:38:37
w_004141,mem_004141,AT,sdd,organic,active,2025-01-23 04:59:47
w_004142,mem_004142,DE,sdd,organic,active,2025-09-21 21:36:11
w_004143,mem_004143,AT,sdd,referral,active,2025-07-03 01:35:10
w_004144,mem_004144,AT,sdd,organic,active,2025-02-12 19:07:48
w_004145,mem_004145,AT,sdd,paid_social,active,2025-12-14 16:48:07
w_004146,mem_004146,AT,sdd,referral,churned,2025-08-27 20:33:38
w_004147,mem_004147,DE,card,organic,active,2025-03-02 21:19:29
w_004148,mem_004148,AT,card,paid_social,active,2025-01-07 03:15:48
w_004149,mem_004149,AT,sdd,paid_social,active,2025-02-19 03:07:52
w_004150,mem_004150,DE,card,organic,active,2025-11-29 21:59:29
w_004151,mem_004151,IT,sdd,organic,active,2025-01-21 19:21:25
w_004152,mem_004152,AT,sdd,organic,active,2025-08-02 13:51:29
w_004153,mem_004153,DE,sdd,paid_social,active,2025-06-28 20:15:31
w_004154,mem_004154,DE,sdd,referral,active,2025-09-23 00:50:42
w_004155,mem_004155,IT,sdd,organic,active,2025-08-29 07:10:18
w_004156,,AT,card,paid_social,churned,2025-01-20 20:27:30
w_004157,mem_004157,DE,sdd,organic,active,2025-11-10 09:00:28
w_004158,mem_004158,AT,sdd,paid_social,blocked,2025-05-01 06:24:49
w_004159,mem_004159,DE,sdd,referral,active,2025-10-23 15:12:02
w_004160,mem_004160,DE,sdd,paid_social,active,2025-10-07 03:56:57
w_004161,,AT,card,paid_social,active,2025-08-31 21:27:53
w_004162,,IT,card,paid_social,blocked,2025-02-07 09:11:31
w_004163,,AT,sdd,paid_social,active,2025-01-28 20:01:18
w_004164,mem_004164,AT,sdd,referral,active,2025-02-09 01:11:39
w_004165,mem_004165,AT,card,organic,active,2025-03-07 15:44:37
w_004166,,AT,sdd,search,active,2025-10-11 23:18:57
w_004167,mem_004167,AT,card,referral,active,2025-06-09 15:29:36
w_004168,mem_004168,SI,card,referral,active,2025-02-03 09:08:47
w_004169,mem_004169,AT,sdd,paid_social,active,2025-06-30 22:05:54
w_004170,,AT,card,organic,active,2025-01-18 22:21:48
w_004171,mem_004171,DE,sdd,organic,churned,2025-01-20 13:20:03
w_004172,mem_004172,DE,sdd,referral,active,2025-05-22 19:45:36
w_004173,mem_004173,DE,sdd,organic,active,2025-02-10 11:12:37
w_004174,mem_004174,AT,card,paid_social,active,2025-10-31 08:11:59
w_004175,mem_004175,DE,sdd,paid_social,active,2025-05-22 02:50:27
w_004176,mem_004176,DE,sdd,paid_social,active,2025-02-14 14:47:36
w_004177,mem_004177,DE,sdd,search,active,2025-09-23 18:39:14
w_004178,mem_004178,DE,sdd,paid_social,active,2025-11-25 17:33:15
w_004179,mem_004179,DE,card,paid_social,active,2025-11-19 00:31:42
w_004180,mem_004180,DE,card,paid_social,active,2025-07-12 00:19:04
w_004181,mem_004181,DE,sdd,referral,active,2025-04-22 06:19:54
w_004182,mem_004182,AT,sdd,organic,active,2025-10-06 14:32:29
w_004183,mem_004183,DE,card,organic,active,2025-06-01 20:13:09
w_004184,mem_004184,DE,sdd,organic,active,2025-09-22 01:50:33
w_004185,mem_004185,AT,sdd,referral,active,2025-09-01 04:41:42
w_004186,mem_004186,CH,sdd,organic,active,2025-07-26 13:20:03
w_004187,mem_004187,SI,sdd,paid_social,active,2025-04-08 04:31:01
w_004188,mem_004188,DE,card,organic,active,2025-07-07 14:13:27
w_004189,mem_004189,DE,card,organic,active,2025-01-11 23:50:19
w_004190,mem_004190,DE,card,organic,active,2025-10-11 02:10:50
w_004191,mem_004191,CH,sdd,referral,active,2025-02-26 07:11:20
w_004192,mem_004192,DE,sdd,organic,active,2025-07-07 09:43:53
w_004193,,DE,card,organic,active,2025-04-13 14:43:53
w_004194,mem_004194,AT,sdd,organic,active,2025-06-25 09:48:02
w_004195,mem_004195,DE,card,paid_social,active,2025-02-03 23:36:24
w_004196,mem_004196,DE,sdd,search,active,2025-01-21 17:59:16
w_004197,mem_004197,IT,sdd,organic,active,2025-11-21 20:50:57
w_004198,mem_004198,AT,card,organic,active,2025-08-27 13:41:41
w_004199,mem_004199,IT,card,,active,2025-07-10 10:13:49
w_004200,mem_004200,DE,card,,active,2025-05-19 05:39:30
w_004201,mem_004201,DE,card,referral,active,2025-12-13 04:19:05
w_004202,mem_004202,AT,card,organic,active,2025-12-03 00:46:59
w_004203,mem_004203,SI,card,paid_social,active,2025-02-06 13:14:48
w_004204,mem_004204,AT,card,referral,active,2025-03-11 03:09:33
w_004205,mem_004205,AT,card,partner,active,2025-03-26 15:08:54
w_004206,mem_004206,DE,card,organic,active,2025-07-24 02:32:03
w_004207,mem_004207,AT,card,referral,active,2025-07-25 23:41:53
w_004208,mem_004208,DE,sdd,referral,active,2025-01-06 00:52:15
w_004209,mem_004209,SI,sdd,partner,active,2025-03-08 16:44:16
w_004210,mem_004210,DE,sdd,organic,active,2025-11-08 14:15:41
w_004211,mem_004211,DE,card,organic,active,2025-01-15 05:25:31
w_004212,mem_004212,AT,sdd,organic,active,2025-09-19 04:40:13
w_004213,mem_004213,SI,card,referral,active,2025-03-29 08:17:21
w_004214,mem_004214,AT,sdd,organic,active,2025-12-23 03:42:18
w_004215,mem_004215,AT,sdd,,active,2025-10-12 11:33:41
w_004216,mem_004216,AT,card,search,active,2025-05-13 19:54:39
w_004217,mem_004217,DE,card,partner,blocked,2025-05-06 07:30:50
w_004218,mem_004218,DE,sdd,partner,active,2025-11-19 21:53:07
w_004219,mem_004219,AT,card,organic,active,2025-11-15 00:42:20
w_004220,mem_004220,AT,sdd,search,active,2025-07-30 11:48:22
w_004221,mem_004221,AT,sdd,organic,active,2025-10-08 21:54:16
w_004222,mem_004222,DE,sdd,paid_social,active,2025-01-21 11:23:52
w_004223,mem_004223,DE,card,paid_social,active,2025-09-14 21:25:02
w_004224,mem_004224,DE,sdd,referral,blocked,2025-09-14 22:34:33
w_004225,mem_004225,DE,card,organic,active,2025-12-22 05:18:33
w_004226,mem_004226,CH,sdd,partner,active,2025-02-11 19:00:30
w_004227,mem_004227,AT,card,organic,active,2025-12-26 12:25:20
w_004228,mem_004228,DE,sdd,organic,churned,2025-08-30 10:39:52
w_004229,mem_004229,SI,card,organic,active,2025-07-05 22:56:33
w_004230,mem_004230,DE,card,organic,active,2025-02-21 11:57:35
w_004231,mem_004231,DE,card,organic,active,2025-08-28 12:20:03
w_004232,mem_004232,AT,sdd,partner,active,2025-09-19 15:25:34
w_004233,mem_004233,IT,sdd,organic,active,2025-02-06 13:29:26
w_004234,mem_004234,AT,card,referral,blocked,2025-10-23 10:58:35
w_004235,mem_004235,IT,sdd,referral,active,2025-03-03 02:31:58
w_004236,mem_004236,CH,sdd,referral,active,2025-04-30 11:30:32
w_004237,mem_004237,AT,card,organic,active,2025-07-19 21:51:12
w_004238,mem_004238,DE,sdd,paid_social,active,2025-11-08 17:46:04
w_004239,,AT,sdd,referral,active,2025-10-02 10:44:48
w_004240,mem_004240,DE,card,paid_social,churned,2025-04-27 12:57:58
w_004241,mem_004241,DE,card,organic,blocked,2025-11-17 06:18:44
w_004242,mem_004242,DE,sdd,paid_social,active,2025-09-07 17:14:02
w_004243,,AT,sdd,paid_social,churned,2025-03-10 03:06:40
w_004244,mem_004244,DE,card,paid_social,churned,2025-08-15 10:45:20
w_004245,mem_004245,DE,sdd,organic,active,2025-04-01 18:29:58
w_004246,mem_004246,DE,sdd,referral,active,2025-11-16 12:18:26
w_004247,mem_004247,AT,card,organic,active,2025-03-31 12:22:19
w_004248,mem_004248,DE,sdd,paid_social,active,2025-01-01 20:30:40
w_004249,mem_004249,DE,sdd,organic,active,2025-03-20 06:47:05
w_004250,mem_004250,SI,sdd,paid_social,active,2025-03-23 01:06:12
w_004251,mem_004251,DE,card,search,active,2025-08-26 18:59:38
w_004252,mem_004252,AT,card,partner,active,2025-03-10 05:54:08
w_004253,mem_004253,AT,sdd,search,active,2025-08-04 08:10:31
w_004254,mem_004254,DE,card,partner,active,2025-08-13 07:47:14
w_004255,mem_004255,DE,card,partner,churned,2025-07-23 03:17:20
w_004256,mem_004256,DE,card,referral,active,2025-11-24 14:15:02
w_004257,mem_004257,DE,card,paid_social,active,2025-06-13 20:51:13
w_004258,,IT,sdd,organic,active,2025-05-08 10:27:41
w_004259,mem_004259,AT,card,partner,active,2025-10-23 22:33:39
w_004260,mem_004260,DE,card,paid_social,churned,2025-03-24 10:28:02
w_004261,mem_004261,DE,sdd,paid_social,active,2025-05-27 12:36:35
w_004262,,DE,card,referral,active,2025-06-27 11:24:37
w_004263,mem_004263,DE,sdd,organic,active,2025-12-05 17:19:51
w_004264,mem_004264,SI,sdd,paid_social,active,2025-06-21 00:01:50
w_004265,mem_004265,CH,sdd,paid_social,active,2025-11-06 04:21:18
w_004266,mem_004266,AT,card,organic,active,2025-11-19 01:20:59
w_004267,mem_004267,DE,sdd,referral,churned,2025-10-10 17:11:04
w_004268,mem_004268,AT,sdd,organic,active,2025-04-12 06:27:15
w_004269,mem_004269,DE,sdd,organic,active,2025-05-23 21:25:29
w_004270,mem_004270,AT,sdd,paid_social,active,2025-12-26 18:13:24
w_004271,mem_004271,AT,sdd,organic,active,2025-11-29 18:37:37
w_004272,mem_004272,CH,card,paid_social,churned,2025-11-17 07:55:01
w_004273,mem_004273,AT,sdd,paid_social,active,2025-07-03 03:53:58
w_004274,mem_004274,AT,card,referral,active,2025-04-27 18:22:46
w_004275,mem_004275,SI,sdd,organic,blocked,2025-04-04 11:38:57
w_004276,mem_004276,SI,sdd,paid_social,active,2025-05-27 04:13:42
w_004277,mem_004277,DE,card,paid_social,active,2025-10-21 13:16:35
w_004278,mem_004278,AT,sdd,organic,active,2025-08-06 04:56:20
w_004279,mem_004279,AT,card,paid_social,active,2025-10-07 15:43:44
w_004280,mem_004280,SI,card,organic,active,2025-08-13 12:20:05
w_004281,mem_004281,IT,sdd,search,churned,2025-10-22 19:15:01
w_004282,mem_004282,AT,sdd,partner,active,2025-10-03 00:05:30
w_004283,mem_004283,CH,card,organic,active,2025-05-31 09:48:58
w_004284,mem_004284,DE,sdd,search,active,2025-04-29 01:54:03
w_004285,mem_004285,AT,sdd,referral,active,2025-05-27 14:44:27
w_004286,mem_004286,DE,sdd,referral,active,2025-02-28 11:07:37
w_004287,mem_004287,AT,sdd,paid_social,active,2025-10-16 11:15:15
w_004288,mem_004288,CH,sdd,paid_social,active,2025-04-19 17:14:02
w_004289,mem_004289,DE,sdd,organic,churned,2025-02-22 18:43:30
w_004290,mem_004290,CH,sdd,paid_social,active,2025-08-27 13:15:17
w_004291,mem_004291,AT,sdd,organic,active,2025-11-01 07:16:37
w_004292,mem_004292,DE,sdd,paid_social,active,2025-04-03 23:37:17
w_004293,mem_004293,AT,card,organic,active,2025-03-15 21:20:06
w_004294,mem_004294,DE,card,organic,active,2025-10-20 12:40:53
w_004295,mem_004295,IT,sdd,paid_social,active,2025-04-13 23:16:09
w_004296,mem_004296,AT,sdd,search,active,2025-04-30 15:56:12
w_004297,mem_004297,AT,card,search,active,2025-10-25 16:35:03
w_004298,mem_004298,AT,sdd,paid_social,active,2025-09-07 20:27:14
w_004299,mem_004299,AT,sdd,organic,active,2025-06-04 17:37:05
w_004300,mem_004300,AT,card,paid_social,churned,2025-04-05 19:47:36
w_004301,mem_004301,IT,sdd,paid_social,churned,2025-05-13 19:15:54
w_004302,mem_004302,DE,sdd,partner,churned,2025-01-13 09:15:06
w_004303,mem_004303,DE,sdd,organic,active,2025-04-12 01:30:16
w_004304,mem_004304,DE,sdd,paid_social,active,2025-04-06 08:21:51
w_004305,mem_004305,DE,card,paid_social,active,2025-01-31 13:12:19
w_004306,mem_004306,AT,card,paid_social,active,2025-05-03 02:01:49
w_004307,mem_004307,AT,sdd,organic,active,2025-10-18 20:01:40
w_004308,mem_004308,AT,card,referral,active,2025-04-29 23:58:22
w_004309,mem_004309,DE,card,paid_social,active,2025-07-18 11:59:59
w_004310,mem_004310,AT,card,referral,active,2025-09-18 16:10:27
w_004311,mem_004311,AT,sdd,referral,active,2025-01-07 03:28:42
w_004312,,AT,card,referral,active,2025-05-26 14:34:30
w_004313,mem_004313,DE,sdd,paid_social,active,2025-09-26 14:41:45
w_004314,mem_004314,IT,card,referral,active,2025-04-21 23:35:38
w_004315,mem_004315,AT,sdd,organic,active,2025-06-14 00:24:37
w_004316,mem_004316,AT,sdd,search,active,2025-02-04 06:27:03
w_004317,mem_004317,AT,card,paid_social,active,2025-03-24 19:17:55
w_004318,mem_004318,AT,sdd,organic,active,2025-03-07 02:42:03
w_004319,mem_004319,CH,card,referral,active,2025-08-24 05:36:15
w_004320,mem_004320,DE,sdd,paid_social,active,2025-12-22 20:45:28
w_004321,mem_004321,DE,card,paid_social,active,2025-02-01 21:06:13
w_004322,mem_004322,AT,sdd,,active,2025-12-26 11:52:50
w_004323,mem_004323,AT,sdd,paid_social,active,2025-12-23 18:39:19
w_004324,mem_004324,DE,sdd,search,churned,2025-03-17 23:04:51
w_004325,mem_004325,DE,sdd,referral,active,2025-05-16 15:21:20
w_004326,mem_004326,AT,card,search,active,2025-09-27 10:22:19
w_004327,mem_004327,DE,card,,active,2025-01-23 11:32:06
w_004328,mem_004328,SI,sdd,search,churned,2025-12-23 00:01:06
w_004329,mem_004329,AT,sdd,referral,blocked,2025-11-23 00:44:13
w_004330,mem_004330,AT,sdd,paid_social,churned,2025-03-25 13:10:38
w_004331,mem_004331,DE,card,,blocked,2025-08-11 02:51:51
w_004332,,AT,sdd,referral,active,2025-07-26 22:42:13
w_004333,mem_004333,AT,card,paid_social,churned,2025-11-14 01:40:53
w_004334,mem_004334,DE,sdd,referral,active,2025-06-29 22:21:53
w_004335,mem_004335,AT,sdd,organic,active,2025-12-25 17:53:22
w_004336,mem_004336,DE,sdd,organic,active,2025-02-05 05:10:45
w_004337,mem_004337,IT,card,organic,active,2025-12-09 18:55:47
w_004338,mem_004338,AT,sdd,paid_social,active,2025-01-16 03:25:35
w_004339,mem_004339,DE,card,paid_social,blocked,2025-09-18 20:52:17
w_004340,mem_004340,AT,sdd,search,active,2025-08-27 10:04:07
w_004341,mem_004341,AT,card,organic,active,2025-10-02 22:17:47
w_004342,mem_004342,DE,sdd,paid_social,churned,2025-11-01 02:53:07
w_004343,mem_004343,AT,sdd,organic,active,2025-08-27 09:43:33
w_004344,mem_004344,IT,sdd,,churned,2025-02-01 20:36:47
w_004345,mem_004345,DE,card,organic,active,2025-12-23 09:45:07
w_004346,mem_004346,IT,card,referral,blocked,2025-01-23 20:44:24
w_004347,mem_004347,DE,sdd,organic,active,2025-03-04 03:39:20
w_004348,mem_004348,DE,card,paid_social,active,2025-11-17 02:21:03
w_004349,mem_004349,AT,card,search,active,2025-09-05 18:55:55
w_004350,,AT,card,partner,active,2025-02-26 16:55:02
w_004351,mem_004351,DE,sdd,search,active,2025-02-03 12:50:35
w_004352,mem_004352,AT,sdd,organic,churned,2025-09-03 23:16:20
w_004353,mem_004353,AT,sdd,,active,2025-09-01 14:50:03
w_004354,mem_004354,DE,card,search,active,2025-09-14 17:02:33
w_004355,mem_004355,CH,sdd,paid_social,active,2025-04-09 16:16:39
w_004356,mem_004356,IT,sdd,,churned,2025-04-25 15:51:03
w_004357,mem_004357,DE,sdd,referral,active,2025-12-10 12:55:14
w_004358,mem_004358,AT,card,organic,active,2025-07-20 09:32:50
w_004359,mem_004359,IT,card,partner,active,2025-11-20 00:30:17
w_004360,mem_004360,DE,card,paid_social,active,2025-04-13 07:54:17
w_004361,mem_004361,AT,sdd,search,active,2025-10-06 20:24:16
w_004362,mem_004362,DE,sdd,organic,active,2025-07-16 03:29:43
w_004363,mem_004363,DE,sdd,paid_social,active,2025-06-01 01:04:43
w_004364,mem_004364,DE,card,paid_social,churned,2025-07-11 03:02:56
w_004365,mem_004365,DE,sdd,organic,churned,2025-09-28 18:54:21
w_004366,mem_004366,AT,card,search,active,2025-09-13 22:20:34
w_004367,mem_004367,IT,card,paid_social,churned,2025-01-09 22:39:21
w_004368,mem_004368,DE,card,paid_social,active,2025-01-04 13:01:07
w_004369,,AT,sdd,organic,active,2025-12-09 14:45:57
w_004370,mem_004370,IT,sdd,search,active,2025-02-17 02:09:42
w_004371,mem_004371,AT,card,organic,active,2025-10-25 05:04:53
w_004372,mem_004372,AT,card,search,active,2025-01-29 12:18:14
w_004373,mem_004373,DE,card,partner,active,2025-05-21 11:10:10
w_004374,mem_004374,AT,card,search,active,2025-10-13 14:34:44
w_004375,mem_004375,AT,card,search,active,2025-02-18 23:17:11
w_004376,mem_004376,DE,card,search,active,2025-10-22 19:41:24
w_004377,mem_004377,DE,sdd,search,active,2025-05-09 19:56:07
w_004378,mem_004378,CH,sdd,organic,active,2025-09-15 06:16:27
w_004379,mem_004379,AT,sdd,organic,active,2025-07-28 08:44:28
w_004380,,DE,sdd,search,blocked,2025-03-23 10:15:10
w_004381,mem_004381,CH,card,paid_social,active,2025-09-22 16:07:05
w_004382,mem_004382,IT,sdd,,active,2025-08-26 05:10:44
w_004383,mem_004383,DE,sdd,organic,active,2025-10-13 01:59:28
w_004384,mem_004384,DE,card,referral,active,2025-05-19 19:20:30
w_004385,mem_004385,CH,card,paid_social,active,2025-10-03 09:28:14
w_004386,mem_004386,AT,card,referral,churned,2025-07-28 17:23:17
w_004387,mem_004387,CH,card,paid_social,active,2025-04-24 01:33:08
w_004388,mem_004388,DE,card,referral,active,2025-05-06 12:43:37
w_004389,mem_004389,DE,sdd,organic,active,2025-06-14 19:42:07
w_004390,mem_004390,AT,sdd,paid_social,active,2025-10-26 01:38:51
w_004391,mem_004391,DE,card,organic,active,2025-07-25 14:15:27
w_004392,mem_004392,AT,card,paid_social,active,2025-03-22 05:08:16
w_004393,mem_004393,DE,card,referral,active,2025-03-16 10:30:20
w_004394,mem_004394,AT,sdd,paid_social,active,2025-03-02 06:53:01
w_004395,mem_004395,DE,sdd,paid_social,active,2025-10-17 08:54:20
w_004396,mem_004396,AT,card,organic,active,2025-01-19 23:02:03
w_004397,mem_004397,SI,sdd,search,blocked,2025-02-02 03:52:11
w_004398,mem_004398,AT,card,search,active,2025-03-18 07:50:22
w_004399,mem_004399,CH,sdd,,active,2025-06-20 08:21:40
w_004400,mem_004400,AT,sdd,organic,active,2025-07-08 17:34:20
w_004401,mem_004401,AT,card,paid_social,blocked,2025-04-06 04:00:59
w_004402,mem_004402,DE,card,paid_social,active,2025-04-14 19:38:07
w_004403,mem_004403,AT,card,search,active,2025-01-19 16:07:03
w_004404,mem_004404,DE,card,search,active,2025-08-31 08:34:32
w_004405,mem_004405,CH,sdd,paid_social,active,2025-05-16 13:08:27
w_004406,,IT,card,,churned,2025-10-14 13:22:54
w_004407,mem_004407,IT,sdd,organic,active,2025-10-08 15:37:53
w_004408,mem_004408,IT,sdd,organic,active,2025-01-08 14:46:48
w_004409,mem_004409,AT,card,paid_social,active,2025-03-03 15:19:47
w_004410,mem_004410,AT,sdd,referral,active,2025-09-07 01:47:38
w_004411,,AT,card,partner,active,2025-11-20 04:37:28
w_004412,mem_004412,DE,sdd,paid_social,active,2025-09-28 16:12:23
w_004413,mem_004413,AT,sdd,organic,active,2025-01-27 14:40:06
w_004414,mem_004414,AT,card,referral,active,2025-10-31 05:08:28
w_004415,mem_004415,AT,card,organic,active,2025-03-11 01:37:01
w_004416,mem_004416,DE,sdd,organic,active,2025-08-10 12:10:57
w_004417,,AT,card,organic,active,2025-12-15 16:56:44
w_004418,mem_004418,AT,card,paid_social,active,2025-11-05 06:40:23
w_004419,mem_004419,IT,card,organic,active,2025-07-02 19:42:49
w_004420,mem_004420,AT,card,partner,active,2025-02-24 16:56:52
w_004421,mem_004421,AT,card,paid_social,churned,2025-07-09 02:01:17
w_004422,mem_004422,SI,card,organic,active,2025-05-20 18:54:09
w_004423,mem_004423,IT,card,referral,active,2025-05-10 08:01:34
w_004424,mem_004424,CH,sdd,paid_social,active,2025-04-13 01:45:32
w_004425,mem_004425,DE,sdd,paid_social,churned,2025-02-21 20:14:04
w_004426,mem_004426,SI,card,organic,active,2025-02-10 08:04:03
w_004427,mem_004427,AT,sdd,referral,blocked,2025-06-02 19:45:34
w_004428,mem_004428,AT,sdd,paid_social,active,2025-02-28 21:28:04
w_004429,mem_004429,IT,card,paid_social,active,2025-11-20 21:20:55
w_004430,mem_004430,CH,sdd,paid_social,active,2025-08-21 03:56:35
w_004431,mem_004431,DE,card,referral,blocked,2025-01-18 05:00:40
w_004432,mem_004432,AT,card,referral,active,2025-02-15 15:43:04
w_004433,mem_004433,AT,sdd,paid_social,active,2025-09-05 19:22:14
w_004434,mem_004434,DE,sdd,,active,2025-08-19 06:15:24
w_004435,mem_004435,IT,card,,active,2025-09-17 23:38:31
w_004436,mem_004436,DE,card,paid_social,active,2025-02-18 08:17:22
w_004437,mem_004437,DE,sdd,organic,active,2025-03-26 04:16:33
w_004438,mem_004438,AT,sdd,paid_social,active,2025-01-10 20:43:45
w_004439,,DE,sdd,organic,active,2025-09-21 05:35:45
w_004440,mem_004440,AT,sdd,paid_social,active,2025-05-29 19:50:49
w_004441,mem_004441,AT,card,paid_social,churned,2025-09-30 03:16:07
w_004442,mem_004442,AT,card,organic,active,2025-10-01 06:21:33
w_004443,mem_004443,DE,sdd,organic,churned,2025-08-02 11:21:47
w_004444,mem_004444,AT,card,search,active,2025-03-18 20:57:04
w_004445,mem_004445,DE,sdd,organic,active,2025-10-01 02:35:15
w_004446,mem_004446,SI,sdd,paid_social,active,2025-07-29 01:36:26
w_004447,mem_004447,AT,sdd,referral,active,2025-02-11 08:22:36
w_004448,mem_004448,DE,card,organic,active,2025-12-20 17:02:36
w_004449,mem_004449,AT,card,search,churned,2025-06-07 08:37:52
w_004450,mem_004450,AT,card,paid_social,active,2025-06-10 19:11:30
w_004451,mem_004451,SI,card,referral,active,2025-01-09 16:17:10
w_004452,mem_004452,IT,card,paid_social,active,2025-12-22 00:42:35
w_004453,mem_004453,IT,sdd,,active,2025-05-22 15:47:08
w_004454,mem_004454,DE,card,paid_social,churned,2025-05-14 02:14:36
w_004455,mem_004455,IT,sdd,paid_social,active,2025-08-18 15:17:30
w_004456,mem_004456,DE,sdd,organic,active,2025-10-24 13:08:58
w_004457,mem_004457,AT,sdd,referral,active,2025-02-19 20:59:05
w_004458,mem_004458,AT,sdd,paid_social,active,2025-05-06 03:47:11
w_004459,mem_004459,AT,sdd,referral,active,2025-09-07 07:02:44
w_004460,mem_004460,AT,card,referral,active,2025-04-29 21:22:31
w_004461,mem_004461,AT,sdd,search,active,2025-04-16 23:07:52
w_004462,mem_004462,DE,card,referral,active,2025-04-19 19:19:05
w_004463,mem_004463,AT,sdd,partner,churned,2025-09-16 13:04:43
w_004464,mem_004464,AT,sdd,paid_social,active,2025-03-14 20:22:28
w_004465,mem_004465,DE,sdd,partner,active,2025-09-09 16:25:51
w_004466,mem_004466,DE,card,search,active,2025-06-16 13:04:25
w_004467,mem_004467,AT,card,organic,active,2025-02-01 04:10:54
w_004468,mem_004468,AT,sdd,organic,active,2025-07-22 19:30:48
w_004469,mem_004469,CH,sdd,organic,active,2025-03-13 16:26:54
w_004470,mem_004470,AT,card,organic,active,2025-07-07 01:36:50
w_004471,,DE,sdd,,active,2025-08-11 12:50:23
w_004472,mem_004472,DE,sdd,paid_social,active,2025-04-03 03:13:17
w_004473,mem_004473,DE,sdd,organic,active,2025-09-12 01:38:20
w_004474,,IT,sdd,organic,active,2025-02-27 04:45:55
w_004475,mem_004475,DE,sdd,partner,active,2025-04-27 10:22:45
w_004476,mem_004476,DE,card,organic,active,2025-09-18 16:50:29
w_004477,mem_004477,DE,sdd,organic,active,2025-06-16 18:17:43
w_004478,mem_004478,DE,sdd,partner,active,2025-12-18 22:27:53
w_004479,mem_004479,DE,card,paid_social,active,2025-11-06 04:02:49
w_004480,mem_004480,IT,card,referral,active,2025-01-07 00:09:06
w_004481,mem_004481,DE,card,paid_social,active,2025-08-20 12:49:43
w_004482,mem_004482,DE,card,paid_social,active,2025-08-11 20:50:20
w_004483,mem_004483,SI,card,organic,active,2025-01-05 04:25:37
w_004484,mem_004484,AT,card,partner,active,2025-04-07 16:33:07
w_004485,mem_004485,AT,card,partner,active,2025-06-05 22:31:21
w_004486,mem_004486,AT,sdd,organic,active,2025-01-10 17:47:56
w_004487,mem_004487,AT,card,paid_social,active,2025-12-02 20:53:17
w_004488,mem_004488,DE,card,organic,active,2025-10-21 14:28:49
w_004489,mem_004489,IT,card,paid_social,active,2025-06-08 13:11:58
w_004490,mem_004490,AT,card,paid_social,active,2025-05-12 07:03:31
w_004491,mem_004491,AT,card,search,active,2025-01-11 02:19:18
w_004492,mem_004492,AT,sdd,paid_social,active,2025-02-28 11:09:05
w_004493,mem_004493,DE,card,organic,active,2025-09-04 12:38:03
w_004494,mem_004494,DE,sdd,search,active,2025-10-22 12:29:30
w_004495,,DE,sdd,organic,active,2025-09-29 13:33:54
w_004496,mem_004496,CH,card,organic,active,2025-08-11 13:57:12
w_004497,mem_004497,IT,card,referral,active,2025-02-06 04:53:53
w_004498,mem_004498,AT,sdd,search,active,2025-08-18 08:45:35
w_004499,mem_004499,DE,card,search,active,2025-06-26 03:21:02
w_004500,mem_004500,AT,card,search,active,2025-01-04 15:31:14
w_004501,mem_004501,DE,card,search,active,2025-08-17 00:22:35
w_004502,mem_004502,AT,sdd,organic,active,2025-09-06 04:24:12
w_004503,mem_004503,DE,sdd,search,active,2025-11-04 06:56:20
w_004504,mem_004504,IT,sdd,organic,active,2025-07-14 03:08:59
w_004505,mem_004505,AT,sdd,search,active,2025-07-30 19:41:00
w_004506,mem_004506,AT,sdd,paid_social,active,2025-06-20 09:48:39
w_004507,mem_004507,AT,sdd,referral,active,2025-01-08 14:04:02
w_004508,mem_004508,IT,card,organic,churned,2025-11-26 14:33:02
w_004509,mem_004509,AT,sdd,,active,2025-07-05 08:56:08
w_004510,mem_004510,AT,card,paid_social,blocked,2025-07-03 13:28:39
w_004511,mem_004511,IT,sdd,paid_social,active,2025-05-13 14:16:10
w_004512,mem_004512,AT,card,organic,active,2025-08-12 22:26:35
w_004513,mem_004513,AT,card,paid_social,active,2025-03-20 22:07:28
w_004514,mem_004514,DE,card,search,active,2025-05-16 11:44:55
w_004515,mem_004515,DE,sdd,organic,churned,2025-03-12 16:19:42
w_004516,mem_004516,DE,card,search,active,2025-02-21 08:20:58
w_004517,mem_004517,DE,sdd,search,active,2025-12-09 23:34:21
w_004518,mem_004518,DE,sdd,paid_social,blocked,2025-03-21 15:51:45
w_004519,mem_004519,DE,sdd,referral,active,2025-08-17 20:17:50
w_004520,,AT,sdd,organic,active,2025-02-03 03:58:34
w_004521,mem_004521,IT,sdd,,active,2025-08-20 21:07:56
w_004522,mem_004522,AT,sdd,partner,active,2025-09-11 15:52:27
w_004523,,DE,card,organic,active,2025-04-04 22:15:53
w_004524,,DE,sdd,search,active,2025-05-28 05:19:49
w_004525,mem_004525,DE,card,organic,churned,2025-05-27 17:46:43
w_004526,mem_004526,AT,sdd,paid_social,active,2025-08-26 15:59:35
w_004527,mem_004527,AT,sdd,paid_social,active,2025-10-30 08:24:25
w_004528,,IT,sdd,paid_social,active,2025-11-21 03:26:55
w_004529,mem_004529,DE,card,organic,active,2025-11-18 13:46:49
w_004530,mem_004530,DE,sdd,organic,active,2025-02-15 05:22:23
w_004531,mem_004531,CH,sdd,organic,churned,2025-03-06 17:55:47
w_004532,mem_004532,SI,card,paid_social,active,2025-04-07 03:37:29
w_004533,,SI,sdd,paid_social,active,2025-11-07 23:11:56
w_004534,mem_004534,AT,sdd,referral,active,2025-06-23 10:53:40
w_004535,mem_004535,AT,sdd,partner,active,2025-02-20 12:15:35
w_004536,mem_004536,AT,sdd,paid_social,active,2025-02-06 03:06:09
w_004537,mem_004537,DE,sdd,paid_social,active,2025-03-23 02:35:59
w_004538,mem_004538,CH,sdd,search,active,2025-07-23 16:32:24
w_004539,,IT,card,search,active,2025-09-29 17:22:36
w_004540,mem_004540,CH,card,organic,active,2025-03-09 10:49:32
w_004541,mem_004541,DE,sdd,paid_social,active,2025-02-14 14:31:43
w_004542,,DE,sdd,paid_social,active,2025-07-02 22:06:25
w_004543,mem_004543,AT,card,search,active,2025-05-12 10:49:08
w_004544,mem_004544,CH,sdd,paid_social,active,2025-09-12 19:08:31
w_004545,,DE,sdd,search,active,2025-04-16 11:24:41
w_004546,,DE,sdd,paid_social,blocked,2025-01-27 11:12:40
w_004547,mem_004547,AT,sdd,referral,active,2025-09-10 12:37:10
w_004548,mem_004548,AT,card,paid_social,active,2025-06-23 17:17:30
w_004549,mem_004549,AT,sdd,partner,active,2025-07-06 21:52:05
w_004550,mem_004550,AT,card,organic,active,2025-03-15 06:14:44
w_004551,mem_004551,DE,card,paid_social,active,2025-04-03 09:27:36
w_004552,mem_004552,DE,card,organic,active,2025-11-05 23:43:29
w_004553,mem_004553,DE,sdd,referral,active,2025-06-05 20:43:19
w_004554,mem_004554,AT,card,paid_social,active,2025-08-30 03:46:26
w_004555,mem_004555,DE,sdd,referral,active,2025-07-12 18:19:50
w_004556,,AT,card,paid_social,active,2025-05-17 01:56:31
w_004557,mem_004557,DE,card,paid_social,active,2025-10-07 23:00:00
w_004558,mem_004558,IT,card,referral,active,2025-01-02 10:57:37
w_004559,mem_004559,AT,card,referral,churned,2025-07-16 07:47:45
w_004560,mem_004560,AT,card,search,active,2025-05-25 10:51:45
w_004561,mem_004561,AT,sdd,search,active,2025-09-08 20:27:07
w_004562,mem_004562,DE,sdd,search,active,2025-05-10 19:24:23
w_004563,mem_004563,IT,card,referral,active,2025-05-01 07:17:36
w_004564,mem_004564,AT,card,organic,active,2025-03-03 12:52:24
w_004565,mem_004565,SI,card,partner,active,2025-01-28 05:17:05
w_004566,mem_004566,DE,card,paid_social,active,2025-10-10 13:53:03
w_004567,mem_004567,AT,sdd,referral,active,2025-03-08 17:46:05
w_004568,mem_004568,DE,sdd,referral,active,2025-05-14 01:20:11
w_004569,mem_004569,AT,sdd,referral,active,2025-12-03 17:06:54
w_004570,mem_004570,DE,sdd,organic,active,2025-04-30 09:02:15
w_004571,mem_004571,AT,card,referral,active,2025-12-22 15:46:36
w_004572,mem_004572,DE,sdd,organic,active,2025-09-06 19:49:33
w_004573,mem_004573,AT,sdd,referral,active,2025-01-12 20:56:38
w_004574,mem_004574,AT,sdd,paid_social,active,2025-07-07 13:13:35
w_004575,mem_004575,AT,sdd,organic,active,2025-10-30 14:43:30
w_004576,mem_004576,AT,card,organic,active,2025-01-13 20:04:33
w_004577,mem_004577,AT,sdd,organic,active,2025-04-15 05:56:58
w_004578,mem_004578,AT,sdd,search,churned,2025-07-01 06:31:39
w_004579,mem_004579,DE,card,paid_social,active,2025-06-03 19:00:20
w_004580,,AT,sdd,partner,active,2025-11-03 00:18:53
w_004581,mem_004581,DE,card,organic,churned,2025-11-06 14:18:16
w_004582,mem_004582,DE,sdd,search,active,2025-11-08 03:02:53
w_004583,mem_004583,DE,sdd,referral,active,2025-10-23 19:10:30
w_004584,mem_004584,SI,sdd,referral,churned,2025-11-02 20:11:13
w_004585,mem_004585,CH,card,paid_social,active,2025-11-03 16:00:53
w_004586,mem_004586,AT,sdd,referral,active,2025-10-30 16:16:39
w_004587,mem_004587,DE,sdd,search,active,2025-01-07 04:11:29
w_004588,,AT,sdd,paid_social,active,2025-06-07 21:35:35
w_004589,mem_004589,AT,card,organic,active,2025-04-07 20:45:31
w_004590,mem_004590,AT,card,referral,active,2025-12-24 17:03:33
w_004591,mem_004591,DE,card,search,active,2025-10-09 05:16:21
w_004592,mem_004592,AT,card,referral,active,2025-04-14 22:34:50
w_004593,mem_004593,IT,card,referral,active,2025-06-05 10:33:30
w_004594,mem_004594,AT,sdd,paid_social,churned,2025-12-02 23:33:45
w_004595,mem_004595,IT,card,organic,active,2025-03-28 09:13:02
w_004596,mem_004596,AT,sdd,referral,churned,2025-03-27 22:48:21
w_004597,mem_004597,SI,sdd,organic,active,2025-11-22 13:07:25
w_004598,mem_004598,CH,sdd,paid_social,active,2025-03-11 09:43:45
w_004599,mem_004599,AT,sdd,paid_social,active,2025-05-26 08:48:19
w_004600,mem_004600,AT,card,organic,active,2025-05-06 21:43:54
w_004601,,AT,sdd,paid_social,active,2025-11-15 00:16:06
w_004602,,SI,card,referral,active,2025-07-13 15:48:48
w_004603,mem_004603,IT,card,partner,blocked,2025-04-17 04:06:45
w_004604,mem_004604,DE,sdd,paid_social,active,2025-06-02 17:32:40
w_004605,mem_004605,IT,sdd,paid_social,active,2025-02-04 00:30:14
w_004606,,AT,card,,active,2025-07-20 17:36:03
w_004607,mem_004607,DE,card,organic,active,2025-05-15 02:03:00
w_004608,mem_004608,DE,card,organic,churned,2025-04-09 14:47:02
w_004609,mem_004609,AT,card,partner,active,2025-09-26 17:58:05
w_004610,mem_004610,SI,card,organic,active,2025-06-02 08:47:53
w_004611,mem_004611,IT,sdd,paid_social,active,2025-04-18 20:02:43
w_004612,mem_004612,IT,card,partner,active,2025-11-25 07:28:27
w_004613,mem_004613,AT,card,paid_social,active,2025-10-06 02:42:44
w_004614,mem_004614,AT,card,referral,active,2025-01-29 09:52:40
w_004615,mem_004615,DE,sdd,search,active,2025-07-14 13:25:26
w_004616,mem_004616,SI,sdd,partner,active,2025-04-29 20:47:50
w_004617,mem_004617,AT,sdd,organic,active,2025-01-17 07:46:28
w_004618,mem_004618,AT,sdd,organic,active,2025-10-20 22:40:53
w_004619,mem_004619,AT,card,organic,active,2025-11-19 18:01:19
w_004620,mem_004620,AT,card,paid_social,active,2025-11-07 09:32:15
w_004621,mem_004621,DE,card,organic,active,2025-02-14 05:27:14
w_004622,mem_004622,CH,sdd,paid_social,churned,2025-11-14 09:47:24
w_004623,mem_004623,SI,card,paid_social,active,2025-01-14 15:56:38
w_004624,mem_004624,AT,sdd,organic,active,2025-03-04 06:13:03
w_004625,mem_004625,DE,card,referral,active,2025-07-09 15:03:15
w_004626,mem_004626,AT,sdd,paid_social,active,2025-12-02 20:32:14
w_004627,mem_004627,DE,card,partner,active,2025-01-07 21:22:23
w_004628,,DE,card,search,active,2025-03-28 04:40:42
w_004629,mem_004629,AT,sdd,,active,2025-08-15 19:09:55
w_004630,mem_004630,CH,sdd,paid_social,active,2025-08-24 22:54:54
w_004631,,DE,card,paid_social,active,2025-08-08 03:38:40
w_004632,mem_004632,DE,sdd,paid_social,active,2025-01-27 13:19:48
w_004633,mem_004633,DE,sdd,paid_social,active,2025-05-18 14:32:01
w_004634,mem_004634,DE,card,referral,active,2025-04-28 22:24:41
w_004635,mem_004635,DE,sdd,paid_social,active,2025-03-23 08:45:57
w_004636,mem_004636,AT,card,referral,active,2025-05-15 09:53:47
w_004637,mem_004637,AT,sdd,referral,active,2025-07-07 05:35:59
w_004638,mem_004638,IT,sdd,organic,active,2025-07-06 19:32:14
w_004639,mem_004639,AT,sdd,organic,active,2025-07-06 14:27:32
w_004640,mem_004640,AT,card,,active,2025-05-26 14:46:24
w_004641,mem_004641,SI,card,referral,active,2025-04-25 20:56:18
w_004642,mem_004642,DE,sdd,referral,active,2025-08-16 15:18:22
w_004643,mem_004643,AT,sdd,organic,active,2025-04-03 00:04:57
w_004644,mem_004644,AT,sdd,referral,active,2025-03-20 12:37:15
w_004645,,AT,sdd,organic,active,2025-01-11 16:17:27
w_004646,mem_004646,SI,sdd,paid_social,active,2025-03-29 18:42:34
w_004647,mem_004647,AT,sdd,search,active,2025-08-09 15:26:16
w_004648,mem_004648,AT,sdd,referral,active,2025-03-01 06:22:17
w_004649,mem_004649,DE,sdd,paid_social,active,2025-05-27 15:24:48
w_004650,mem_004650,AT,card,organic,active,2025-01-02 14:56:16
w_004651,mem_004651,IT,card,organic,active,2025-05-25 13:54:14
w_004652,,DE,sdd,organic,active,2025-05-20 14:05:26
w_004653,mem_004653,DE,sdd,partner,active,2025-12-25 11:14:31
w_004654,,AT,sdd,organic,active,2025-05-11 19:20:10
w_004655,mem_004655,DE,sdd,organic,active,2025-03-11 18:51:30
w_004656,mem_004656,AT,sdd,organic,active,2025-09-04 13:33:46
w_004657,mem_004657,IT,card,search,active,2025-02-24 13:52:54
w_004658,mem_004658,AT,card,organic,active,2025-04-20 11:00:56
w_004659,mem_004659,IT,sdd,organic,active,2025-08-04 15:58:14
w_004660,mem_004660,AT,sdd,partner,active,2025-12-04 05:12:06
w_004661,mem_004661,DE,card,paid_social,active,2025-11-22 06:58:50
w_004662,mem_004662,CH,card,referral,active,2025-05-28 19:54:02
w_004663,mem_004663,AT,sdd,paid_social,active,2025-04-07 12:31:37
w_004664,mem_004664,DE,card,search,blocked,2025-10-31 21:32:05
w_004665,mem_004665,AT,sdd,partner,active,2025-11-13 08:27:40
w_004666,mem_004666,AT,sdd,paid_social,active,2025-09-13 10:55:50
w_004667,mem_004667,SI,sdd,organic,active,2025-09-17 20:17:02
w_004668,mem_004668,AT,card,,active,2025-02-06 05:01:33
w_004669,mem_004669,CH,sdd,organic,active,2025-08-07 09:36:09
w_004670,mem_004670,AT,card,referral,active,2025-10-01 08:33:24
w_004671,mem_004671,AT,sdd,search,active,2025-05-01 06:46:42
w_004672,,AT,sdd,referral,churned,2025-11-04 17:33:45
w_004673,mem_004673,AT,sdd,search,active,2025-07-15 11:21:44
w_004674,mem_004674,AT,sdd,search,active,2025-05-18 08:36:21
w_004675,mem_004675,DE,card,paid_social,churned,2025-06-27 18:18:10
w_004676,,SI,sdd,organic,active,2025-04-14 23:24:56
w_004677,mem_004677,DE,sdd,partner,churned,2025-09-01 15:40:35
w_004678,mem_004678,AT,card,referral,active,2025-04-06 21:34:30
w_004679,mem_004679,SI,sdd,search,active,2025-02-04 13:10:55
w_004680,mem_004680,IT,sdd,partner,active,2025-01-07 13:43:07
w_004681,mem_004681,DE,card,organic,active,2025-09-30 22:47:09
w_004682,mem_004682,SI,card,referral,active,2025-09-24 04:48:40
w_004683,mem_004683,AT,sdd,paid_social,active,2025-04-25 16:36:25
w_004684,,AT,sdd,paid_social,active,2025-04-23 02:08:14
w_004685,mem_004685,DE,card,paid_social,active,2025-04-27 15:07:32
w_004686,mem_004686,DE,card,organic,active,2025-04-16 11:43:04
w_004687,mem_004687,CH,sdd,paid_social,churned,2025-11-10 20:15:29
w_004688,,SI,card,referral,active,2025-10-20 15:04:08
w_004689,mem_004689,AT,sdd,,active,2025-05-02 15:13:22
w_004690,mem_004690,CH,sdd,organic,active,2025-01-15 08:36:23
w_004691,mem_004691,SI,sdd,organic,active,2025-10-01 04:56:55
w_004692,mem_004692,AT,card,paid_social,active,2025-12-25 00:51:28
w_004693,mem_004693,AT,sdd,referral,active,2025-11-26 19:11:39
w_004694,mem_004694,SI,card,paid_social,active,2025-04-28 16:31:10
w_004695,mem_004695,DE,card,search,churned,2025-03-04 19:41:57
w_004696,mem_004696,AT,card,organic,active,2025-10-10 07:07:52
w_004697,mem_004697,AT,card,,active,2025-08-28 16:36:59
w_004698,mem_004698,SI,card,referral,active,2025-03-25 06:44:50
w_004699,mem_004699,AT,card,organic,churned,2025-06-27 05:36:08
w_004700,mem_004700,DE,card,organic,active,2025-06-16 01:15:32
w_004701,mem_004701,DE,sdd,paid_social,active,2025-12-23 14:41:50
w_004702,mem_004702,IT,sdd,paid_social,active,2025-11-30 03:29:10
w_004703,mem_004703,AT,card,,active,2025-11-12 09:02:31
w_004704,mem_004704,AT,card,partner,active,2025-04-04 18:15:13
w_004705,mem_004705,AT,sdd,referral,active,2025-06-01 15:52:53
w_004706,mem_004706,DE,sdd,partner,active,2025-07-05 12:24:08
w_004707,mem_004707,AT,card,paid_social,active,2025-02-17 03:51:27
w_004708,mem_004708,AT,sdd,organic,active,2025-03-15 00:04:56
w_004709,mem_004709,AT,card,referral,active,2025-08-19 02:46:34
w_004710,mem_004710,AT,card,referral,active,2025-09-02 01:02:20
w_004711,mem_004711,DE,card,search,active,2025-04-03 04:08:29
w_004712,mem_004712,SI,sdd,organic,active,2025-06-03 10:46:57
w_004713,mem_004713,AT,card,paid_social,active,2025-11-20 19:07:20
w_004714,,IT,card,organic,active,2025-01-21 19:33:02
w_004715,mem_004715,AT,sdd,organic,active,2025-10-27 07:36:42
w_004716,mem_004716,IT,card,search,active,2025-08-16 08:30:29
w_004717,mem_004717,AT,sdd,organic,active,2025-09-01 10:11:39
w_004718,mem_004718,DE,sdd,organic,active,2025-10-15 08:03:34
w_004719,mem_004719,DE,card,partner,active,2025-05-26 19:36:55
w_004720,mem_004720,DE,sdd,partner,active,2025-10-03 07:17:25
w_004721,,DE,sdd,partner,active,2025-01-29 13:46:53
w_004722,mem_004722,SI,card,partner,active,2025-07-01 01:20:05
w_004723,mem_004723,AT,card,search,active,2025-05-04 02:44:48
w_004724,mem_004724,AT,sdd,organic,blocked,2025-07-25 22:48:46
w_004725,mem_004725,AT,sdd,referral,active,2025-10-10 10:19:18
w_004726,mem_004726,AT,sdd,organic,active,2025-09-01 15:35:27
w_004727,mem_004727,AT,sdd,organic,active,2025-02-15 04:37:57
w_004728,mem_004728,IT,sdd,organic,active,2025-08-31 23:43:17
w_004729,mem_004729,DE,card,search,active,2025-04-05 16:33:01
w_004730,mem_004730,IT,sdd,partner,active,2025-09-13 18:29:46
w_004731,mem_004731,CH,sdd,partner,active,2025-09-04 15:13:51
w_004732,mem_004732,IT,card,search,active,2025-04-04 08:41:16
w_004733,mem_004733,CH,sdd,organic,active,2025-03-06 05:47:14
w_004734,mem_004734,SI,card,search,active,2025-04-28 00:10:39
w_004735,mem_004735,DE,sdd,,active,2025-06-16 16:28:36
w_004736,,AT,sdd,organic,active,2025-02-15 02:33:59
w_004737,mem_004737,DE,sdd,search,active,2025-08-23 23:00:24
w_004738,mem_004738,DE,card,search,active,2025-05-04 05:06:54
w_004739,mem_004739,DE,sdd,partner,blocked,2025-12-20 08:22:55
w_004740,mem_004740,AT,sdd,referral,active,2025-01-21 05:53:28
w_004741,mem_004741,DE,sdd,organic,churned,2025-04-14 11:27:45
w_004742,mem_004742,AT,sdd,organic,active,2025-10-09 08:37:32
w_004743,,AT,sdd,referral,active,2025-04-26 07:50:14
w_004744,mem_004744,DE,card,,active,2025-08-17 21:57:11
w_004745,mem_004745,AT,sdd,paid_social,active,2025-11-06 09:22:01
w_004746,mem_004746,DE,sdd,referral,active,2025-10-24 13:38:55
w_004747,mem_004747,DE,sdd,paid_social,active,2025-04-15 15:17:29
w_004748,mem_004748,DE,sdd,paid_social,active,2025-12-25 05:33:13
w_004749,mem_004749,AT,sdd,paid_social,active,2025-09-11 13:48:17
w_004750,mem_004750,AT,sdd,organic,active,2025-10-11 14:44:01
w_004751,mem_004751,CH,card,paid_social,active,2025-06-04 12:54:31
w_004752,mem_004752,DE,sdd,organic,churned,2025-03-06 12:25:41
w_004753,mem_004753,AT,card,referral,active,2025-12-20 01:32:44
w_004754,mem_004754,DE,sdd,paid_social,active,2025-07-22 14:37:08
w_004755,mem_004755,AT,sdd,paid_social,active,2025-05-18 03:31:15
w_004756,,AT,sdd,paid_social,active,2025-01-03 13:21:45
w_004757,mem_004757,DE,sdd,referral,active,2025-04-09 09:42:46
w_004758,mem_004758,AT,sdd,referral,active,2025-06-16 22:47:25
w_004759,mem_004759,DE,sdd,partner,active,2025-10-11 18:15:57
w_004760,mem_004760,DE,card,search,active,2025-12-10 16:48:54
w_004761,mem_004761,AT,card,organic,active,2025-10-03 17:43:44
w_004762,,AT,sdd,organic,active,2025-06-12 11:13:34
w_004763,mem_004763,CH,card,referral,active,2025-09-12 01:31:39
w_004764,mem_004764,SI,sdd,organic,active,2025-12-07 15:40:48
w_004765,mem_004765,AT,card,organic,active,2025-02-14 13:20:33
w_004766,mem_004766,AT,sdd,search,active,2025-08-24 09:40:39
w_004767,mem_004767,DE,card,organic,active,2025-11-01 16:37:32
w_004768,mem_004768,AT,card,organic,active,2025-04-07 14:19:28
w_004769,mem_004769,AT,sdd,organic,active,2025-01-08 07:47:12
w_004770,mem_004770,AT,sdd,organic,active,2025-08-01 06:38:22
w_004771,mem_004771,AT,card,search,active,2025-09-12 17:19:15
w_004772,mem_004772,AT,sdd,organic,active,2025-03-08 00:06:30
w_004773,,IT,card,,active,2025-11-14 17:23:50
w_004774,mem_004774,AT,sdd,organic,active,2025-06-11 10:37:35
w_004775,mem_004775,DE,sdd,search,active,2025-05-09 17:01:36
w_004776,mem_004776,IT,sdd,paid_social,active,2025-08-03 15:17:58
w_004777,mem_004777,CH,card,partner,active,2025-06-22 20:12:02
w_004778,mem_004778,DE,card,search,active,2025-11-27 10:20:27
w_004779,mem_004779,DE,sdd,partner,active,2025-09-20 16:09:08
w_004780,mem_004780,DE,sdd,organic,active,2025-10-29 11:34:47
w_004781,mem_004781,AT,sdd,organic,active,2025-06-22 22:41:46
w_004782,mem_004782,SI,sdd,partner,active,2025-06-22 21:01:33
w_004783,mem_004783,IT,sdd,search,active,2025-05-20 07:44:24
w_004784,mem_004784,AT,card,search,active,2025-07-02 20:59:34
w_004785,mem_004785,SI,sdd,partner,active,2025-11-18 02:29:44
w_004786,mem_004786,DE,sdd,search,active,2025-05-08 13:37:31
w_004787,mem_004787,DE,sdd,paid_social,active,2025-01-18 13:15:11
w_004788,mem_004788,AT,sdd,paid_social,active,2025-08-21 20:31:52
w_004789,mem_004789,DE,card,paid_social,active,2025-08-19 01:42:02
w_004790,mem_004790,DE,card,organic,active,2025-02-25 10:57:19
w_004791,,CH,sdd,paid_social,active,2025-06-01 02:15:06
w_004792,mem_004792,DE,card,referral,active,2025-06-30 11:49:43
w_004793,mem_004793,AT,card,referral,active,2025-03-07 04:49:04
w_004794,,AT,sdd,referral,churned,2025-05-27 00:12:38
w_004795,mem_004795,DE,sdd,referral,active,2025-01-28 07:41:26
w_004796,,DE,sdd,organic,churned,2025-03-30 06:24:54
w_004797,mem_004797,DE,card,paid_social,active,2025-02-15 08:57:10
w_004798,mem_004798,DE,card,partner,active,2025-12-10 06:08:34
w_004799,mem_004799,IT,card,organic,active,2025-09-28 06:33:12
w_004800,mem_004800,DE,sdd,search,active,2025-09-20 19:51:02
w_004801,mem_004801,CH,card,paid_social,active,2025-07-19 08:53:57
w_004802,mem_004802,DE,card,,active,2025-07-19 01:07:17
w_004803,mem_004803,DE,card,organic,active,2025-07-01 12:35:31
w_004804,mem_004804,AT,card,referral,active,2025-01-02 13:57:41
w_004805,mem_004805,AT,sdd,paid_social,active,2025-11-01 01:40:39
w_004806,mem_004806,IT,sdd,search,active,2025-12-16 18:42:48
w_004807,mem_004807,IT,card,organic,active,2025-01-17 18:47:30
w_004808,mem_004808,DE,sdd,paid_social,active,2025-09-06 15:33:28
w_004809,mem_004809,AT,card,search,active,2025-05-18 17:38:16
w_004810,mem_004810,DE,card,paid_social,active,2025-04-07 21:22:29
w_004811,mem_004811,DE,sdd,referral,blocked,2025-09-01 09:01:52
w_004812,mem_004812,DE,sdd,paid_social,active,2025-11-01 00:22:27
w_004813,mem_004813,DE,card,paid_social,active,2025-03-28 14:12:55
w_004814,mem_004814,IT,card,referral,active,2025-05-27 23:05:56
w_004815,mem_004815,AT,sdd,referral,active,2025-07-09 19:59:57
w_004816,mem_004816,SI,sdd,partner,active,2025-11-10 03:54:58
w_004817,mem_004817,AT,card,paid_social,active,2025-09-05 07:36:05
w_004818,mem_004818,AT,sdd,referral,active,2025-07-27 14:50:49
w_004819,mem_004819,AT,card,referral,active,2025-05-05 21:02:01
w_004820,mem_004820,DE,card,organic,active,2025-02-20 10:43:00
w_004821,mem_004821,IT,card,organic,active,2025-10-25 02:07:25
w_004822,mem_004822,DE,sdd,organic,active,2025-03-03 14:27:51
w_004823,mem_004823,DE,sdd,,active,2025-08-30 23:25:24
w_004824,mem_004824,AT,card,organic,active,2025-04-06 09:46:59
w_004825,mem_004825,AT,sdd,paid_social,active,2025-01-13 23:07:21
w_004826,mem_004826,AT,sdd,organic,active,2025-01-17 06:33:05
w_004827,mem_004827,CH,card,paid_social,active,2025-03-17 13:26:43
w_004828,mem_004828,DE,sdd,paid_social,active,2025-11-07 10:12:31
w_004829,mem_004829,AT,card,search,churned,2025-09-15 08:33:01
w_004830,mem_004830,DE,sdd,partner,active,2025-01-06 12:59:52
w_004831,mem_004831,DE,sdd,referral,churned,2025-03-07 13:53:19
w_004832,mem_004832,DE,card,organic,active,2025-01-11 06:12:10
w_004833,mem_004833,AT,card,referral,active,2025-01-02 16:44:24
w_004834,mem_004834,DE,sdd,paid_social,active,2025-01-20 19:52:04
w_004835,mem_004835,DE,card,organic,active,2025-07-09 05:51:31
w_004836,mem_004836,SI,card,referral,active,2025-09-08 22:42:13
w_004837,mem_004837,AT,sdd,search,active,2025-04-13 01:58:01
w_004838,mem_004838,DE,card,organic,active,2025-04-05 20:04:33
w_004839,mem_004839,AT,card,organic,active,2025-06-14 16:47:40
w_004840,mem_004840,DE,sdd,paid_social,churned,2025-08-08 03:02:23
w_004841,,CH,sdd,search,active,2025-08-24 03:35:45
w_004842,mem_004842,AT,card,organic,active,2025-05-13 08:06:58
w_004843,mem_004843,DE,card,partner,active,2025-05-01 03:14:44
w_004844,mem_004844,DE,card,search,active,2025-05-29 12:09:24
w_004845,mem_004845,IT,sdd,referral,active,2025-11-14 15:21:28
w_004846,mem_004846,DE,sdd,search,active,2025-08-13 11:16:14
w_004847,,AT,sdd,search,active,2025-03-29 02:55:10
w_004848,mem_004848,DE,card,paid_social,blocked,2025-12-15 15:18:54
w_004849,mem_004849,AT,card,organic,active,2025-04-19 15:15:23
w_004850,mem_004850,IT,card,partner,blocked,2025-10-13 13:50:53
w_004851,mem_004851,DE,sdd,referral,active,2025-01-25 03:10:55
w_004852,,SI,sdd,paid_social,active,2025-10-16 08:37:29
w_004853,mem_004853,DE,sdd,paid_social,active,2025-01-21 14:08:38
w_004854,mem_004854,DE,card,paid_social,active,2025-02-23 08:14:02
w_004855,mem_004855,CH,card,paid_social,active,2025-09-26 23:35:48
w_004856,mem_004856,SI,sdd,paid_social,churned,2025-09-27 19:46:03
w_004857,mem_004857,DE,sdd,paid_social,active,2025-06-25 22:43:07
w_004858,mem_004858,DE,sdd,organic,active,2025-01-06 11:21:56
w_004859,mem_004859,SI,sdd,partner,blocked,2025-07-01 19:02:00
w_004860,mem_004860,CH,sdd,organic,active,2025-07-19 14:21:10
w_004861,,DE,card,partner,active,2025-07-22 21:36:42
w_004862,mem_004862,DE,sdd,paid_social,active,2025-09-24 19:27:58
w_004863,mem_004863,AT,sdd,paid_social,blocked,2025-01-01 12:12:29
w_004864,mem_004864,DE,sdd,organic,active,2025-05-10 23:31:34
w_004865,mem_004865,AT,card,,active,2025-09-25 23:01:15
w_004866,mem_004866,AT,card,organic,active,2025-08-13 04:09:34
w_004867,mem_004867,SI,sdd,referral,active,2025-02-17 20:24:24
w_004868,mem_004868,AT,card,search,active,2025-04-03 12:23:36
w_004869,mem_004869,DE,card,paid_social,active,2025-02-02 21:50:30
w_004870,mem_004870,AT,sdd,paid_social,churned,2025-07-22 20:11:02
w_004871,mem_004871,CH,sdd,organic,active,2025-10-09 03:31:22
w_004872,mem_004872,AT,card,organic,active,2025-07-01 11:55:04
w_004873,mem_004873,DE,card,referral,churned,2025-03-29 19:18:03
w_004874,mem_004874,AT,sdd,organic,active,2025-06-25 22:22:30
w_004875,mem_004875,DE,sdd,referral,churned,2025-01-27 03:58:04
w_004876,mem_004876,DE,sdd,organic,active,2025-01-20 19:19:11
w_004877,,AT,sdd,referral,active,2025-05-25 13:22:45
w_004878,mem_004878,AT,sdd,,active,2025-09-01 09:25:57
w_004879,mem_004879,AT,card,referral,blocked,2025-03-08 20:32:28
w_004880,mem_004880,DE,card,organic,active,2025-04-15 11:32:42
w_004881,mem_004881,DE,card,paid_social,active,2025-03-31 08:23:26
w_004882,mem_004882,AT,sdd,referral,active,2025-05-01 02:15:07
w_004883,mem_004883,DE,sdd,organic,active,2025-08-28 01:09:22
w_004884,mem_004884,AT,sdd,partner,active,2025-04-21 09:03:40
w_004885,mem_004885,CH,card,organic,active,2025-11-02 14:28:58
w_004886,mem_004886,IT,card,search,active,2025-10-31 07:13:49
w_004887,mem_004887,DE,sdd,paid_social,active,2025-06-03 14:02:40
w_004888,mem_004888,CH,card,organic,active,2025-10-16 18:19:00
w_004889,mem_004889,DE,card,organic,active,2025-07-12 18:49:31
w_004890,mem_004890,AT,sdd,organic,active,2025-05-22 00:59:26
w_004891,mem_004891,AT,card,organic,active,2025-08-17 10:42:29
w_004892,mem_004892,DE,sdd,organic,active,2025-06-05 15:25:34
w_004893,mem_004893,DE,sdd,paid_social,active,2025-01-11 09:52:47
w_004894,mem_004894,DE,sdd,partner,churned,2025-04-05 13:27:31
w_004895,mem_004895,DE,sdd,referral,active,2025-02-05 03:47:34
w_004896,mem_004896,DE,card,referral,active,2025-01-28 12:05:35
w_004897,mem_004897,AT,sdd,organic,active,2025-09-17 13:07:10
w_004898,mem_004898,DE,sdd,referral,active,2025-11-18 01:53:40
w_004899,mem_004899,DE,card,organic,active,2025-10-08 20:50:02
w_004900,,DE,sdd,organic,active,2025-10-22 21:44:39
w_004901,mem_004901,CH,sdd,search,active,2025-08-28 07:23:48
w_004902,mem_004902,DE,card,partner,active,2025-04-26 03:38:34
w_004903,mem_004903,DE,sdd,organic,blocked,2025-12-24 19:57:47
w_004904,mem_004904,DE,card,paid_social,active,2025-10-22 15:33:38
w_004905,mem_004905,AT,sdd,paid_social,active,2025-06-23 13:00:14
w_004906,mem_004906,AT,sdd,search,active,2025-02-10 06:29:41
w_004907,mem_004907,DE,sdd,paid_social,active,2025-03-11 23:56:15
w_004908,mem_004908,DE,card,paid_social,active,2025-11-11 01:22:15
w_004909,mem_004909,CH,sdd,referral,active,2025-12-02 15:36:12
w_004910,mem_004910,CH,sdd,organic,active,2025-08-18 00:13:06
w_004911,mem_004911,AT,sdd,organic,active,2025-07-19 02:54:23
w_004912,mem_004912,AT,card,,churned,2025-02-14 20:58:22
w_004913,mem_004913,AT,sdd,referral,blocked,2025-03-24 17:34:19
w_004914,mem_004914,SI,card,referral,active,2025-03-12 16:19:00
w_004915,mem_004915,DE,sdd,search,active,2025-04-08 13:03:15
w_004916,mem_004916,AT,card,paid_social,active,2025-11-23 19:14:48
w_004917,mem_004917,CH,sdd,paid_social,active,2025-11-03 03:42:36
w_004918,mem_004918,AT,card,search,active,2025-08-04 07:14:13
w_004919,mem_004919,AT,sdd,referral,active,2025-01-25 02:50:12
w_004920,,AT,sdd,organic,active,2025-07-21 08:23:52
w_004921,mem_004921,AT,sdd,search,churned,2025-02-20 16:41:12
w_004922,mem_004922,DE,card,paid_social,blocked,2025-09-20 05:12:05
w_004923,mem_004923,AT,sdd,search,active,2025-07-28 12:13:50
w_004924,mem_004924,IT,sdd,organic,active,2025-06-12 11:29:21
w_004925,mem_004925,IT,card,paid_social,active,2025-07-31 02:46:42
w_004926,mem_004926,DE,sdd,partner,churned,2025-10-22 11:49:56
w_004927,mem_004927,DE,sdd,paid_social,active,2025-05-15 15:38:06
w_004928,mem_004928,DE,sdd,referral,active,2025-05-07 15:30:16
w_004929,mem_004929,AT,card,partner,active,2025-08-02 23:27:44
w_004930,mem_004930,DE,card,organic,active,2025-07-23 05:37:02
w_004931,mem_004931,DE,sdd,organic,active,2025-08-27 05:47:38
w_004932,mem_004932,DE,sdd,organic,active,2025-07-28 11:52:07
w_004933,,AT,card,search,active,2025-12-10 02:08:55
w_004934,mem_004934,IT,sdd,search,active,2025-03-07 01:47:20
w_004935,mem_004935,AT,sdd,search,active,2025-10-21 01:42:49
w_004936,mem_004936,AT,sdd,search,churned,2025-05-29 05:05:55
w_004937,mem_004937,CH,card,search,active,2025-07-06 14:51:57
w_004938,mem_004938,DE,card,search,active,2025-03-14 07:04:04
w_004939,,DE,card,search,churned,2025-02-28 01:50:38
w_004940,mem_004940,AT,sdd,paid_social,churned,2025-06-19 23:01:17
w_004941,mem_004941,AT,card,search,active,2025-11-16 23:06:32
w_004942,mem_004942,AT,sdd,organic,active,2025-09-05 05:37:22
w_004943,mem_004943,IT,sdd,referral,active,2025-09-10 13:55:32
w_004944,,AT,sdd,referral,active,2025-01-15 04:40:37
w_004945,,DE,card,referral,active,2025-03-26 18:55:38
w_004946,mem_004946,CH,sdd,partner,active,2025-02-19 03:39:36
w_004947,mem_004947,AT,card,organic,active,2025-05-02 05:39:29
w_004948,mem_004948,DE,card,referral,churned,2025-05-13 21:22:34
w_004949,mem_004949,CH,card,referral,active,2025-03-28 13:52:27
w_004950,mem_004950,SI,sdd,partner,active,2025-04-24 20:33:29
w_004951,mem_004951,IT,sdd,search,active,2025-05-20 16:30:29
w_004952,mem_004952,IT,card,paid_social,active,2025-06-28 17:41:54
w_004953,mem_004953,DE,card,organic,churned,2025-01-04 22:41:26
w_004954,mem_004954,AT,card,referral,active,2025-09-18 15:22:34
w_004955,mem_004955,DE,sdd,paid_social,active,2025-01-28 09:36:09
w_004956,mem_004956,DE,sdd,organic,active,2025-12-23 12:33:52
w_004957,mem_004957,DE,card,search,churned,2025-09-21 01:44:03
w_004958,mem_004958,DE,card,referral,active,2025-03-04 00:08:16
w_004959,,DE,sdd,partner,active,2025-03-22 03:07:31
w_004960,mem_004960,AT,card,paid_social,active,2025-08-12 15:58:09
w_004961,mem_004961,AT,sdd,paid_social,active,2025-12-03 18:22:42
w_004962,mem_004962,DE,sdd,paid_social,blocked,2025-01-21 17:10:28
w_004963,mem_004963,AT,sdd,search,active,2025-01-07 13:35:58
w_004964,mem_004964,AT,card,paid_social,active,2025-03-18 18:57:02
w_004965,mem_004965,AT,sdd,referral,active,2025-07-18 15:28:02
w_004966,mem_004966,CH,card,organic,active,2025-09-14 08:06:51
w_004967,mem_004967,DE,card,organic,active,2025-07-12 02:21:17
w_004968,mem_004968,DE,sdd,paid_social,active,2025-05-14 01:17:39
w_004969,mem_004969,DE,card,partner,active,2025-09-03 06:23:28
w_004970,mem_004970,DE,card,referral,active,2025-04-22 03:48:36
w_004971,mem_004971,AT,card,organic,active,2025-02-20 20:50:08
w_004972,mem_004972,DE,sdd,search,active,2025-06-25 23:29:12
w_004973,mem_004973,IT,card,referral,active,2025-01-29 20:34:52
w_004974,mem_004974,DE,card,organic,churned,2025-02-05 22:27:17
w_004975,mem_004975,IT,sdd,referral,active,2025-01-24 07:38:03
w_004976,mem_004976,AT,sdd,search,active,2025-10-25 02:38:08
w_004977,mem_004977,IT,sdd,search,active,2025-02-24 22:50:36
w_004978,mem_004978,AT,card,search,active,2025-03-08 21:58:44
w_004979,,DE,card,paid_social,active,2025-04-21 23:12:17
w_004980,mem_004980,AT,sdd,organic,active,2025-04-23 10:54:32
w_004981,mem_004981,AT,card,referral,active,2025-10-06 06:43:31
w_004982,mem_004982,DE,card,organic,active,2025-05-18 07:37:20
w_004983,mem_004983,AT,card,referral,churned,2025-11-14 09:46:58
w_004984,mem_004984,AT,card,referral,active,2025-12-18 04:06:17
w_004985,mem_004985,DE,card,organic,active,2025-10-31 14:14:15
w_004986,mem_004986,AT,sdd,search,active,2025-11-08 02:16:38
w_004987,mem_004987,DE,sdd,organic,active,2025-08-31 02:37:40
w_004988,mem_004988,AT,sdd,organic,active,2025-07-11 16:23:41
w_004989,mem_004989,DE,sdd,,blocked,2025-03-06 05:51:56
w_004990,mem_004990,AT,sdd,referral,active,2025-01-16 07:32:48
w_004991,,DE,sdd,paid_social,active,2025-08-22 22:13:58
w_004992,mem_004992,AT,card,organic,active,2025-06-10 01:41:22
w_004993,mem_004993,AT,card,organic,active,2025-08-12 14:02:58
w_004994,mem_004994,DE,sdd,partner,active,2025-06-02 10:52:42
w_004995,mem_004995,DE,sdd,,blocked,2025-04-01 16:25:13
w_004996,mem_004996,AT,sdd,organic,active,2025-12-26 12:48:00
w_004997,mem_004997,DE,card,partner,active,2025-09-12 10:51:23
w_004998,mem_004998,AT,card,organic,active,2025-11-05 01:00:21
w_004999,mem_004999,DE,card,organic,active,2025-10-08 11:10:37
w_005000,mem_005000,AT,sdd,organic,active,2025-11-07 07:20:27
w_005001,mem_005001,AT,card,paid_social,active,2025-07-21 15:39:17
w_005002,mem_005002,IT,sdd,organic,active,2025-10-19 17:01:53
w_005003,mem_005003,AT,sdd,organic,active,2025-11-17 14:18:25
w_005004,mem_005004,AT,card,search,active,2025-07-13 04:41:32
w_005005,mem_005005,DE,card,paid_social,active,2025-10-17 01:52:28
w_005006,mem_005006,DE,card,paid_social,churned,2025-11-25 21:32:35
w_005007,mem_005007,IT,sdd,paid_social,active,2025-10-27 14:46:19
w_005008,mem_005008,IT,card,paid_social,churned,2025-08-24 22:38:27
w_005009,mem_005009,SI,sdd,referral,active,2025-08-23 19:14:37
w_005010,,DE,sdd,organic,active,2025-01-24 00:23:30
w_005011,mem_005011,AT,card,paid_social,blocked,2025-01-11 06:19:36
w_005012,mem_005012,AT,sdd,search,active,2025-03-18 20:34:06
w_005013,mem_005013,AT,card,paid_social,active,2025-05-12 03:04:54
w_005014,mem_005014,DE,sdd,organic,active,2025-07-24 07:54:45
w_005015,,AT,sdd,partner,active,2025-10-12 08:40:37
w_005016,mem_005016,DE,card,organic,active,2025-12-21 16:53:30
w_005017,mem_005017,AT,card,organic,churned,2025-04-17 13:06:20
w_005018,mem_005018,SI,card,paid_social,active,2025-08-12 17:43:07
w_005019,mem_005019,DE,card,organic,active,2025-03-06 02:46:47
w_005020,mem_005020,DE,card,organic,active,2025-10-03 21:43:52
w_005021,mem_005021,DE,sdd,paid_social,active,2025-04-04 09:48:52
w_005022,mem_005022,IT,sdd,search,active,2025-07-21 12:19:45
w_005023,mem_005023,DE,sdd,organic,active,2025-10-04 09:37:46
w_005024,mem_005024,CH,card,paid_social,active,2025-03-30 12:58:25
w_005025,mem_005025,AT,sdd,organic,active,2025-01-15 11:48:50
w_005026,mem_005026,AT,sdd,organic,active,2025-10-29 11:12:03
w_005027,mem_005027,CH,sdd,paid_social,active,2025-05-02 00:22:37
w_005028,mem_005028,AT,sdd,paid_social,active,2025-02-15 22:17:19
w_005029,mem_005029,DE,sdd,organic,active,2025-02-04 16:34:41
w_005030,mem_005030,SI,card,organic,active,2025-05-12 23:01:38
w_005031,mem_005031,DE,sdd,search,active,2025-06-04 15:50:00
w_005032,mem_005032,DE,sdd,organic,churned,2025-10-30 11:23:16
w_005033,mem_005033,DE,card,organic,blocked,2025-01-11 14:28:42
w_005034,mem_005034,DE,sdd,organic,active,2025-05-12 06:02:20
w_005035,mem_005035,SI,card,organic,active,2025-01-03 16:44:05
w_005036,mem_005036,SI,sdd,referral,churned,2025-07-12 20:06:59
w_005037,mem_005037,AT,card,,active,2025-12-19 06:45:27
w_005038,mem_005038,AT,sdd,paid_social,active,2025-06-22 19:53:38
w_005039,mem_005039,DE,card,referral,active,2025-09-13 14:07:29
w_005040,mem_005040,AT,card,referral,active,2025-01-09 08:10:17
w_005041,mem_005041,AT,sdd,organic,churned,2025-02-03 00:34:17
w_005042,mem_005042,IT,card,partner,active,2025-06-09 22:50:37
w_005043,mem_005043,AT,sdd,search,active,2025-04-04 10:04:14
w_005044,mem_005044,DE,sdd,paid_social,active,2025-07-04 00:42:23
w_005045,mem_005045,AT,card,organic,active,2025-08-10 12:37:46
w_005046,mem_005046,AT,card,paid_social,active,2025-03-12 09:18:04
w_005047,mem_005047,SI,card,paid_social,active,2025-05-08 21:19:38
w_005048,mem_005048,DE,sdd,organic,active,2025-09-28 00:47:09
w_005049,mem_005049,SI,card,,active,2025-01-04 00:15:27
w_005050,mem_005050,DE,sdd,paid_social,active,2025-10-07 00:26:18
w_005051,mem_005051,AT,sdd,organic,active,2025-09-15 04:44:52
w_005052,mem_005052,DE,card,paid_social,active,2025-02-15 15:34:49
w_005053,mem_005053,DE,card,referral,active,2025-12-20 04:39:31
w_005054,,DE,card,organic,active,2025-01-18 22:27:20
w_005055,mem_005055,DE,sdd,partner,active,2025-09-23 06:50:32
w_005056,mem_005056,AT,card,partner,active,2025-10-14 11:33:15
w_005057,mem_005057,DE,card,organic,active,2025-08-08 22:05:55
w_005058,mem_005058,IT,sdd,paid_social,active,2025-10-02 00:47:54
w_005059,mem_005059,CH,sdd,organic,blocked,2025-02-28 03:47:11
w_005060,mem_005060,DE,card,referral,active,2025-03-07 15:01:34
w_005061,mem_005061,AT,card,paid_social,active,2025-08-11 20:00:04
w_005062,mem_005062,SI,sdd,search,active,2025-05-07 11:51:03
w_005063,mem_005063,DE,card,search,active,2025-05-13 16:25:17
w_005064,mem_005064,AT,card,search,active,2025-12-03 01:13:26
w_005065,,AT,card,organic,active,2025-04-18 19:22:30
w_005066,mem_005066,DE,sdd,referral,active,2025-06-11 18:15:54
w_005067,mem_005067,IT,sdd,search,churned,2025-02-01 17:44:25
w_005068,mem_005068,DE,sdd,partner,active,2025-06-27 15:59:25
w_005069,mem_005069,DE,card,search,active,2025-03-24 16:14:18
w_005070,mem_005070,AT,card,referral,active,2025-10-25 05:59:31
w_005071,mem_005071,DE,sdd,organic,active,2025-04-24 13:17:22
w_005072,mem_005072,AT,sdd,organic,active,2025-08-06 14:32:14
w_005073,mem_005073,DE,card,organic,active,2025-02-06 19:39:48
w_005074,mem_005074,DE,card,referral,active,2025-03-05 11:13:36
w_005075,mem_005075,AT,sdd,partner,active,2025-09-16 14:07:04
w_005076,mem_005076,IT,card,paid_social,churned,2025-11-24 14:48:22
w_005077,mem_005077,IT,sdd,,active,2025-01-25 12:51:18
w_005078,mem_005078,AT,card,paid_social,active,2025-10-26 11:16:27
w_005079,mem_005079,SI,sdd,search,active,2025-11-20 02:29:27
w_005080,mem_005080,DE,card,paid_social,active,2025-07-09 07:03:59
w_005081,mem_005081,IT,card,organic,active,2025-10-05 03:10:50
w_005082,mem_005082,DE,card,partner,active,2025-07-13 16:19:07
w_005083,mem_005083,DE,card,referral,active,2025-07-19 22:44:47
w_005084,mem_005084,IT,card,organic,active,2025-07-10 23:02:59
w_005085,mem_005085,IT,card,organic,active,2025-06-09 04:02:24
w_005086,mem_005086,DE,sdd,referral,active,2025-05-13 03:57:16
w_005087,mem_005087,DE,sdd,referral,active,2025-02-04 21:06:39
w_005088,mem_005088,IT,card,organic,active,2025-07-13 13:32:07
w_005089,mem_005089,AT,sdd,organic,active,2025-05-10 15:39:16
w_005090,mem_005090,AT,card,paid_social,active,2025-08-26 11:11:11
w_005091,mem_005091,CH,card,organic,active,2025-12-18 02:09:25
w_005092,mem_005092,AT,card,search,active,2025-01-04 22:13:25
w_005093,mem_005093,DE,sdd,organic,active,2025-11-15 11:07:02
w_005094,mem_005094,AT,sdd,paid_social,active,2025-07-19 23:35:34
w_005095,mem_005095,AT,card,paid_social,active,2025-02-17 10:43:20
w_005096,,IT,card,paid_social,active,2025-01-10 14:26:12
w_005097,mem_005097,AT,sdd,paid_social,active,2025-12-25 21:41:54
w_005098,mem_005098,DE,sdd,paid_social,active,2025-03-26 07:30:45
w_005099,mem_005099,DE,card,search,active,2025-10-28 07:57:47
w_005100,mem_005100,AT,card,organic,active,2025-11-13 00:09:27
w_005101,mem_005101,DE,card,referral,active,2025-01-14 17:26:23
w_005102,,DE,sdd,organic,active,2025-12-10 20:01:35
w_005103,,AT,sdd,organic,active,2025-12-15 00:23:53
w_005104,mem_005104,DE,card,paid_social,active,2025-10-23 19:12:58
w_005105,mem_005105,DE,sdd,paid_social,active,2025-07-27 03:25:00
w_005106,mem_005106,AT,sdd,paid_social,active,2025-07-09 01:55:03
w_005107,mem_005107,DE,card,referral,active,2025-08-19 01:57:28
w_005108,mem_005108,DE,sdd,partner,active,2025-02-14 03:29:52
w_005109,mem_005109,IT,sdd,organic,active,2025-09-11 10:11:22
w_005110,mem_005110,DE,card,search,active,2025-11-20 02:47:25
w_005111,mem_005111,AT,sdd,referral,active,2025-06-30 00:45:41
w_005112,mem_005112,SI,card,paid_social,active,2025-09-02 08:55:56
w_005113,mem_005113,DE,sdd,,active,2025-07-25 13:36:53
w_005114,mem_005114,AT,sdd,partner,active,2025-03-24 20:53:22
w_005115,mem_005115,DE,sdd,organic,active,2025-07-02 01:03:29
w_005116,mem_005116,AT,sdd,search,active,2025-09-27 06:49:25
w_005117,mem_005117,IT,card,referral,churned,2025-11-17 02:47:54
w_005118,,AT,sdd,partner,active,2025-10-10 12:38:40
w_005119,mem_005119,DE,sdd,paid_social,active,2025-09-10 04:23:04
w_005120,mem_005120,IT,card,paid_social,active,2025-04-26 14:25:57
w_005121,mem_005121,DE,card,organic,active,2025-07-26 13:35:43
w_005122,,AT,sdd,paid_social,active,2025-10-11 18:44:25
w_005123,mem_005123,DE,sdd,partner,active,2025-03-07 14:13:40
w_005124,mem_005124,SI,sdd,referral,active,2025-06-21 13:33:34
w_005125,mem_005125,AT,card,paid_social,active,2025-08-27 21:01:25
w_005126,mem_005126,DE,card,paid_social,active,2025-11-02 23:31:45
w_005127,mem_005127,AT,sdd,search,active,2025-01-29 22:15:49
w_005128,,IT,sdd,organic,active,2025-02-05 08:33:08
w_005129,mem_005129,SI,sdd,paid_social,active,2025-09-18 18:39:22
w_005130,mem_005130,IT,sdd,search,active,2025-11-05 15:24:56
w_005131,mem_005131,DE,card,organic,active,2025-04-21 17:08:51
w_005132,mem_005132,DE,sdd,organic,active,2025-09-17 05:50:49
w_005133,mem_005133,SI,sdd,paid_social,active,2025-08-02 02:23:57
w_005134,mem_005134,AT,card,search,active,2025-11-30 13:08:01
w_005135,mem_005135,AT,sdd,paid_social,active,2025-08-05 13:23:58
w_005136,mem_005136,DE,sdd,organic,active,2025-05-22 00:01:56
w_005137,mem_005137,AT,sdd,paid_social,active,2025-11-13 22:30:55
w_005138,mem_005138,DE,card,paid_social,active,2025-12-22 11:08:08
w_005139,mem_005139,IT,card,paid_social,active,2025-01-06 14:57:13
w_005140,mem_005140,DE,sdd,,active,2025-08-12 04:06:40
w_005141,mem_005141,CH,card,search,active,2025-04-01 19:15:37
w_005142,mem_005142,DE,card,paid_social,active,2025-10-04 08:01:41
w_005143,mem_005143,AT,sdd,partner,active,2025-05-14 21:29:38
w_005144,mem_005144,DE,card,paid_social,active,2025-10-15 10:41:55
w_005145,mem_005145,AT,card,paid_social,active,2025-06-22 20:15:54
w_005146,mem_005146,AT,card,organic,active,2025-05-04 20:28:09
w_005147,,DE,card,paid_social,blocked,2025-04-04 02:34:22
w_005148,mem_005148,AT,card,organic,churned,2025-06-02 17:38:49
w_005149,mem_005149,DE,sdd,,active,2025-12-06 18:20:11
w_005150,mem_005150,AT,card,paid_social,active,2025-03-14 11:50:27
w_005151,,AT,card,paid_social,active,2025-01-25 15:50:29
w_005152,mem_005152,AT,card,organic,active,2025-04-23 21:52:08
w_005153,mem_005153,DE,card,organic,active,2025-06-06 06:16:41
w_005154,mem_005154,AT,sdd,organic,active,2025-10-16 00:56:09
w_005155,mem_005155,DE,card,,active,2025-10-21 00:59:50
w_005156,mem_005156,DE,card,referral,active,2025-08-03 02:00:51
w_005157,mem_005157,IT,sdd,paid_social,active,2025-12-17 16:01:06
w_005158,mem_005158,IT,sdd,referral,active,2025-03-28 01:33:47
w_005159,,DE,sdd,organic,active,2025-06-05 18:27:17
w_005160,,IT,sdd,search,active,2025-12-02 00:04:43
w_005161,mem_005161,AT,sdd,organic,blocked,2025-01-05 11:45:46
w_005162,mem_005162,DE,card,paid_social,active,2025-05-18 09:50:55
w_005163,mem_005163,AT,sdd,paid_social,active,2025-05-30 10:17:15
w_005164,mem_005164,DE,card,organic,churned,2025-08-13 15:03:49
w_005165,mem_005165,DE,card,referral,active,2025-05-19 08:24:46
w_005166,mem_005166,DE,sdd,search,active,2025-11-20 15:03:04
w_005167,,AT,sdd,partner,active,2025-07-11 06:00:52
w_005168,mem_005168,DE,card,search,active,2025-08-21 00:35:49
w_005169,mem_005169,CH,sdd,paid_social,active,2025-12-19 07:27:29
w_005170,mem_005170,AT,card,organic,active,2025-12-21 02:23:25
w_005171,mem_005171,AT,sdd,,active,2025-11-12 15:39:45
w_005172,mem_005172,DE,sdd,referral,churned,2025-01-17 08:19:08
w_005173,mem_005173,AT,card,paid_social,blocked,2025-11-18 02:44:32
w_005174,mem_005174,DE,sdd,organic,active,2025-07-22 18:47:36
w_005175,mem_005175,CH,card,partner,active,2025-06-05 02:55:30
w_005176,mem_005176,AT,sdd,organic,active,2025-11-03 09:56:59
w_005177,mem_005177,CH,sdd,paid_social,active,2025-05-31 19:29:42
w_005178,mem_005178,DE,card,organic,active,2025-02-06 05:38:29
w_005179,mem_005179,AT,card,referral,active,2025-02-01 19:04:20
w_005180,mem_005180,DE,sdd,organic,active,2025-03-31 07:57:48
w_005181,mem_005181,DE,sdd,search,blocked,2025-05-07 00:59:20
w_005182,,AT,card,search,active,2025-02-22 16:25:28
w_005183,mem_005183,DE,card,,active,2025-05-13 08:53:34
w_005184,mem_005184,DE,sdd,organic,active,2025-11-13 16:37:23
w_005185,mem_005185,SI,sdd,paid_social,active,2025-10-24 05:54:16
w_005186,,IT,card,organic,active,2025-02-04 14:02:27
w_005187,mem_005187,AT,card,paid_social,active,2025-02-17 13:18:31
w_005188,mem_005188,IT,card,search,active,2025-01-06 04:14:10
w_005189,,CH,sdd,search,active,2025-09-30 10:10:02
w_005190,mem_005190,DE,sdd,paid_social,active,2025-08-03 07:14:59
w_005191,,DE,card,search,active,2025-05-17 20:34:38
w_005192,mem_005192,DE,sdd,partner,active,2025-11-18 19:25:55
w_005193,mem_005193,DE,card,referral,active,2025-04-12 20:35:12
w_005194,mem_005194,AT,sdd,referral,active,2025-12-22 04:14:51
w_005195,,DE,sdd,referral,active,2025-04-17 11:32:21
w_005196,mem_005196,DE,sdd,organic,churned,2025-06-26 10:23:28
w_005197,mem_005197,AT,sdd,paid_social,active,2025-03-15 23:54:39
w_005198,mem_005198,AT,sdd,partner,active,2025-02-03 05:37:10
w_005199,mem_005199,DE,sdd,,active,2025-04-21 22:50:01
w_005200,mem_005200,AT,card,organic,blocked,2025-09-19 02:15:12
w_005201,mem_005201,DE,sdd,paid_social,active,2025-10-31 19:43:54
w_005202,mem_005202,DE,sdd,paid_social,active,2025-02-16 23:25:33
w_005203,mem_005203,AT,card,paid_social,active,2025-10-26 06:13:11
w_005204,mem_005204,IT,sdd,referral,active,2025-08-01 23:22:49
w_005205,mem_005205,IT,card,search,active,2025-02-18 12:29:15
w_005206,,AT,card,partner,active,2025-04-25 16:53:01
w_005207,mem_005207,AT,sdd,,churned,2025-03-22 02:41:06
w_005208,mem_005208,AT,sdd,paid_social,active,2025-05-13 02:55:10
w_005209,mem_005209,AT,sdd,organic,active,2025-10-17 09:04:00
w_005210,mem_005210,AT,card,organic,churned,2025-03-11 19:25:03
w_005211,mem_005211,AT,card,organic,blocked,2025-05-20 19:15:42
w_005212,mem_005212,DE,sdd,,active,2025-02-16 05:24:44
w_005213,mem_005213,AT,sdd,referral,active,2025-08-31 05:05:03
w_005214,,AT,card,organic,active,2025-02-17 23:50:41
w_005215,mem_005215,AT,card,partner,active,2025-04-11 06:04:04
w_005216,mem_005216,AT,card,partner,active,2025-09-06 19:31:33
w_005217,mem_005217,CH,card,referral,active,2025-07-08 12:58:42
w_005218,mem_005218,DE,sdd,referral,active,2025-09-04 16:15:40
w_005219,,CH,sdd,paid_social,active,2025-04-28 23:01:58
w_005220,mem_005220,CH,card,partner,active,2025-03-30 13:54:56
w_005221,mem_005221,AT,sdd,referral,active,2025-07-20 19:12:30
w_005222,mem_005222,SI,sdd,paid_social,active,2025-05-29 16:34:22
w_005223,mem_005223,IT,card,paid_social,active,2025-10-27 22:53:17
w_005224,mem_005224,CH,sdd,organic,active,2025-07-03 21:04:23
w_005225,mem_005225,DE,sdd,organic,active,2025-03-24 19:13:57
w_005226,mem_005226,AT,sdd,search,active,2025-10-22 01:34:21
w_005227,mem_005227,AT,card,,active,2025-02-19 19:29:02
w_005228,mem_005228,AT,sdd,organic,active,2025-09-21 21:59:21
w_005229,mem_005229,DE,sdd,paid_social,active,2025-05-11 15:33:47
w_005230,mem_005230,DE,sdd,paid_social,active,2025-01-03 18:19:11
w_005231,mem_005231,SI,sdd,referral,active,2025-01-18 04:32:25
w_005232,mem_005232,DE,sdd,paid_social,active,2025-11-18 11:36:52
w_005233,,AT,card,paid_social,active,2025-03-22 15:02:21
w_005234,mem_005234,DE,sdd,organic,active,2025-08-23 15:20:24
w_005235,mem_005235,AT,card,organic,active,2025-09-13 00:34:48
w_005236,mem_005236,DE,sdd,search,active,2025-11-03 22:37:01
w_005237,mem_005237,AT,card,referral,active,2025-02-01 16:44:57
w_005238,mem_005238,AT,sdd,organic,active,2025-04-29 19:06:42
w_005239,mem_005239,IT,card,paid_social,active,2025-11-06 00:25:48
w_005240,mem_005240,IT,card,organic,blocked,2025-03-30 04:33:14
w_005241,mem_005241,AT,card,search,active,2025-06-17 19:47:59
w_005242,mem_005242,AT,card,paid_social,active,2025-11-04 12:19:45
w_005243,mem_005243,DE,sdd,organic,active,2025-10-04 07:05:42
w_005244,mem_005244,CH,sdd,organic,active,2025-07-26 02:19:28
w_005245,mem_005245,AT,sdd,referral,active,2025-10-03 22:50:59
w_005246,mem_005246,DE,card,paid_social,active,2025-07-13 20:19:55
w_005247,mem_005247,AT,card,organic,active,2025-07-10 16:51:49
w_005248,mem_005248,DE,sdd,organic,active,2025-03-04 04:58:05
w_005249,mem_005249,AT,sdd,organic,active,2025-12-08 16:36:21
w_005250,mem_005250,AT,sdd,paid_social,churned,2025-12-08 03:04:53
w_005251,mem_005251,AT,sdd,organic,active,2025-06-28 13:56:31
w_005252,mem_005252,DE,sdd,organic,churned,2025-05-30 12:25:19
w_005253,mem_005253,AT,card,search,active,2025-06-24 11:36:01
w_005254,mem_005254,DE,sdd,organic,active,2025-02-16 15:50:37
w_005255,mem_005255,DE,card,paid_social,active,2025-11-18 22:46:47
w_005256,mem_005256,DE,sdd,referral,active,2025-07-06 17:01:14
w_005257,mem_005257,AT,sdd,search,active,2025-03-25 16:32:49
w_005258,mem_005258,DE,card,organic,active,2025-09-08 01:05:19
w_005259,mem_005259,AT,sdd,paid_social,churned,2025-06-06 05:40:24
w_005260,mem_005260,DE,sdd,,active,2025-03-31 22:47:25
w_005261,mem_005261,IT,card,organic,active,2025-07-22 08:32:54
w_005262,mem_005262,IT,sdd,organic,churned,2025-07-22 06:43:05
w_005263,mem_005263,AT,sdd,paid_social,active,2025-04-12 12:18:55
w_005264,mem_005264,AT,card,partner,active,2025-02-04 07:27:55
w_005265,mem_005265,DE,sdd,paid_social,active,2025-11-03 12:39:56
w_005266,mem_005266,DE,card,search,churned,2025-05-12 06:51:34
w_005267,mem_005267,AT,card,paid_social,churned,2025-10-03 15:21:02
w_005268,mem_005268,DE,sdd,partner,active,2025-10-21 02:21:55
w_005269,mem_005269,DE,sdd,paid_social,active,2025-06-02 23:12:00
w_005270,mem_005270,AT,card,organic,active,2025-07-04 22:53:14
w_005271,mem_005271,AT,card,referral,active,2025-11-20 16:18:32
w_005272,mem_005272,AT,sdd,paid_social,churned,2025-03-27 11:05:48
w_005273,mem_005273,IT,sdd,referral,active,2025-04-26 15:30:43
w_005274,mem_005274,DE,sdd,organic,active,2025-01-06 01:02:19
w_005275,,AT,sdd,,active,2025-02-06 11:55:40
w_005276,mem_005276,DE,sdd,referral,active,2025-04-30 13:04:07
w_005277,,DE,sdd,search,churned,2025-10-22 10:23:00
w_005278,mem_005278,CH,card,partner,active,2025-07-23 17:23:18
w_005279,mem_005279,AT,card,,active,2025-04-08 03:00:03
w_005280,mem_005280,AT,card,organic,churned,2025-09-13 19:17:02
w_005281,mem_005281,DE,card,paid_social,active,2025-09-14 21:26:44
w_005282,mem_005282,AT,card,organic,active,2025-03-31 18:37:38
w_005283,mem_005283,AT,sdd,referral,active,2025-11-08 01:31:15
w_005284,mem_005284,DE,sdd,organic,active,2025-01-23 04:32:07
w_005285,mem_005285,DE,card,search,active,2025-04-14 16:13:23
w_005286,mem_005286,DE,sdd,search,active,2025-05-22 09:03:43
w_005287,,AT,card,organic,active,2025-07-01 07:52:15
w_005288,mem_005288,IT,card,search,active,2025-07-01 04:30:45
w_005289,mem_005289,DE,sdd,paid_social,active,2025-01-02 18:53:49
w_005290,mem_005290,DE,sdd,partner,active,2025-07-28 04:15:42
w_005291,mem_005291,AT,sdd,paid_social,active,2025-07-23 09:39:42
w_005292,mem_005292,IT,sdd,organic,active,2025-07-05 23:11:59
w_005293,mem_005293,DE,sdd,paid_social,churned,2025-09-28 15:12:57
w_005294,mem_005294,AT,sdd,paid_social,active,2025-03-07 07:53:19
w_005295,mem_005295,AT,card,organic,active,2025-11-08 10:27:40
w_005296,mem_005296,AT,card,search,active,2025-05-11 00:21:50
w_005297,mem_005297,AT,sdd,referral,active,2025-09-03 20:06:39
w_005298,mem_005298,CH,card,referral,active,2025-10-14 17:14:15
w_005299,mem_005299,DE,sdd,paid_social,active,2025-10-06 10:00:09
w_005300,mem_005300,AT,card,paid_social,active,2025-08-22 05:12:46
w_005301,mem_005301,DE,sdd,organic,active,2025-06-04 17:01:10
w_005302,mem_005302,DE,card,search,active,2025-06-21 05:43:50
w_005303,mem_005303,DE,sdd,paid_social,active,2025-07-07 04:55:59
w_005304,mem_005304,DE,sdd,paid_social,active,2025-12-26 04:48:45
w_005305,mem_005305,AT,card,search,active,2025-05-28 11:45:29
w_005306,mem_005306,AT,card,organic,active,2025-01-12 07:56:09
w_005307,,AT,card,referral,blocked,2025-05-17 14:31:49
w_005308,,IT,card,paid_social,active,2025-11-22 14:44:36
w_005309,mem_005309,DE,sdd,organic,active,2025-07-20 14:21:52
w_005310,mem_005310,DE,sdd,,active,2025-04-24 03:35:29
w_005311,mem_005311,DE,sdd,organic,active,2025-11-03 07:03:17
w_005312,mem_005312,AT,card,referral,churned,2025-11-29 20:51:36
w_005313,mem_005313,IT,card,search,active,2025-04-13 16:54:41
w_005314,mem_005314,IT,sdd,referral,active,2025-04-21 04:03:45
w_005315,,AT,card,organic,active,2025-06-19 09:46:40
w_005316,mem_005316,DE,sdd,paid_social,active,2025-06-02 03:16:58
w_005317,mem_005317,AT,card,paid_social,active,2025-07-02 06:29:50
w_005318,mem_005318,DE,card,organic,blocked,2025-04-13 08:47:50
w_005319,mem_005319,AT,card,partner,active,2025-07-03 17:13:26
w_005320,mem_005320,AT,sdd,search,active,2025-09-17 16:33:45
w_005321,mem_005321,DE,sdd,paid_social,blocked,2025-01-12 06:14:14
w_005322,mem_005322,DE,card,organic,active,2025-07-06 18:10:35
w_005323,mem_005323,DE,card,search,active,2025-03-04 02:34:04
w_005324,mem_005324,DE,sdd,referral,active,2025-08-10 08:38:54
w_005325,mem_005325,AT,card,organic,churned,2025-07-22 07:18:03
w_005326,mem_005326,DE,sdd,partner,active,2025-12-21 17:16:36
w_005327,mem_005327,DE,card,referral,active,2025-07-16 03:10:03
w_005328,mem_005328,AT,sdd,paid_social,active,2025-10-20 18:15:22
w_005329,mem_005329,DE,card,referral,churned,2025-01-16 20:33:20
w_005330,mem_005330,DE,sdd,organic,active,2025-04-28 01:09:54
w_005331,mem_005331,DE,sdd,search,active,2025-04-09 18:17:46
w_005332,mem_005332,IT,card,referral,active,2025-09-14 07:01:55
w_005333,mem_005333,AT,sdd,paid_social,active,2025-07-06 02:33:01
w_005334,mem_005334,DE,sdd,,active,2025-12-04 12:55:30
w_005335,mem_005335,DE,sdd,search,active,2025-04-06 10:07:54
w_005336,mem_005336,SI,card,paid_social,churned,2025-07-15 04:20:44
w_005337,mem_005337,DE,sdd,organic,active,2025-09-13 22:13:22
w_005338,mem_005338,DE,sdd,organic,active,2025-03-14 07:25:11
w_005339,mem_005339,DE,card,organic,active,2025-10-04 23:56:02
w_005340,mem_005340,DE,card,referral,active,2025-05-21 10:23:04
w_005341,mem_005341,AT,sdd,referral,active,2025-08-21 06:51:03
w_005342,mem_005342,IT,sdd,organic,active,2025-12-13 05:41:19
w_005343,mem_005343,DE,card,search,active,2025-01-02 05:59:06
w_005344,mem_005344,IT,card,organic,active,2025-04-17 20:50:58
w_005345,,SI,card,organic,active,2025-03-05 10:33:17
w_005346,mem_005346,AT,sdd,organic,active,2025-08-05 20:54:33
w_005347,mem_005347,SI,card,partner,active,2025-07-26 11:48:13
w_005348,mem_005348,DE,sdd,referral,active,2025-02-19 01:20:33
w_005349,mem_005349,CH,sdd,paid_social,churned,2025-08-09 01:14:19
w_005350,mem_005350,AT,card,paid_social,churned,2025-10-03 06:38:57
w_005351,mem_005351,DE,card,organic,active,2025-06-23 15:00:09
w_005352,mem_005352,AT,card,paid_social,active,2025-10-06 08:02:08
w_005353,mem_005353,IT,sdd,paid_social,active,2025-02-02 20:57:18
w_005354,mem_005354,AT,sdd,partner,active,2025-02-23 15:01:43
w_005355,mem_005355,AT,sdd,paid_social,blocked,2025-07-15 21:45:07
w_005356,mem_005356,AT,card,referral,active,2025-07-25 00:04:21
w_005357,,DE,card,search,active,2025-04-05 15:14:49
w_005358,mem_005358,DE,sdd,organic,active,2025-08-30 00:11:02
w_005359,mem_005359,DE,sdd,organic,active,2025-11-07 09:09:04
w_005360,mem_005360,AT,sdd,paid_social,active,2025-10-15 04:10:58
w_005361,mem_005361,AT,sdd,organic,active,2025-09-12 03:30:57
w_005362,mem_005362,CH,sdd,paid_social,active,2025-06-22 06:50:07
w_005363,mem_005363,AT,sdd,paid_social,churned,2025-09-28 23:40:46
w_005364,,AT,sdd,paid_social,active,2025-11-30 12:37:23
w_005365,mem_005365,DE,sdd,paid_social,active,2025-05-09 01:21:23
w_005366,mem_005366,AT,card,organic,active,2025-05-25 12:15:34
w_005367,mem_005367,DE,card,organic,active,2025-07-19 17:45:27
w_005368,mem_005368,DE,card,search,active,2025-08-20 12:22:55
w_005369,mem_005369,DE,sdd,referral,churned,2025-12-13 16:38:06
w_005370,mem_005370,DE,card,paid_social,active,2025-06-11 13:54:38
w_005371,mem_005371,IT,card,paid_social,active,2025-02-21 11:39:32
w_005372,mem_005372,AT,sdd,organic,active,2025-03-01 19:44:18
w_005373,mem_005373,DE,sdd,organic,active,2025-06-24 22:03:41
w_005374,mem_005374,AT,sdd,paid_social,active,2025-10-31 18:59:27
w_005375,mem_005375,AT,sdd,organic,active,2025-05-20 23:36:29
w_005376,mem_005376,CH,card,organic,active,2025-09-01 17:47:47
w_005377,mem_005377,DE,card,paid_social,active,2025-05-12 15:34:03
w_005378,mem_005378,AT,sdd,organic,blocked,2025-08-30 17:59:58
w_005379,mem_005379,SI,sdd,paid_social,active,2025-02-17 18:41:08
w_005380,mem_005380,DE,sdd,organic,churned,2025-09-13 13:15:26
w_005381,mem_005381,AT,card,search,active,2025-11-15 14:25:22
w_005382,,DE,sdd,organic,active,2025-02-05 14:18:45
w_005383,mem_005383,DE,sdd,organic,active,2025-02-04 11:37:26
w_005384,mem_005384,AT,sdd,paid_social,active,2025-09-01 00:23:12
w_005385,mem_005385,SI,card,referral,active,2025-01-18 22:51:22
w_005386,,SI,sdd,paid_social,active,2025-06-13 04:51:52
w_005387,mem_005387,AT,sdd,search,active,2025-05-17 00:39:56
w_005388,mem_005388,AT,card,organic,active,2025-08-03 07:46:55
w_005389,mem_005389,DE,sdd,referral,active,2025-03-04 19:44:39
w_005390,mem_005390,DE,sdd,organic,churned,2025-04-03 04:23:48
w_005391,,AT,card,paid_social,active,2025-12-20 06:31:30
w_005392,mem_005392,AT,sdd,organic,churned,2025-03-07 20:24:39
w_005393,mem_005393,DE,card,paid_social,churned,2025-04-26 09:40:40
w_005394,mem_005394,CH,card,search,active,2025-06-25 20:27:20
w_005395,,DE,sdd,organic,active,2025-10-15 01:21:39
w_005396,mem_005396,DE,sdd,search,active,2025-10-16 11:56:13
w_005397,mem_005397,DE,card,search,active,2025-04-30 05:01:09
w_005398,mem_005398,IT,sdd,paid_social,active,2025-10-25 02:09:57
w_005399,mem_005399,DE,sdd,paid_social,active,2025-11-01 19:45:25
w_005400,mem_005400,AT,sdd,paid_social,active,2025-11-28 22:43:52
w_005401,mem_005401,AT,card,,churned,2025-02-04 07:07:42
w_005402,mem_005402,AT,sdd,search,active,2025-08-09 23:48:21
w_005403,mem_005403,DE,sdd,organic,active,2025-06-06 15:43:51
w_005404,mem_005404,AT,card,paid_social,active,2025-05-28 03:10:53
w_005405,mem_005405,AT,sdd,,churned,2025-05-26 15:32:44
w_005406,,DE,sdd,search,blocked,2025-07-21 16:47:32
w_005407,mem_005407,DE,card,,active,2025-08-12 21:43:41
w_005408,mem_005408,DE,sdd,organic,active,2025-09-08 17:26:51
w_005409,mem_005409,DE,sdd,,active,2025-07-01 15:22:36
w_005410,mem_005410,DE,card,referral,active,2025-09-20 08:01:20
w_005411,mem_005411,AT,card,search,active,2025-07-22 06:27:20
w_005412,mem_005412,CH,sdd,search,active,2025-05-08 07:51:28
w_005413,mem_005413,CH,card,search,active,2025-09-15 07:48:30
w_005414,mem_005414,AT,card,organic,active,2025-06-28 19:00:14
w_005415,mem_005415,DE,sdd,paid_social,churned,2025-11-27 00:03:12
w_005416,mem_005416,AT,sdd,organic,active,2025-09-06 05:17:15
w_005417,,AT,sdd,organic,active,2025-07-01 07:45:00
w_005418,mem_005418,AT,sdd,,active,2025-04-08 14:22:57
w_005419,mem_005419,DE,card,organic,active,2025-07-18 02:29:28
w_005420,mem_005420,AT,card,paid_social,active,2025-04-07 22:04:14
w_005421,,AT,sdd,organic,active,2025-09-13 07:23:08
w_005422,mem_005422,DE,card,,active,2025-12-08 10:01:48
w_005423,mem_005423,DE,card,paid_social,active,2025-12-21 08:34:02
w_005424,mem_005424,AT,sdd,referral,churned,2025-06-14 09:34:28
w_005425,,AT,sdd,organic,active,2025-10-06 07:47:49
w_005426,mem_005426,DE,card,search,active,2025-01-16 18:01:16
w_005427,,AT,sdd,organic,active,2025-07-10 17:03:45
w_005428,mem_005428,IT,sdd,search,active,2025-06-28 07:23:01
w_005429,mem_005429,AT,sdd,organic,active,2025-06-07 20:11:40
w_005430,mem_005430,AT,sdd,organic,active,2025-03-11 23:29:44
w_005431,mem_005431,AT,sdd,search,active,2025-05-03 22:16:24
w_005432,mem_005432,DE,sdd,organic,active,2025-09-01 16:49:40
w_005433,,AT,card,organic,active,2025-06-16 06:14:37
w_005434,mem_005434,AT,card,search,active,2025-06-05 21:49:02
w_005435,mem_005435,SI,sdd,organic,active,2025-02-12 19:25:41
w_005436,mem_005436,AT,sdd,paid_social,active,2025-02-02 02:40:34
w_005437,mem_005437,AT,sdd,organic,active,2025-06-09 16:58:27
w_005438,mem_005438,AT,card,organic,active,2025-06-10 17:06:07
w_005439,mem_005439,DE,sdd,organic,active,2025-05-07 13:15:56
w_005440,mem_005440,DE,sdd,search,blocked,2025-04-04 23:10:38
w_005441,,AT,card,search,blocked,2025-02-13 18:45:46
w_005442,mem_005442,AT,card,organic,active,2025-09-24 02:23:04
w_005443,mem_005443,AT,sdd,search,churned,2025-01-30 12:30:51
w_005444,mem_005444,IT,card,paid_social,active,2025-06-26 04:13:52
w_005445,mem_005445,DE,card,organic,active,2025-11-06 00:50:30
w_005446,mem_005446,DE,card,,active,2025-12-02 22:44:51
w_005447,mem_005447,IT,card,referral,active,2025-12-05 05:07:22
w_005448,mem_005448,DE,sdd,organic,active,2025-03-15 03:30:25
w_005449,mem_005449,DE,sdd,partner,active,2025-06-03 18:28:23
w_005450,mem_005450,AT,sdd,organic,active,2025-05-09 12:22:32
w_005451,mem_005451,DE,sdd,organic,active,2025-10-28 21:47:57
w_005452,mem_005452,AT,sdd,paid_social,active,2025-05-03 17:55:11
w_005453,mem_005453,DE,sdd,paid_social,active,2025-04-07 05:47:04
w_005454,mem_005454,DE,card,organic,active,2025-10-27 21:51:17
w_005455,mem_005455,DE,card,organic,active,2025-11-15 07:31:17
w_005456,,AT,sdd,search,active,2025-06-24 08:44:04
w_005457,mem_005457,IT,sdd,referral,active,2025-10-17 23:39:49
w_005458,mem_005458,IT,sdd,organic,blocked,2025-08-30 17:10:47
w_005459,mem_005459,DE,sdd,search,active,2025-12-20 20:38:30
w_005460,mem_005460,DE,card,paid_social,active,2025-07-29 08:33:37
w_005461,mem_005461,DE,card,search,active,2025-05-18 17:10:01
w_005462,,SI,card,search,active,2025-04-03 19:27:10
w_005463,mem_005463,AT,card,organic,active,2025-12-13 14:30:58
w_005464,mem_005464,AT,card,organic,active,2025-10-06 15:20:47
w_005465,,IT,card,organic,active,2025-07-14 00:18:28
w_005466,mem_005466,AT,card,paid_social,active,2025-05-17 01:49:47
w_005467,mem_005467,AT,card,paid_social,active,2025-02-27 23:02:12
w_005468,mem_005468,AT,sdd,paid_social,churned,2025-09-15 20:25:58
w_005469,mem_005469,DE,card,paid_social,active,2025-06-02 05:18:34
w_005470,mem_005470,AT,card,organic,active,2025-09-11 10:14:03
w_005471,mem_005471,IT,card,search,churned,2025-01-11 02:59:02
w_005472,mem_005472,DE,card,organic,active,2025-11-15 02:24:04
w_005473,,CH,sdd,search,active,2025-02-15 15:33:12
w_005474,mem_005474,IT,sdd,paid_social,active,2025-08-17 05:09:19
w_005475,mem_005475,AT,sdd,referral,active,2025-09-11 20:44:38
w_005476,mem_005476,CH,card,referral,active,2025-09-16 22:45:48
w_005477,mem_005477,IT,card,organic,active,2025-07-23 10:56:30
w_005478,mem_005478,AT,sdd,partner,active,2025-09-18 14:24:08
w_005479,mem_005479,DE,card,partner,active,2025-02-10 20:21:36
w_005480,mem_005480,DE,card,,churned,2025-04-29 19:16:32
w_005481,mem_005481,DE,card,search,active,2025-05-21 14:14:34
w_005482,,CH,sdd,organic,blocked,2025-02-27 23:32:35
w_005483,mem_005483,IT,card,referral,churned,2025-06-05 20:05:26
w_005484,mem_005484,DE,sdd,organic,active,2025-11-06 13:19:46
w_005485,mem_005485,DE,card,search,active,2025-07-12 14:57:12
w_005486,mem_005486,DE,card,search,active,2025-06-11 14:00:36
w_005487,mem_005487,DE,card,paid_social,active,2025-07-10 07:43:51
w_005488,mem_005488,DE,card,referral,blocked,2025-08-24 19:38:00
w_005489,mem_005489,DE,sdd,referral,active,2025-05-10 08:38:45
w_005490,mem_005490,AT,card,search,active,2025-08-18 05:34:20
w_005491,mem_005491,CH,sdd,paid_social,active,2025-08-26 12:50:33
w_005492,mem_005492,DE,card,,active,2025-02-27 18:01:13
w_005493,mem_005493,DE,sdd,organic,active,2025-08-12 09:12:55
w_005494,mem_005494,AT,card,paid_social,active,2025-10-24 23:06:19
w_005495,mem_005495,DE,sdd,organic,active,2025-07-20 05:44:11
w_005496,mem_005496,AT,card,organic,active,2025-05-09 17:38:37
w_005497,mem_005497,DE,sdd,paid_social,active,2025-08-02 03:45:05
w_005498,mem_005498,AT,card,organic,active,2025-06-06 14:23:05
w_005499,mem_005499,AT,card,organic,active,2025-03-31 14:49:22
w_005500,mem_005500,CH,sdd,organic,active,2025-09-08 09:52:12
w_005501,mem_005501,IT,sdd,search,active,2025-09-10 19:58:14
w_005502,,DE,card,search,active,2025-09-09 19:16:13
w_005503,mem_005503,AT,sdd,organic,active,2025-10-31 07:12:42
w_005504,mem_005504,AT,sdd,partner,active,2025-04-28 00:01:20
w_005505,,AT,card,organic,active,2025-01-30 16:57:06
w_005506,mem_005506,DE,card,organic,active,2025-06-28 10:10:20
w_005507,mem_005507,DE,card,organic,active,2025-08-18 17:24:16
w_005508,mem_005508,AT,sdd,partner,active,2025-08-26 14:29:41
w_005509,mem_005509,DE,sdd,organic,active,2025-11-04 04:34:31
w_005510,mem_005510,CH,card,organic,active,2025-08-11 09:17:56
w_005511,mem_005511,AT,sdd,search,active,2025-11-08 09:55:40
w_005512,mem_005512,DE,sdd,search,active,2025-10-30 17:40:11
w_005513,mem_005513,AT,sdd,organic,churned,2025-02-28 08:27:57
w_005514,mem_005514,DE,card,referral,active,2025-07-31 22:16:09
w_005515,mem_005515,IT,card,paid_social,active,2025-03-25 03:48:59
w_005516,mem_005516,DE,card,organic,active,2025-05-05 15:33:34
w_005517,mem_005517,AT,sdd,paid_social,active,2025-05-07 04:45:38
w_005518,mem_005518,DE,card,search,churned,2025-09-07 17:26:01
w_005519,mem_005519,CH,card,organic,active,2025-03-04 16:05:30
w_005520,,AT,sdd,referral,active,2025-03-05 04:09:38
w_005521,mem_005521,AT,card,paid_social,active,2025-11-04 23:43:51
w_005522,mem_005522,DE,sdd,organic,blocked,2025-01-02 12:57:57
w_005523,mem_005523,CH,card,partner,churned,2025-04-18 06:19:20
w_005524,mem_005524,AT,card,paid_social,active,2025-11-20 13:59:19
w_005525,mem_005525,DE,card,organic,churned,2025-11-06 04:14:53
w_005526,mem_005526,AT,sdd,organic,active,2025-08-13 12:11:16
w_005527,mem_005527,AT,card,organic,active,2025-09-03 14:27:32
w_005528,mem_005528,AT,sdd,partner,active,2025-09-03 20:59:39
w_005529,mem_005529,AT,card,partner,active,2025-05-12 01:07:18
w_005530,mem_005530,AT,sdd,search,active,2025-04-15 18:50:08
w_005531,mem_005531,CH,card,organic,active,2025-01-05 18:57:08
w_005532,mem_005532,AT,sdd,referral,active,2025-12-18 09:15:42
w_005533,mem_005533,DE,card,referral,active,2025-02-08 09:51:04
w_005534,mem_005534,AT,sdd,referral,active,2025-03-11 00:05:21
w_005535,mem_005535,AT,card,partner,active,2025-02-15 02:31:59
w_005536,mem_005536,AT,card,organic,active,2025-04-15 23:42:07
w_005537,mem_005537,AT,card,organic,active,2025-07-19 07:38:41
w_005538,mem_005538,AT,sdd,organic,active,2025-02-16 23:46:29
w_005539,mem_005539,DE,card,organic,active,2025-03-05 00:39:06
w_005540,mem_005540,DE,sdd,,active,2025-08-29 12:06:22
w_005541,mem_005541,AT,sdd,organic,active,2025-07-19 10:04:17
w_005542,mem_005542,IT,sdd,referral,active,2025-07-30 16:07:03
w_005543,mem_005543,DE,sdd,paid_social,active,2025-06-27 12:07:40
w_005544,mem_005544,SI,card,organic,active,2025-04-17 01:34:33
w_005545,mem_005545,AT,sdd,organic,active,2025-02-28 01:45:08
w_005546,mem_005546,AT,sdd,search,active,2025-07-20 22:21:11
w_005547,mem_005547,AT,sdd,partner,churned,2025-10-26 01:38:31
w_005548,mem_005548,DE,card,organic,active,2025-01-05 19:17:43
w_005549,mem_005549,AT,sdd,search,active,2025-03-09 15:14:44
w_005550,mem_005550,CH,card,partner,active,2025-01-04 21:27:52
w_005551,mem_005551,IT,card,paid_social,active,2025-03-03 17:17:51
w_005552,mem_005552,CH,sdd,,active,2025-01-12 12:14:40
w_005553,mem_005553,DE,card,partner,active,2025-09-14 18:02:14
w_005554,mem_005554,AT,sdd,search,active,2025-10-03 02:05:53
w_005555,mem_005555,AT,sdd,organic,blocked,2025-12-02 23:53:12
w_005556,mem_005556,AT,card,referral,active,2025-11-05 03:52:43
w_005557,mem_005557,AT,card,search,active,2025-12-09 17:12:50
w_005558,mem_005558,CH,sdd,paid_social,active,2025-08-21 08:59:41
w_005559,mem_005559,AT,card,paid_social,active,2025-02-23 10:14:15
w_005560,mem_005560,DE,card,paid_social,active,2025-11-11 21:24:58
w_005561,mem_005561,DE,card,referral,active,2025-11-24 18:40:48
w_005562,mem_005562,DE,card,organic,active,2025-05-04 21:52:45
w_005563,mem_005563,DE,card,referral,churned,2025-07-18 13:33:41
w_005564,mem_005564,DE,sdd,partner,active,2025-10-29 18:46:58
w_005565,mem_005565,DE,sdd,partner,active,2025-10-14 10:52:18
w_005566,mem_005566,DE,card,paid_social,active,2025-06-27 07:53:50
w_005567,mem_005567,DE,card,referral,active,2025-01-28 11:41:05
w_005568,mem_005568,DE,card,paid_social,active,2025-09-10 17:54:06
w_005569,mem_005569,DE,sdd,paid_social,active,2025-11-13 13:14:36
w_005570,mem_005570,CH,card,referral,churned,2025-10-08 20:50:43
w_005571,mem_005571,AT,sdd,paid_social,churned,2025-08-25 16:13:16
w_005572,mem_005572,DE,sdd,partner,active,2025-06-11 14:47:10
w_005573,mem_005573,AT,card,organic,active,2025-11-12 07:08:43
w_005574,mem_005574,AT,card,referral,active,2025-04-19 12:52:58
w_005575,mem_005575,IT,card,search,active,2025-05-11 17:46:36
w_005576,,DE,sdd,referral,active,2025-08-26 19:21:49
w_005577,mem_005577,CH,sdd,paid_social,active,2025-02-12 14:47:37
w_005578,mem_005578,SI,card,paid_social,active,2025-04-30 20:34:11
w_005579,mem_005579,AT,card,search,active,2025-06-06 02:00:19
w_005580,,CH,card,organic,active,2025-04-08 19:01:42
w_005581,mem_005581,DE,sdd,search,blocked,2025-04-12 06:58:14
w_005582,mem_005582,DE,card,search,active,2025-12-04 05:50:35
w_005583,mem_005583,AT,sdd,paid_social,active,2025-03-08 23:42:55
w_005584,mem_005584,DE,card,search,active,2025-12-11 09:58:32
w_005585,mem_005585,DE,card,search,active,2025-05-18 05:02:20
w_005586,mem_005586,AT,sdd,search,active,2025-12-07 17:16:13
w_005587,mem_005587,DE,card,organic,active,2025-08-14 18:31:13
w_005588,mem_005588,AT,card,partner,churned,2025-04-29 18:23:08
w_005589,mem_005589,AT,card,search,active,2025-07-27 18:55:30
w_005590,mem_005590,AT,card,organic,active,2025-05-10 20:10:28
w_005591,mem_005591,IT,sdd,paid_social,active,2025-11-13 03:23:36
w_005592,mem_005592,DE,card,organic,active,2025-08-01 11:43:47
w_005593,mem_005593,AT,sdd,paid_social,active,2025-07-14 11:47:33
w_005594,mem_005594,AT,card,paid_social,churned,2025-02-22 07:38:37
w_005595,mem_005595,AT,sdd,paid_social,active,2025-06-23 01:26:01
w_005596,mem_005596,AT,card,,churned,2025-08-11 21:31:48
w_005597,mem_005597,DE,sdd,organic,active,2025-04-19 18:45:40
w_005598,mem_005598,AT,card,search,active,2025-04-29 14:51:50
w_005599,mem_005599,AT,sdd,organic,active,2025-04-25 06:24:39
w_005600,mem_005600,DE,card,organic,active,2025-04-02 00:53:12
w_005601,mem_005601,AT,card,referral,churned,2025-10-07 21:53:32
w_005602,mem_005602,IT,card,organic,active,2025-08-20 18:32:31
w_005603,mem_005603,AT,sdd,search,active,2025-02-03 01:03:46
w_005604,mem_005604,DE,card,partner,churned,2025-12-13 02:47:38
w_005605,mem_005605,DE,card,search,active,2025-11-16 16:30:48
w_005606,mem_005606,AT,card,referral,active,2025-03-26 13:27:40
w_005607,mem_005607,DE,card,search,active,2025-02-02 15:09:56
w_005608,mem_005608,AT,sdd,referral,active,2025-01-17 04:51:22
w_005609,mem_005609,CH,card,organic,active,2025-05-04 22:05:20
w_005610,mem_005610,AT,sdd,paid_social,active,2025-10-14 01:05:33
w_005611,,DE,sdd,organic,churned,2025-09-24 06:10:16
w_005612,,IT,sdd,paid_social,active,2025-09-21 01:13:37
w_005613,mem_005613,CH,sdd,,active,2025-05-04 21:16:47
w_005614,mem_005614,DE,sdd,partner,active,2025-09-05 14:29:25
w_005615,mem_005615,AT,sdd,organic,active,2025-11-18 06:25:25
w_005616,mem_005616,DE,sdd,search,active,2025-08-07 20:34:51
w_005617,mem_005617,AT,sdd,referral,active,2025-12-15 03:06:13
w_005618,mem_005618,DE,sdd,referral,active,2025-10-26 03:44:45
w_005619,mem_005619,DE,card,referral,active,2025-05-15 12:21:31
w_005620,mem_005620,AT,card,partner,active,2025-04-14 16:26:04
w_005621,mem_005621,DE,card,search,active,2025-10-03 00:57:43
w_005622,mem_005622,IT,card,partner,active,2025-07-28 22:57:28
w_005623,mem_005623,DE,sdd,organic,active,2025-02-22 14:14:43
w_005624,mem_005624,CH,sdd,search,active,2025-10-30 18:38:27
w_005625,mem_005625,SI,card,organic,churned,2025-05-01 12:43:28
w_005626,mem_005626,DE,card,partner,active,2025-02-11 00:43:46
w_005627,mem_005627,SI,card,paid_social,blocked,2025-04-19 13:01:23
w_005628,mem_005628,AT,sdd,partner,active,2025-06-08 18:48:12
w_005629,mem_005629,CH,sdd,referral,active,2025-02-18 23:10:42
w_005630,mem_005630,AT,sdd,organic,active,2025-08-07 15:04:59
w_005631,mem_005631,AT,sdd,search,active,2025-06-29 21:12:19
w_005632,mem_005632,IT,sdd,organic,active,2025-09-27 02:39:05
w_005633,mem_005633,DE,card,referral,active,2025-04-30 14:22:26
w_005634,mem_005634,IT,card,search,active,2025-07-07 12:48:38
w_005635,mem_005635,SI,sdd,organic,active,2025-09-06 04:43:28
w_005636,mem_005636,DE,card,paid_social,active,2025-06-30 05:08:33
w_005637,mem_005637,AT,sdd,search,active,2025-04-12 09:49:53
w_005638,mem_005638,AT,sdd,paid_social,churned,2025-02-17 01:46:39
w_005639,mem_005639,IT,card,referral,active,2025-04-23 00:11:52
w_005640,mem_005640,AT,sdd,referral,active,2025-11-13 17:51:20
w_005641,mem_005641,AT,sdd,search,active,2025-12-15 13:38:52
w_005642,mem_005642,AT,sdd,referral,active,2025-04-16 04:08:57
w_005643,,SI,card,organic,active,2025-04-25 23:05:17
w_005644,mem_005644,DE,sdd,organic,blocked,2025-02-23 14:55:39
w_005645,mem_005645,AT,card,partner,active,2025-05-11 16:56:23
w_005646,mem_005646,DE,sdd,paid_social,active,2025-09-06 13:57:24
w_005647,mem_005647,AT,sdd,organic,active,2025-08-15 10:29:26
w_005648,mem_005648,IT,card,paid_social,active,2025-09-20 02:29:39
w_005649,mem_005649,AT,sdd,organic,active,2025-04-05 21:27:04
w_005650,mem_005650,DE,card,organic,active,2025-10-28 23:06:08
w_005651,mem_005651,AT,card,paid_social,active,2025-10-24 21:10:01
w_005652,mem_005652,IT,sdd,paid_social,active,2025-09-30 13:01:51
w_005653,mem_005653,SI,sdd,organic,active,2025-10-28 14:00:25
w_005654,mem_005654,AT,card,referral,active,2025-09-07 00:00:13
w_005655,mem_005655,AT,sdd,organic,churned,2025-11-27 22:08:19
w_005656,mem_005656,AT,sdd,organic,active,2025-08-04 14:28:14
w_005657,mem_005657,IT,sdd,paid_social,active,2025-09-18 01:42:45
w_005658,,AT,card,referral,active,2025-05-11 12:20:11
w_005659,mem_005659,CH,card,search,active,2025-07-17 11:22:46
w_005660,mem_005660,AT,sdd,organic,active,2025-05-21 02:04:53
w_005661,mem_005661,DE,sdd,partner,active,2025-10-01 07:22:16
w_005662,mem_005662,AT,sdd,organic,active,2025-08-08 14:47:01
w_005663,,DE,card,partner,active,2025-01-21 12:46:52
w_005664,mem_005664,SI,card,paid_social,active,2025-06-01 12:41:27
w_005665,mem_005665,DE,card,search,active,2025-05-22 18:06:21
w_005666,mem_005666,AT,card,organic,active,2025-08-07 10:37:08
w_005667,mem_005667,IT,sdd,organic,active,2025-02-09 02:22:00
w_005668,mem_005668,DE,card,organic,churned,2025-05-20 23:44:39
w_005669,mem_005669,SI,card,search,active,2025-10-21 11:19:06
w_005670,mem_005670,DE,sdd,organic,active,2025-02-24 21:20:30
w_005671,mem_005671,IT,card,organic,churned,2025-02-22 20:19:10
w_005672,mem_005672,AT,sdd,referral,active,2025-02-18 07:15:38
w_005673,mem_005673,DE,sdd,referral,churned,2025-03-31 18:22:24
w_005674,mem_005674,CH,card,paid_social,active,2025-08-21 00:58:46
w_005675,mem_005675,AT,sdd,search,active,2025-08-11 14:40:44
w_005676,mem_005676,DE,sdd,search,active,2025-08-18 17:27:44
w_005677,mem_005677,DE,sdd,paid_social,blocked,2025-08-23 18:19:11
w_005678,mem_005678,DE,card,paid_social,active,2025-07-16 22:16:19
w_005679,mem_005679,DE,sdd,search,active,2025-12-06 11:02:00
w_005680,mem_005680,CH,sdd,organic,active,2025-07-25 11:25:00
w_005681,mem_005681,IT,card,paid_social,active,2025-03-24 19:53:17
w_005682,mem_005682,AT,sdd,referral,churned,2025-02-09 18:05:00
w_005683,mem_005683,AT,sdd,organic,churned,2025-01-16 16:52:51
w_005684,mem_005684,SI,card,paid_social,active,2025-08-03 13:02:03
w_005685,mem_005685,DE,card,organic,active,2025-02-22 18:16:53
w_005686,mem_005686,AT,sdd,search,active,2025-10-28 23:00:36
w_005687,mem_005687,DE,card,paid_social,churned,2025-07-24 05:38:19
w_005688,mem_005688,DE,sdd,organic,active,2025-07-07 00:05:02
w_005689,mem_005689,SI,sdd,search,active,2025-12-20 15:54:26
w_005690,mem_005690,AT,sdd,search,active,2025-02-21 17:27:22
w_005691,,AT,sdd,paid_social,churned,2025-03-14 15:57:45
w_005692,mem_005692,AT,card,referral,active,2025-07-10 04:29:39
w_005693,mem_005693,DE,card,,churned,2025-09-28 15:39:18
w_005694,mem_005694,DE,sdd,paid_social,active,2025-12-26 19:05:28
w_005695,mem_005695,AT,card,paid_social,active,2025-04-07 13:21:56
w_005696,mem_005696,DE,card,paid_social,active,2025-01-26 10:26:31
w_005697,mem_005697,DE,card,partner,active,2025-07-04 23:31:36
w_005698,mem_005698,SI,card,organic,active,2025-02-10 22:52:06
w_005699,mem_005699,AT,card,organic,active,2025-02-03 06:10:32
w_005700,mem_005700,AT,card,partner,churned,2025-09-26 02:19:53
w_005701,mem_005701,DE,sdd,organic,active,2025-01-11 09:47:50
w_005702,mem_005702,DE,sdd,organic,active,2025-02-28 13:01:46
w_005703,mem_005703,DE,sdd,organic,active,2025-10-20 12:05:38
w_005704,mem_005704,DE,card,organic,active,2025-08-20 13:04:13
w_005705,,DE,card,referral,active,2025-03-23 10:35:32
w_005706,mem_005706,DE,sdd,referral,active,2025-10-08 05:37:27
w_005707,mem_005707,CH,sdd,organic,active,2025-03-18 18:42:16
w_005708,mem_005708,AT,sdd,organic,blocked,2025-06-18 12:41:44
w_005709,mem_005709,AT,sdd,organic,active,2025-03-07 17:59:25
w_005710,mem_005710,DE,sdd,referral,active,2025-06-22 07:36:03
w_005711,mem_005711,AT,card,referral,active,2025-07-08 04:44:44
w_005712,mem_005712,AT,card,partner,active,2025-08-12 07:45:52
w_005713,mem_005713,DE,card,organic,active,2025-03-10 08:12:38
w_005714,mem_005714,AT,card,organic,churned,2025-03-11 02:54:24
w_005715,mem_005715,SI,sdd,paid_social,active,2025-09-25 21:23:23
w_005716,mem_005716,DE,card,partner,churned,2025-10-25 06:21:08
w_005717,mem_005717,AT,sdd,organic,blocked,2025-02-26 19:01:25
w_005718,mem_005718,AT,sdd,search,active,2025-12-04 19:18:12
w_005719,mem_005719,AT,sdd,paid_social,active,2025-10-05 14:59:46
w_005720,mem_005720,DE,sdd,search,blocked,2025-09-21 14:43:45
w_005721,mem_005721,DE,sdd,referral,churned,2025-09-28 11:36:06
w_005722,mem_005722,IT,sdd,referral,active,2025-10-19 19:54:51
w_005723,mem_005723,DE,sdd,paid_social,active,2025-06-16 12:37:34
w_005724,mem_005724,DE,sdd,,active,2025-07-28 22:17:27
w_005725,mem_005725,AT,card,paid_social,blocked,2025-04-19 06:02:30
w_005726,mem_005726,CH,sdd,organic,churned,2025-09-18 04:48:12
w_005727,mem_005727,AT,sdd,referral,active,2025-06-20 07:29:13
w_005728,mem_005728,DE,sdd,paid_social,active,2025-03-20 00:34:48
w_005729,mem_005729,DE,card,search,active,2025-08-14 05:06:22
w_005730,mem_005730,SI,card,partner,active,2025-11-20 18:27:17
w_005731,mem_005731,AT,sdd,organic,active,2025-03-03 18:19:03
w_005732,mem_005732,SI,sdd,organic,churned,2025-06-01 05:23:53
w_005733,mem_005733,DE,card,paid_social,active,2025-01-11 10:23:23
w_005734,mem_005734,DE,sdd,search,active,2025-08-16 23:01:46
w_005735,,IT,card,search,active,2025-05-28 19:59:04
w_005736,mem_005736,AT,card,organic,active,2025-05-10 13:47:28
w_005737,,AT,card,,churned,2025-03-21 19:45:56
w_005738,mem_005738,AT,card,organic,active,2025-11-16 03:51:53
w_005739,mem_005739,CH,card,search,active,2025-10-12 09:18:35
w_005740,mem_005740,SI,card,search,active,2025-12-03 05:18:29
w_005741,,CH,sdd,organic,active,2025-06-15 12:22:50
w_005742,mem_005742,SI,card,search,active,2025-04-04 01:21:31
w_005743,mem_005743,SI,card,organic,active,2025-01-31 19:32:51
w_005744,mem_005744,DE,card,partner,active,2025-05-31 11:56:29
w_005745,mem_005745,DE,card,partner,active,2025-04-03 13:41:27
w_005746,mem_005746,AT,sdd,organic,active,2025-12-13 10:22:11
w_005747,mem_005747,AT,sdd,search,active,2025-05-26 12:02:59
w_005748,mem_005748,AT,sdd,partner,active,2025-10-09 08:12:22
w_005749,,DE,sdd,paid_social,active,2025-09-01 19:12:56
w_005750,mem_005750,DE,sdd,organic,active,2025-06-12 10:30:40
w_005751,mem_005751,DE,card,partner,active,2025-03-21 14:18:46
w_005752,mem_005752,DE,sdd,paid_social,active,2025-11-14 08:44:41
w_005753,mem_005753,AT,card,organic,blocked,2025-11-16 07:28:01
w_005754,mem_005754,IT,sdd,partner,active,2025-04-17 01:31:01
w_005755,,DE,sdd,partner,active,2025-07-07 13:40:38
w_005756,mem_005756,AT,sdd,referral,active,2025-09-10 09:32:23
w_005757,mem_005757,DE,card,organic,blocked,2025-03-31 14:01:49
w_005758,mem_005758,IT,card,paid_social,active,2025-06-20 22:41:34
w_005759,mem_005759,DE,sdd,paid_social,active,2025-11-13 08:31:04
w_005760,mem_005760,DE,sdd,paid_social,active,2025-04-08 18:05:15
w_005761,mem_005761,AT,sdd,organic,active,2025-10-14 08:59:27
w_005762,mem_005762,AT,sdd,referral,active,2025-05-05 12:43:25
w_005763,mem_005763,DE,sdd,organic,active,2025-07-21 17:13:43
w_005764,mem_005764,AT,sdd,referral,active,2025-05-21 00:58:07
w_005765,mem_005765,CH,sdd,search,active,2025-08-04 03:45:09
w_005766,mem_005766,DE,card,organic,active,2025-07-01 12:36:24
w_005767,mem_005767,AT,card,paid_social,active,2025-01-24 23:07:04
w_005768,,IT,sdd,organic,active,2025-08-15 20:43:51
w_005769,mem_005769,DE,card,organic,active,2025-02-04 13:11:10
w_005770,mem_005770,AT,card,organic,active,2025-01-08 16:43:08
w_005771,mem_005771,DE,sdd,paid_social,active,2025-01-09 07:56:57
w_005772,mem_005772,AT,sdd,paid_social,active,2025-05-25 06:55:00
w_005773,mem_005773,CH,sdd,referral,active,2025-04-18 08:58:53
w_005774,mem_005774,DE,card,paid_social,active,2025-07-23 05:20:45
w_005775,mem_005775,AT,sdd,paid_social,active,2025-09-10 11:59:41
w_005776,mem_005776,DE,card,referral,churned,2025-06-04 08:11:31
w_005777,mem_005777,IT,sdd,partner,active,2025-03-20 23:12:27
w_005778,mem_005778,DE,sdd,organic,active,2025-07-28 15:03:00
w_005779,mem_005779,AT,card,referral,active,2025-09-23 01:31:01
w_005780,mem_005780,DE,sdd,paid_social,churned,2025-02-13 01:06:34
w_005781,mem_005781,DE,sdd,organic,active,2025-08-23 02:06:18
w_005782,mem_005782,AT,sdd,search,churned,2025-11-08 08:27:24
w_005783,mem_005783,DE,sdd,paid_social,churned,2025-11-21 20:50:16
w_005784,mem_005784,AT,card,organic,churned,2025-11-22 14:59:17
w_005785,mem_005785,DE,sdd,search,active,2025-11-14 04:36:42
w_005786,mem_005786,DE,sdd,organic,active,2025-08-29 20:13:25
w_005787,mem_005787,AT,sdd,search,active,2025-07-29 17:24:42
w_005788,mem_005788,AT,sdd,paid_social,active,2025-11-08 07:55:57
w_005789,mem_005789,IT,card,paid_social,active,2025-11-06 08:00:31
w_005790,mem_005790,AT,sdd,referral,active,2025-03-13 00:29:33
w_005791,mem_005791,AT,sdd,organic,churned,2025-04-02 14:01:04
w_005792,mem_005792,AT,sdd,partner,active,2025-10-12 04:48:25
w_005793,mem_005793,AT,card,referral,active,2025-01-06 15:05:21
w_005794,mem_005794,AT,sdd,organic,active,2025-07-24 16:29:19
w_005795,mem_005795,CH,sdd,organic,active,2025-04-20 22:31:10
w_005796,mem_005796,AT,card,partner,active,2025-01-06 14:59:17
w_005797,,CH,card,search,active,2025-07-20 04:43:40
w_005798,mem_005798,AT,card,organic,active,2025-01-10 11:49:47
w_005799,mem_005799,AT,card,organic,active,2025-12-19 08:38:12
w_005800,mem_005800,CH,card,paid_social,active,2025-05-08 14:15:54
w_005801,mem_005801,AT,sdd,paid_social,active,2025-09-02 12:17:43
w_005802,mem_005802,CH,sdd,organic,active,2025-06-19 22:27:28
w_005803,mem_005803,AT,card,paid_social,active,2025-12-26 21:57:25
w_005804,mem_005804,DE,card,paid_social,active,2025-02-11 01:41:14
w_005805,mem_005805,DE,sdd,organic,active,2025-12-04 20:37:52
w_005806,mem_005806,AT,card,search,churned,2025-01-27 18:53:07
w_005807,mem_005807,DE,sdd,search,active,2025-03-28 10:37:40
w_005808,mem_005808,AT,sdd,organic,active,2025-07-29 13:22:52
w_005809,mem_005809,CH,card,search,active,2025-06-23 09:20:16
w_005810,mem_005810,AT,card,referral,blocked,2025-08-23 04:33:52
w_005811,mem_005811,DE,card,search,active,2025-02-12 13:56:23
w_005812,mem_005812,CH,card,organic,churned,2025-05-03 08:33:20
w_005813,mem_005813,AT,sdd,search,churned,2025-10-15 03:39:52
w_005814,mem_005814,DE,card,organic,active,2025-10-02 06:14:38
w_005815,mem_005815,AT,card,paid_social,active,2025-10-06 12:14:33
w_005816,mem_005816,DE,card,search,active,2025-04-23 15:56:27
w_005817,mem_005817,DE,card,referral,active,2025-08-17 10:47:21
w_005818,,AT,card,paid_social,active,2025-09-03 06:23:06
w_005819,mem_005819,DE,sdd,referral,active,2025-10-06 18:24:36
w_005820,mem_005820,DE,card,organic,active,2025-12-17 11:31:45
w_005821,mem_005821,DE,sdd,organic,active,2025-08-22 15:10:36
w_005822,,DE,card,organic,active,2025-08-17 08:34:19
w_005823,mem_005823,SI,card,partner,active,2025-07-19 19:17:29
w_005824,mem_005824,AT,sdd,referral,active,2025-04-21 04:08:52
w_005825,mem_005825,AT,sdd,organic,active,2025-06-29 15:00:33
w_005826,mem_005826,AT,card,search,active,2025-03-13 09:14:16
w_005827,mem_005827,CH,card,organic,active,2025-06-10 10:27:22
w_005828,mem_005828,AT,sdd,organic,active,2025-10-18 17:07:36
w_005829,,AT,card,search,churned,2025-10-21 17:12:14
w_005830,mem_005830,AT,card,paid_social,active,2025-07-14 01:31:06
w_005831,mem_005831,AT,card,referral,active,2025-08-14 05:12:26
w_005832,mem_005832,AT,card,organic,active,2025-10-26 16:48:47
w_005833,mem_005833,DE,card,organic,active,2025-08-10 02:54:09
w_005834,mem_005834,AT,sdd,organic,churned,2025-08-08 00:25:44
w_005835,mem_005835,AT,card,paid_social,active,2025-05-18 03:22:40
w_005836,mem_005836,AT,sdd,organic,active,2025-02-20 15:59:30
w_005837,mem_005837,DE,sdd,paid_social,active,2025-06-16 20:34:10
w_005838,mem_005838,DE,sdd,organic,active,2025-03-27 16:52:46
w_005839,mem_005839,AT,card,referral,active,2025-10-30 14:19:39
w_005840,mem_005840,AT,sdd,,active,2025-08-24 09:21:44
w_005841,mem_005841,AT,sdd,organic,active,2025-09-17 01:20:15
w_005842,mem_005842,DE,card,organic,active,2025-06-28 23:34:32
w_005843,mem_005843,CH,card,referral,active,2025-01-22 03:22:22
w_005844,mem_005844,DE,sdd,,active,2025-10-19 20:42:52
w_005845,mem_005845,DE,sdd,referral,active,2025-07-16 10:12:36
w_005846,mem_005846,DE,sdd,,active,2025-09-25 03:04:05
w_005847,mem_005847,DE,card,search,active,2025-09-04 03:16:54
w_005848,mem_005848,AT,sdd,search,active,2025-12-18 15:08:36
w_005849,mem_005849,AT,sdd,search,active,2025-06-15 21:32:49
w_005850,mem_005850,AT,sdd,search,churned,2025-02-26 20:00:51
w_005851,mem_005851,DE,card,partner,churned,2025-07-09 11:00:48
w_005852,mem_005852,DE,sdd,referral,active,2025-11-15 11:18:17
w_005853,mem_005853,DE,sdd,organic,active,2025-07-01 13:38:50
w_005854,mem_005854,AT,sdd,partner,active,2025-12-07 21:42:18
w_005855,mem_005855,AT,sdd,paid_social,active,2025-04-26 20:00:17
w_005856,mem_005856,DE,card,search,active,2025-07-19 07:23:19
w_005857,mem_005857,SI,card,organic,active,2025-09-28 01:34:09
w_005858,mem_005858,CH,card,referral,churned,2025-04-08 07:34:34
w_005859,mem_005859,DE,sdd,partner,active,2025-11-06 06:11:06
w_005860,mem_005860,AT,card,organic,active,2025-08-30 09:34:30
w_005861,mem_005861,DE,sdd,organic,active,2025-11-27 03:27:13
w_005862,mem_005862,DE,sdd,paid_social,active,2025-04-07 03:33:23
w_005863,,IT,card,paid_social,active,2025-08-16 10:20:45
w_005864,mem_005864,DE,card,search,active,2025-07-11 18:52:27
w_005865,mem_005865,AT,card,organic,blocked,2025-02-05 08:43:51
w_005866,mem_005866,AT,sdd,organic,active,2025-03-25 12:30:59
w_005867,mem_005867,AT,sdd,search,active,2025-08-14 05:26:04
w_005868,mem_005868,DE,sdd,organic,active,2025-06-03 09:27:41
w_005869,mem_005869,AT,sdd,paid_social,active,2025-08-03 21:15:09
w_005870,mem_005870,IT,sdd,paid_social,active,2025-12-22 09:42:58
w_005871,mem_005871,AT,card,paid_social,churned,2025-01-08 01:20:11
w_005872,mem_005872,DE,sdd,organic,active,2025-05-05 08:28:53
w_005873,mem_005873,DE,sdd,paid_social,active,2025-02-10 20:31:27
w_005874,mem_005874,AT,card,partner,churned,2025-12-04 09:59:03
w_005875,mem_005875,SI,card,paid_social,active,2025-11-27 01:58:39
w_005876,mem_005876,AT,sdd,paid_social,active,2025-10-30 04:34:45
w_005877,mem_005877,SI,sdd,referral,active,2025-06-19 01:52:44
w_005878,mem_005878,AT,card,partner,active,2025-08-03 13:12:11
w_005879,mem_005879,AT,card,referral,active,2025-11-24 16:28:12
w_005880,mem_005880,DE,sdd,referral,active,2025-01-04 18:08:00
w_005881,mem_005881,AT,sdd,referral,active,2025-09-07 03:19:49
w_005882,mem_005882,DE,sdd,referral,active,2025-01-10 17:05:01
w_005883,mem_005883,DE,sdd,paid_social,active,2025-08-01 04:40:20
w_005884,mem_005884,AT,sdd,organic,active,2025-03-04 04:57:39
w_005885,mem_005885,DE,sdd,partner,active,2025-02-08 08:12:47
w_005886,mem_005886,DE,sdd,search,blocked,2025-10-17 08:57:13
w_005887,mem_005887,AT,sdd,partner,active,2025-02-02 09:43:42
w_005888,mem_005888,DE,card,organic,active,2025-11-05 14:49:09
w_005889,mem_005889,AT,sdd,organic,active,2025-05-05 05:17:54
w_005890,mem_005890,AT,card,organic,active,2025-06-21 19:41:08
w_005891,mem_005891,AT,card,organic,churned,2025-07-07 16:56:17
w_005892,,AT,sdd,search,active,2025-09-19 15:25:24
w_005893,mem_005893,AT,sdd,paid_social,active,2025-01-24 13:17:10
w_005894,mem_005894,DE,sdd,organic,active,2025-07-14 21:07:13
w_005895,mem_005895,DE,sdd,search,active,2025-10-31 13:41:03
w_005896,mem_005896,AT,sdd,organic,active,2025-08-06 03:29:34
w_005897,mem_005897,DE,sdd,referral,active,2025-04-25 05:21:14
w_005898,mem_005898,DE,sdd,referral,churned,2025-01-04 00:30:03
w_005899,mem_005899,DE,card,organic,active,2025-06-21 22:10:41
w_005900,mem_005900,AT,sdd,search,active,2025-09-25 19:34:56
w_005901,mem_005901,DE,sdd,paid_social,active,2025-01-25 13:10:06
w_005902,,AT,sdd,organic,active,2025-01-13 01:15:31
w_005903,mem_005903,DE,card,organic,active,2025-06-05 19:43:56
w_005904,mem_005904,DE,card,organic,active,2025-07-04 07:45:59
w_005905,mem_005905,DE,card,paid_social,active,2025-05-17 13:33:25
w_005906,mem_005906,CH,card,organic,active,2025-03-17 19:47:35
w_005907,mem_005907,AT,card,paid_social,active,2025-01-22 18:03:19
w_005908,mem_005908,DE,sdd,organic,active,2025-02-01 03:59:01
w_005909,mem_005909,IT,card,organic,active,2025-02-18 06:31:56
w_005910,mem_005910,DE,sdd,organic,active,2025-06-08 00:20:38
w_005911,mem_005911,AT,sdd,paid_social,active,2025-12-01 04:33:01
w_005912,mem_005912,DE,sdd,partner,active,2025-08-09 16:25:14
w_005913,mem_005913,IT,sdd,organic,active,2025-07-07 15:28:47
w_005914,mem_005914,SI,card,organic,active,2025-03-21 20:39:49
w_005915,mem_005915,DE,sdd,organic,active,2025-07-16 01:05:30
w_005916,,DE,card,organic,churned,2025-02-27 18:37:20
w_005917,mem_005917,IT,sdd,paid_social,active,2025-04-14 23:49:31
w_005918,mem_005918,DE,card,organic,churned,2025-03-09 19:52:16
w_005919,mem_005919,CH,card,organic,active,2025-09-02 03:10:06
w_005920,mem_005920,DE,card,paid_social,blocked,2025-12-16 23:14:55
w_005921,mem_005921,DE,card,organic,active,2025-06-14 13:03:29
w_005922,mem_005922,AT,card,organic,active,2025-04-22 01:41:29
w_005923,mem_005923,AT,sdd,organic,active,2025-10-22 16:29:20
w_005924,mem_005924,DE,card,organic,active,2025-10-12 16:27:11
w_005925,mem_005925,AT,sdd,organic,churned,2025-04-07 16:10:50
w_005926,mem_005926,AT,sdd,paid_social,active,2025-01-02 03:42:36
w_005927,mem_005927,AT,card,organic,active,2025-04-06 11:25:29
w_005928,mem_005928,DE,sdd,,active,2025-06-04 16:57:42
w_005929,mem_005929,IT,card,organic,active,2025-06-11 09:41:40
w_005930,mem_005930,AT,sdd,paid_social,active,2025-03-26 07:58:41
w_005931,mem_005931,DE,sdd,organic,churned,2025-10-06 07:12:45
w_005932,mem_005932,AT,sdd,partner,active,2025-04-23 19:34:03
w_005933,mem_005933,DE,sdd,search,active,2025-04-13 21:45:41
w_005934,mem_005934,AT,card,search,active,2025-02-01 11:28:16
w_005935,mem_005935,AT,sdd,organic,active,2025-05-28 00:29:07
w_005936,mem_005936,DE,sdd,organic,active,2025-12-20 08:25:00
w_005937,mem_005937,IT,card,organic,active,2025-05-31 10:47:05
w_005938,mem_005938,DE,card,paid_social,active,2025-06-21 05:44:18
w_005939,mem_005939,IT,sdd,search,active,2025-07-12 13:35:10
w_005940,mem_005940,AT,card,referral,active,2025-01-24 18:00:31
w_005941,mem_005941,DE,card,partner,active,2025-11-06 11:59:44
w_005942,mem_005942,DE,card,organic,active,2025-12-15 15:01:44
w_005943,mem_005943,AT,sdd,organic,churned,2025-05-06 22:31:33
w_005944,mem_005944,AT,sdd,referral,churned,2025-06-07 02:13:53
w_005945,mem_005945,AT,card,,churned,2025-11-17 17:52:24
w_005946,,DE,sdd,search,active,2025-09-04 21:03:12
w_005947,mem_005947,AT,card,referral,active,2025-08-18 06:20:56
w_005948,mem_005948,DE,card,organic,churned,2025-04-05 02:49:27
w_005949,mem_005949,DE,card,referral,active,2025-11-30 07:56:34
w_005950,mem_005950,IT,sdd,organic,active,2025-05-30 19:31:13
w_005951,,AT,sdd,search,active,2025-08-14 18:11:10
w_005952,mem_005952,CH,card,organic,active,2025-03-16 04:20:59
w_005953,mem_005953,DE,sdd,,churned,2025-07-06 15:29:45
w_005954,mem_005954,AT,card,organic,active,2025-12-01 00:15:43
w_005955,mem_005955,DE,sdd,organic,active,2025-06-01 21:24:57
w_005956,mem_005956,DE,card,search,active,2025-01-15 05:56:27
w_005957,mem_005957,AT,sdd,organic,active,2025-10-20 05:21:41
w_005958,mem_005958,AT,sdd,organic,active,2025-01-27 04:40:07
w_005959,mem_005959,AT,card,partner,active,2025-07-04 17:42:41
w_005960,mem_005960,AT,sdd,partner,active,2025-01-27 07:17:11
w_005961,mem_005961,DE,sdd,organic,active,2025-05-06 01:47:33
w_005962,mem_005962,DE,sdd,search,active,2025-07-02 17:43:54
w_005963,mem_005963,AT,sdd,paid_social,active,2025-07-15 16:09:26
w_005964,mem_005964,IT,sdd,paid_social,active,2025-09-14 08:22:02
w_005965,mem_005965,AT,sdd,organic,active,2025-01-07 03:54:37
w_005966,mem_005966,AT,card,search,active,2025-04-16 20:45:46
w_005967,mem_005967,AT,card,search,churned,2025-03-31 06:41:15
w_005968,mem_005968,DE,sdd,referral,active,2025-12-06 15:36:28
w_005969,mem_005969,DE,sdd,organic,active,2025-05-29 18:26:30
w_005970,mem_005970,CH,sdd,organic,active,2025-07-01 18:06:13
w_005971,mem_005971,AT,sdd,referral,active,2025-03-08 13:41:10
w_005972,mem_005972,CH,sdd,search,active,2025-05-28 10:57:48
w_005973,mem_005973,AT,sdd,,active,2025-02-20 17:47:59
w_005974,mem_005974,AT,sdd,search,active,2025-08-24 13:23:49
w_005975,mem_005975,DE,card,organic,active,2025-09-06 21:42:43
w_005976,mem_005976,CH,card,search,blocked,2025-11-16 14:30:49
w_005977,mem_005977,IT,sdd,search,active,2025-05-06 08:11:25
w_005978,mem_005978,DE,sdd,organic,active,2025-11-07 06:18:48
w_005979,mem_005979,IT,sdd,search,active,2025-05-09 12:45:00
w_005980,mem_005980,DE,sdd,organic,active,2025-11-25 10:30:50
w_005981,mem_005981,DE,sdd,organic,active,2025-03-03 06:47:17
w_005982,mem_005982,AT,sdd,search,churned,2025-09-24 06:44:39
w_005983,mem_005983,DE,card,referral,active,2025-06-04 08:06:56
w_005984,,DE,sdd,paid_social,active,2025-02-25 05:29:07
w_005985,mem_005985,AT,card,partner,active,2025-01-23 20:31:17
w_005986,mem_005986,AT,card,organic,active,2025-04-20 20:31:32
w_005987,mem_005987,SI,card,referral,active,2025-09-27 19:20:39
w_005988,mem_005988,AT,sdd,organic,active,2025-07-07 05:15:31
w_005989,mem_005989,AT,sdd,paid_social,active,2025-02-20 19:31:35
w_005990,mem_005990,AT,sdd,organic,active,2025-01-09 16:59:17
w_005991,mem_005991,DE,sdd,referral,active,2025-08-21 13:23:28
w_005992,mem_005992,IT,card,referral,active,2025-12-17 06:38:05
w_005993,mem_005993,DE,sdd,search,active,2025-01-16 22:46:14
w_005994,mem_005994,AT,card,search,churned,2025-11-09 18:52:14
w_005995,,AT,sdd,referral,active,2025-03-31 20:52:15
w_005996,mem_005996,DE,card,referral,active,2025-04-08 00:18:51
w_005997,mem_005997,AT,card,paid_social,active,2025-09-02 20:19:26
w_005998,mem_005998,AT,sdd,paid_social,churned,2025-10-11 22:55:00
w_005999,mem_005999,DE,sdd,paid_social,churned,2025-10-09 12:14:57
w_006000,mem_006000,SI,sdd,paid_social,active,2025-04-04 06:31:44
